Snapshot_Date,Team,Player,Status,Chance_Of_Playing_Next_Round,News,Minutes_This_Season,Now_Cost,Is_Key_Player
2026-09-04,Arsenal,David Raya Martín,a,,,180,60,True
2026-09-04,Arsenal,Kepa Arrizabalaga Revuelta,a,,,0,50,False
2026-09-04,Arsenal,Illan Meslier,a,,,0,50,False
2026-09-04,Arsenal,Gabriel dos Santos Magalhães,a,,,180,80,True
2026-09-04,Arsenal,Jurriën Timber,d,25.0,Groin injury - 25% chance of playing,0,65,False
2026-09-04,Arsenal,William Saliba,i,0.0,Back injury - Unknown return date,0,60,False
2026-09-04,Arsenal,Myles Lewis-Skelly,a,,,160,55,True
2026-09-04,Arsenal,Riccardo Calafiori,a,,,170,57,True
2026-09-04,Arsenal,Piero Hincapié,a,,,9,54,False
2026-09-04,Arsenal,Benjamin White,a,100.0,,180,55,True
2026-09-04,Arsenal,Cristhian Mosquera,d,75.0,Unspecified injury - 75% chance of playing,168,55,True
2026-09-04,Arsenal,Bukayo Saka,a,,,157,95,True
2026-09-04,Arsenal,Declan Rice,a,,,151,75,True
2026-09-04,Arsenal,Eberechi Eze,a,,,59,64,False
2026-09-04,Arsenal,Martin Ødegaard,a,,,145,66,True
2026-09-04,Arsenal,Noni Madueke,a,,,22,63,False
2026-09-04,Arsenal,Mikel Merino Zazón,a,,,33,59,False
2026-09-04,Arsenal,Gabriel Martinelli Silva,u,0.0,Has joined Al Hilal permanently,0,63,False
2026-09-04,Arsenal,Martín Zubimendi Ibáñez,a,,,27,54,False
2026-09-04,Arsenal,Max Dowman,a,,,0,54,False
2026-09-04,Arsenal,Ethan Nwaneri,u,0.0,Has joined Borussia Dortmund on loan for the rest of the season,0,54,False
2026-09-04,Arsenal,Fábio Ferreira Vieira,u,0.0,Has joined Hamburger SV permanently,0,55,False
2026-09-04,Arsenal,Reiss Nelson,u,0.0,has departed the club as a free agent.,0,55,False
2026-09-04,Arsenal,Viktor Gyökeres,a,,,0,73,False
2026-09-04,Arsenal,Kai Havertz,a,,,180,75,True
2026-09-04,Arsenal,Gabriel Fernando de Jesus,u,0.0,Has joined FC Barcelona permanently,0,59,False
2026-09-04,Arsenal,Ezri Konsa Ngoyo,a,,,11,44,False
2026-09-04,Arsenal,Bruno Guimarães Rodriguez Moura,d,75.0,Knock - 75% chance of playing,19,68,False
2026-09-04,Arsenal,Christos Tzolis,a,,,120,65,True
2026-09-04,Aston Villa,Marco Bizot,a,,,90,45,False
2026-09-04,Aston Villa,Lucas Digne,u,0.0,Has joined Paris Saint-Germain permanently,0,45,False
2026-09-04,Aston Villa,Matty Cash,a,,,167,45,True
2026-09-04,Aston Villa,Tyrone Mings,a,,,16,45,False
2026-09-04,Aston Villa,Pau Torres,a,,,163,45,True
2026-09-04,Aston Villa,Lamare Bogarde,a,,,16,50,False
2026-09-04,Aston Villa,Ian Maatsen,a,,,171,45,True
2026-09-04,Aston Villa,Victor Lindelöf,a,,,180,45,True
2026-09-04,Aston Villa,Andrés García,a,,,0,40,False
2026-09-04,Aston Villa,Kosta Nedeljkovic,u,0.0,Has joined Rangers on loan for the rest of the season,0,40,False
2026-09-04,Aston Villa,Emiliano Buendía Stati,a,,,175,60,True
2026-09-04,Aston Villa,Leon Bailey,u,0.0,Has joined Olympiakos permanently,0,54,False
2026-09-04,Aston Villa,John McGinn,a,,,171,54,True
2026-09-04,Aston Villa,Ross Barkley,a,,,150,50,True
2026-09-04,Aston Villa,Boubacar Kamara,a,100.0,,180,50,True
2026-09-04,Aston Villa,Amadou Onana,i,0.0,Knee injury - Unknown return date,0,50,False
2026-09-04,Aston Villa,Samuel Iling-Junior,u,0.0,Has joined Bolton Wanderers on loan for the rest of the season,0,50,False
2026-09-04,Aston Villa,Bradley Burrowes,a,,,0,45,False
2026-09-04,Aston Villa,George Hemmings,a,,,160,45,True
2026-09-04,Aston Villa,Alysson Edward Franco da Rocha dos Santos,a,,,27,50,False
2026-09-04,Aston Villa,Johan Manzambi,i,0.0,Knee injury - Expected back 12 Sep,0,59,False
2026-09-04,Aston Villa,Joao Gomes,s,0.0,Suspended until 19 Sep,39,55,False
2026-09-04,Aston Villa,Ollie Watkins,u,0.0,Has joined Al Hilal permanently,0,78,False
2026-09-04,Aston Villa,Tammy Abraham,a,100.0,,19,55,False
2026-09-04,Aston Villa,Alejandro Garnacho Ferreyra,a,,,16,59,False
2026-09-04,Aston Villa,Nicolas Jackson,a,,,70,65,False
2026-09-04,Aston Villa,Brian Madjo,i,0.0,Unspecified injury - Unknown return date,0,55,False
2026-09-04,Aston Villa,Matteo Ruggeri,a,,,8,45,False
2026-09-04,Aston Villa,Zion Suzuki,a,,,90,50,False
2026-09-04,Aston Villa,Triston Rowe,a,,,0,40,False
2026-09-04,Aston Villa,Luka Lynch,u,0.0,Has joined Oxford United on loan until January,0,45,False
2026-09-04,Aston Villa,Aaron Wan-Bissaka,a,,,12,45,False
2026-09-04,Aston Villa,Leon Goretzka,a,,,0,60,False
2026-09-04,Aston Villa,Taylor Harwood-Bellis,a,,,0,45,False
2026-09-04,Aston Villa,Ibrahim Mbaye,a,,,0,60,False
2026-09-04,Bournemouth,Đorđe Petrović,a,,,180,45,True
2026-09-04,Bournemouth,Fraser Forster,a,,,0,40,False
2026-09-04,Bournemouth,Will Dennis,u,0.0,Has joined MK Dons permanently,0,40,False
2026-09-04,Bournemouth,James Hill,a,,,180,55,True
2026-09-04,Bournemouth,Adrien Truffert,a,,,180,55,True
2026-09-04,Bournemouth,Bafodé Diakité,a,,,0,50,False
2026-09-04,Bournemouth,Veljko Milosavljevic,i,0.0,Unspecified injury - Unknown return date,0,50,False
2026-09-04,Bournemouth,Adam Smith,a,,,180,45,True
2026-09-04,Bournemouth,Julián Araujo Zúñiga,i,0.0,Thigh injury - Unknown return date,0,45,False
2026-09-04,Bournemouth,Julio Soler Barreto,a,100.0,,0,40,False
2026-09-04,Bournemouth,Rayan Vitor Simplício Rocha,a,,,178,65,True
2026-09-04,Bournemouth,Marcus Tavernier,a,,,180,60,True
2026-09-04,Bournemouth,Alex Scott,a,,,176,60,True
2026-09-04,Bournemouth,Justin Kluivert,a,,,154,60,True
2026-09-04,Bournemouth,Lewis Cook,a,,,143,50,True
2026-09-04,Bournemouth,Ben Gannon-Doak,a,,,1,50,False
2026-09-04,Bournemouth,Tyler Adams,a,100.0,,36,50,False
2026-09-04,Bournemouth,David Brooks,a,100.0,,9,50,False
2026-09-04,Bournemouth,Ryan Christie,a,100.0,,3,50,False
2026-09-04,Bournemouth,Alex Tóth,a,,,15,50,False
2026-09-04,Bournemouth,Amine Adli,i,0.0,Unspecified injury - Unknown return date,0,49,False
2026-09-04,Bournemouth,Junior Kroupi,i,0.0,Foot injury - Unknown return date,0,74,False
2026-09-04,Bournemouth,Francisco Evanilson de Lima Barbosa,a,,,154,60,True
2026-09-04,Bournemouth,Enes Ünal,u,0.0,Has joined Getafe permanently,0,55,False
2026-09-04,Bournemouth,Álvaro Rodríguez,a,100.0,,9,60,False
2026-09-04,Bournemouth,António João Pereira de Albuquerque Tavares da Silva,a,,,180,50,True
2026-09-04,Bournemouth,Juanlu Sánchez,a,,,0,45,False
2026-09-04,Bournemouth,Daniel Jebbison,a,,,15,50,False
2026-09-04,Bournemouth,Michele Di Gregorio,a,,,0,45,False
2026-09-04,Brentford,Caoimhín Kelleher,a,,,180,50,True
2026-09-04,Brentford,Hákon Rafn Valdimarsson,a,,,0,45,False
2026-09-04,Brentford,Nathan Collins,a,,,180,55,True
2026-09-04,Brentford,Sepp van den Berg,i,0.0,Groin injury - Unknown return date,0,49,False
2026-09-04,Brentford,Keane Lewis-Potter,a,,,177,55,True
2026-09-04,Brentford,Kristoffer Ajer,a,,,180,45,True
2026-09-04,Brentford,Michael Kayode,a,,,162,46,True
2026-09-04,Brentford,Rico Henry,a,,,2,45,False
2026-09-04,Brentford,Aaron Hickey,a,,,16,45,False
2026-09-04,Brentford,Kim Ji-soo,a,,,0,45,False
2026-09-04,Brentford,Jannik Schuster,a,,,0,45,False
2026-09-04,Brentford,Kevin Schade,a,,,177,60,True
2026-09-04,Brentford,Dango Ouattara,a,,,95,65,False
2026-09-04,Brentford,Mikkel Damsgaard,a,,,82,55,False
2026-09-04,Brentford,Mathias Jensen,i,0.0,Unspecified injury - Expected back 18 Sep,66,55,False
2026-09-04,Brentford,Vitaly Janelt,a,,,180,50,True
2026-09-04,Brentford,Antoni Milambo,i,0.0,Knee injury - Unknown return date,0,50,False
2026-09-04,Brentford,Fábio Freitas Gouveia Carvalho,a,100.0,,0,50,False
2026-09-04,Brentford,Yehor Yarmoliuk,a,,,44,49,False
2026-09-04,Brentford,Josh Dasilva,i,0.0,Hamstring injury - Expected back 10 Oct,0,50,False
2026-09-04,Brentford,Jaidon Anthony,a,,,83,60,False
2026-09-04,Brentford,Igor Thiago Nascimento Rodrigues,a,,,172,80,True
2026-09-04,Brentford,Kaye Furo,a,,,0,45,False
2026-09-04,Brentford,Callum Wilson,a,,,9,55,False
2026-09-04,Brentford,Mamadou Sangaré,a,,,165,57,True
2026-09-04,Brentford,El Hadji Malick Diouf,a,,,0,45,False
2026-09-04,Brighton,Bart Verbruggen,a,,,180,45,True
2026-09-04,Brighton,Jason Steele,a,,,0,40,False
2026-09-04,Brighton,Ferdi Kadıoğlu,a,100.0,,90,44,False
2026-09-04,Brighton,Olivier Boscagli,a,,,180,45,True
2026-09-04,Brighton,Maxim De Cuyper,a,,,167,47,True
2026-09-04,Brighton,Lewis Dunk,a,,,180,45,True
2026-09-04,Brighton,Diego Coppola,a,,,0,45,False
2026-09-04,Brighton,Igor Julio dos Santos de Paulo,u,0.0,Has joined Burnley permanently,0,45,False
2026-09-04,Brighton,João Pedro Loureiro da Costa,a,,,36,45,False
2026-09-04,Brighton,Michael Svoboda,a,,,0,50,False
2026-09-04,Brighton,Mitoma Kaoru,i,0.0,Hamstring injury - Unknown return date,0,60,False
2026-09-04,Brighton,Yankuba Minteh,i,0.0,Leg injury - Expected back 28 Nov,0,59,False
2026-09-04,Brighton,Jack Hinshelwood,d,50.0,Unspecified injury - 50% chance of playing,63,60,False
2026-09-04,Brighton,Pascal Groß,a,,,180,55,True
2026-09-04,Brighton,Georginio Rutter,d,75.0,Unspecified injury - 75% chance of playing,90,55,False
2026-09-04,Brighton,Matt O'Riley,a,,,0,55,False
2026-09-04,Brighton,Diego Gómez Amarilla,a,,,175,50,True
2026-09-04,Brighton,Facundo Buonanotte,u,0.0,Has joined Elche on loan for the rest of the season,0,50,False
2026-09-04,Brighton,Yasin Ayari,d,75.0,Ankle injury - 75% chance of playing,63,54,False
2026-09-04,Brighton,Mats Wieffer,i,0.0,Knee injury - Unknown return date,156,50,True
2026-09-04,Brighton,Harry Howell,u,0.0,Has joined Leicester City on loan for the rest of the season,0,45,False
2026-09-04,Brighton,Tom Watson,u,0.0,Has joined Leicester City on loan for the rest of the season,0,50,False
2026-09-04,Brighton,Nehemiah Oriola,a,,,0,45,False
2026-09-04,Brighton,Zadok Yohanna,a,,,12,50,False
2026-09-04,Brighton,Stefanos Tzimas,i,0.0,Knee injury - Unknown return date,0,55,False
2026-09-04,Brighton,Charalampos Kostoulas,a,,,105,55,False
2026-09-04,Brighton,Evan Ferguson,i,0.0,Ankle injury - Expected back 10 Oct,0,50,False
2026-09-04,Brighton,Pascal Struijk,a,100.0,,0,50,False
2026-09-04,Brighton,Luka Vušković,a,,,180,50,True
2026-09-04,Brighton,Promise David,a,,,10,60,False
2026-09-04,Brighton,Ibrahim Osman,a,,,28,50,False
2026-09-04,Brighton,Malick Yalcouyé,a,,,77,45,False
2026-09-04,Brighton,Jaouen Hadjam,a,,,0,45,False
2026-09-04,Brighton,Amario Cozier-Duberry,u,0.0,Has joined Middlesbrough on loan for the rest of the season,0,50,False
2026-09-04,Brighton,José María Andrés Baixauli,a,,,0,55,False
2026-09-04,Brighton,Femi Azeez,i,0.0,Unspecified injury - Expected back 13 Sep,0,55,False
2026-09-04,Chelsea,Emiliano Martínez Romero,a,,,90,50,False
2026-09-04,Chelsea,Morgan Rogers,a,,,171,75,True
2026-09-04,Chelsea,Jordan Henderson,d,75.0,Wrist injury - 75% chance of playing,0,50,False
2026-09-04,Chelsea,Danny Welbeck,a,100.0,,0,59,False
2026-09-04,Chelsea,Robert Lynch Sánchez,u,0.0,Has joined Como on loan for the rest of the season,90,49,False
2026-09-04,Chelsea,Filip Jörgensen,u,0.0,Has joined RC Strasbourg on loan for the rest of the season,0,50,False
2026-09-04,Chelsea,Reece James,a,,,112,55,True
2026-09-04,Chelsea,Trevoh Chalobah,u,0.0,Has joined Como permanently,0,55,False
2026-09-04,Chelsea,Malo Gusto,a,,,165,50,True
2026-09-04,Chelsea,Wesley Fofana,a,100.0,,67,50,False
2026-09-04,Chelsea,Benoît Badiashile Mukinayi,u,0.0,Has joined Napoli on loan for the rest of the season,0,45,False
2026-09-04,Chelsea,Jorrel Hato,a,,,154,45,True
2026-09-04,Chelsea,Levi Samuels Colwill,a,,,161,50,True
2026-09-04,Chelsea,Mamadou Sarr,u,0.0,Has joined Real Sociedad on loan for the rest of the season,0,45,False
2026-09-04,Chelsea,Josh Acheampong,a,,,112,45,True
2026-09-04,Chelsea,Marco Palestra,d,75.0,Unspecified injury - 75% chance of playing,0,54,False
2026-09-04,Chelsea,Cole Palmer,a,100.0,,172,96,True
2026-09-04,Chelsea,Pedro Lomba Neto,a,,,81,65,False
2026-09-04,Chelsea,Estêvão Almeida de Oliveira Gonçalves,a,,,7,64,False
2026-09-04,Chelsea,Jamie Bynoe-Gittens,a,,,0,59,False
2026-09-04,Chelsea,Moisés Caicedo Corozo,d,75.0,Unspecified injury - 75% chance of playing,13,54,False
2026-09-04,Chelsea,Roméo Lavia,a,,,131,50,True
2026-09-04,Chelsea,Dário Luís Essugo,u,0.0,Has joined RC Strasbourg on loan for the rest of the season,0,45,False
2026-09-04,Chelsea,Geovany Quenda,a,100.0,,8,54,False
2026-09-04,Chelsea,João Pedro Junqueira de Jesus,a,,,180,77,True
2026-09-04,Chelsea,Marc Guiu Paz,u,0.0,Has joined RB Leipzig permanently,0,50,False
2026-09-04,Chelsea,Shumaira Mheuka,a,,,0,45,False
2026-09-04,Chelsea,Emmanuel Emegha,a,100.0,,0,50,False
2026-09-04,Chelsea,Maxence Lacroix,a,,,180,60,True
2026-09-04,Chelsea,Mike Penders,a,,,0,45,False
2026-09-04,Chelsea,Aaron Anselmino,a,100.0,,0,45,False
2026-09-04,Chelsea,Valentín Barco,a,,,8,55,False
2026-09-04,Chelsea,Pep Chavarría,a,,,43,50,False
2026-09-04,Coventry,Ethan Pinnock,a,,,12,45,False
2026-09-04,Coventry,Frank Onyeka,a,,,90,50,False
2026-09-04,Coventry,Carl Rushworth,a,,,180,45,True
2026-09-04,Coventry,Oliver Dovin,u,0.0,Has joined Leyton Orient on loan for the rest of the season,0,40,False
2026-09-04,Coventry,Ben Wilson,a,,,0,45,False
2026-09-04,Coventry,Bobby Thomas,a,,,167,40,True
2026-09-04,Coventry,Liam Kitching,u,0.0,Has joined Sheffield United on loan for the rest of the season,0,40,False
2026-09-04,Coventry,Milan van Ewijk,a,,,180,40,True
2026-09-04,Coventry,Jay Dasilva,a,,,180,40,True
2026-09-04,Coventry,Kaine Kesler-Hayden,i,0.0,Hamstring injury - Unknown return date,0,40,False
2026-09-04,Coventry,Jake Bidwell,a,,,0,40,False
2026-09-04,Coventry,Joel Latibeaudiere,a,,,0,40,False
2026-09-04,Coventry,Luke Woolfenden,i,0.0,Knee injury - Unknown return date,0,40,False
2026-09-04,Coventry,Miguel Brau,u,0.0,Has joined Academico de Viseu on loan for the rest of the season,0,40,False
2026-09-04,Coventry,Aurèle Amenda,a,,,180,40,True
2026-09-04,Coventry,Jack Rudoni,a,100.0,,90,50,False
2026-09-04,Coventry,Matt Grimes,a,,,180,50,True
2026-09-04,Coventry,Tatsuhiro Sakamoto,a,,,31,49,False
2026-09-04,Coventry,Ephron Mason-Clark,a,100.0,,57,54,False
2026-09-04,Coventry,Josh Eccles,a,,,0,49,False
2026-09-04,Coventry,Victor Torp,a,,,47,54,False
2026-09-04,Coventry,George Shepherd,a,,,0,45,False
2026-09-04,Coventry,Loum Tchaouna,a,,,139,55,True
2026-09-04,Coventry,Raphael Borges Rodrigues,u,0.0,Has joined Burton Albion on loan for the rest of the season,0,45,False
2026-09-04,Coventry,Kai Andrews,u,0.0,Has joined Oxford United on loan for the rest of the season,0,45,False
2026-09-04,Coventry,Haji Wright,i,0.0,Thigh injury - Unknown return date,0,54,False
2026-09-04,Coventry,Brandon Thomas-Asante,a,,,101,50,False
2026-09-04,Coventry,Ellis Simms,a,,,69,50,False
2026-09-04,Coventry,Jahnoah Markelo,u,0.0,Has joined Shabab Al-Ahli Dubai permanently,0,50,False
2026-09-04,Coventry,Norman Bassette,u,0.0,Has joined KVC Westerlo on loan for the rest of the season,0,45,False
2026-09-04,Coventry,Taiwo Awoniyi,a,,,110,55,False
2026-09-04,Coventry,Caleb Yirenkyi,a,,,131,50,True
2026-09-04,Coventry,Gustavo Hamer,a,,,27,55,False
2026-09-04,Coventry,Sidiki Cherif,a,,,0,50,False
2026-09-04,Coventry,Dan Bentley,a,,,0,40,False
2026-09-04,Crystal Palace,Evann Guessand,a,,,54,55,False
2026-09-04,Crystal Palace,Axel Disasi,a,,,16,45,False
2026-09-04,Crystal Palace,Dean Henderson,a,100.0,,180,50,True
2026-09-04,Crystal Palace,Walter Benítez,a,,,0,45,False
2026-09-04,Crystal Palace,Chris Richards,a,,,180,50,True
2026-09-04,Crystal Palace,Jaydee Canvot,a,,,180,49,True
2026-09-04,Crystal Palace,Tyrick Mitchell,a,,,180,45,True
2026-09-04,Crystal Palace,Borna Sosa,u,0.0,Has joined FC Cologne on loan for the rest of the season,0,45,False
2026-09-04,Crystal Palace,Chadi Riad Dnanou,i,0.0,Knee injury - Unknown return date,72,44,False
2026-09-04,Crystal Palace,Oscar Mingueza,a,,,15,44,False
2026-09-04,Crystal Palace,Ismaïla Sarr,i,0.0,Groin injury - Unknown return date,0,63,False
2026-09-04,Crystal Palace,Adam Wharton,a,100.0,,180,55,True
2026-09-04,Crystal Palace,Yéremy Pino Santos,a,,,102,55,False
2026-09-04,Crystal Palace,Will Hughes,a,,,0,45,False
2026-09-04,Crystal Palace,Jefferson Lerma Solís,a,,,0,49,False
2026-09-04,Crystal Palace,Daichi Kamada,a,,,180,50,True
2026-09-04,Crystal Palace,Justin Devenny,u,0.0,Has joined Stoke City permanently,0,50,False
2026-09-04,Crystal Palace,Romain Esse,u,0.0,Has joined Millwall on loan for the rest of the season,0,50,False
2026-09-04,Crystal Palace,Matheus França de Oliveira,a,,,0,49,False
2026-09-04,Crystal Palace,Cheick Doucouré,a,,,0,49,False
2026-09-04,Crystal Palace,Jesurun Rak-Sakyi,a,,,0,50,False
2026-09-04,Crystal Palace,Rio Cardines,u,0.0,Has joined Bristol City on loan for the rest of the season,0,45,False
2026-09-04,Crystal Palace,Joél Drakes-Thomas,a,,,0,45,False
2026-09-04,Crystal Palace,Jørgen Strand Larsen,a,,,89,60,False
2026-09-04,Crystal Palace,Jean-Philippe Mateta,i,0.0,Hamstring injury - Expected back 11 Oct,62,64,False
2026-09-04,Crystal Palace,Eddie Nketiah,a,,,122,55,True
2026-09-04,Crystal Palace,Christantus Uche,u,0.0,has returned to Getafe CF,0,50,False
2026-09-04,Crystal Palace,Dwight McNeil,a,,,84,55,False
2026-09-04,Crystal Palace,Remi Matthews,a,,,0,40,False
2026-09-04,Crystal Palace,Takehiro Tomiyasu,a,,,91,45,False
2026-09-04,Crystal Palace,Anan Khalaili,a,,,109,50,False
2026-09-04,Crystal Palace,Zavier Gozo,a,,,22,50,False
2026-09-04,Crystal Palace,Honest Ahanor,a,,,0,45,False
2026-09-04,Crystal Palace,Ben Chilwell,a,,,0,45,False
2026-09-04,Crystal Palace,Quinten Timber,a,,,0,50,False
2026-09-04,Crystal Palace,Darío Osorio,a,,,0,55,False
2026-09-04,Everton,Christian Nørgaard,i,0.0,Groin injury - Unknown return date,0,49,False
2026-09-04,Everton,Brennan Johnson,a,,,34,59,False
2026-09-04,Everton,Jordan Pickford,a,,,180,55,True
2026-09-04,Everton,Mark Travers,a,,,0,50,False
2026-09-04,Everton,Tom King,a,,,0,45,False
2026-09-04,Everton,James Tarkowski,a,,,180,60,True
2026-09-04,Everton,Jarrad Branthwaite,a,,,180,55,True
2026-09-04,Everton,Michael Keane,a,,,0,49,False
2026-09-04,Everton,Jake O'Brien,a,,,0,49,False
2026-09-04,Everton,Vitalii Mykolenko,a,,,180,45,True
2026-09-04,Everton,Nathan Patterson,u,0.0,Has joined Torino permanently,0,45,False
2026-09-04,Everton,Adam Aznou,u,0.0,Has joined Malaga on loan for the rest of the season,0,40,False
2026-09-04,Everton,Kiernan Dewsbury-Hall,a,,,180,65,True
2026-09-04,Everton,Jack Grealish,a,100.0,,8,65,False
2026-09-04,Everton,James Garner,a,100.0,,72,60,False
2026-09-04,Everton,Tyrique George,a,,,144,55,True
2026-09-04,Everton,Carlos Alcaraz Durán,a,,,5,50,False
2026-09-04,Everton,Harrison Armstrong,a,,,176,50,True
2026-09-04,Everton,Tyler Dibling,a,,,0,54,False
2026-09-04,Everton,Merlin Röhl,a,,,175,50,True
2026-09-04,Everton,Hayden Hackney,a,100.0,,106,55,False
2026-09-04,Everton,Norberto Bercique Gomes Betuncal,u,0.0,Has joined Fiorentina permanently,31,54,False
2026-09-04,Everton,Thierno Barry,a,,,147,55,True
2026-09-04,Everton,Ainsley Maitland-Niles,a,,,0,45,False
2026-09-04,Fulham,Bernd Leno,a,,,180,45,True
2026-09-04,Fulham,Benjamin Lecomte,a,,,0,40,False
2026-09-04,Fulham,Alfie McNally,u,0.0,Has joined York City on loan for the rest of the season,0,40,False
2026-09-04,Fulham,Joachim Andersen,a,100.0,,90,50,False
2026-09-04,Fulham,Antonee Robinson,a,,,171,45,True
2026-09-04,Fulham,Jorge Cuenca Barreno,a,,,90,45,False
2026-09-04,Fulham,Kenny Tete,a,,,0,45,False
2026-09-04,Fulham,Calvin Bassey,a,,,180,45,True
2026-09-04,Fulham,Timothy Castagne,a,,,157,45,True
2026-09-04,Fulham,Alex Iwobi,a,,,180,55,True
2026-09-04,Fulham,Emile Smith Rowe,a,,,14,55,False
2026-09-04,Fulham,Kevin Santos Lopes de Macedo,a,,,24,54,False
2026-09-04,Fulham,Oscar Bobb,a,,,133,55,True
2026-09-04,Fulham,Sander Berge,a,,,154,50,True
2026-09-04,Fulham,Tom Cairney,i,0.0,Knee injury - Expected back 10 Oct,0,50,False
2026-09-04,Fulham,Josh King,a,,,180,55,True
2026-09-04,Fulham,Ryan Sessegnon,a,,,39,45,False
2026-09-04,Fulham,Harrison Reed,a,,,0,45,False
2026-09-04,Fulham,Rodrigo Muniz Carvalho,a,,,8,55,False
2026-09-04,Fulham,Jonah Kusi-Asare,a,,,0,45,False
2026-09-04,Fulham,Gonzalo García,a,,,180,60,True
2026-09-04,Fulham,César Palacios,a,,,147,55,True
2026-09-04,Fulham,Shea Charles,a,,,45,50,False
2026-09-04,Fulham,Luc De Fougerolles,d,75.0,Unspecified injury - 75% chance of playing,0,40,False
2026-09-04,Fulham,Macauley Zepa,a,,,0,45,False
2026-09-04,Fulham,Hugo Larsson,a,,,0,50,False
2026-09-04,Fulham,Manuel Ángel Morán Ibáñez,a,,,0,50,False
2026-09-04,Fulham,David Affengruber,a,,,0,45,False
2026-09-04,Hull,Tim Iroegbunam,a,100.0,,4,50,False
2026-09-04,Hull,Dillon Phillips,a,,,0,40,False
2026-09-04,Hull,Jack Butland,i,0.0,Arm injury - Unknown return date,0,45,False
2026-09-04,Hull,Harvey Cartwright,u,0.0,Has joined Grimsby Town on loan for the rest of the season,0,40,False
2026-09-04,Hull,Thimothée Lo-Tutala,u,0.0,Has joined Colchester United on loan for the rest of the season,0,40,False
2026-09-04,Hull,John Egan,a,,,180,40,True
2026-09-04,Hull,Charlie Hughes,i,0.0,Groin injury - Unknown return date,0,40,False
2026-09-04,Hull,Semi Ajayi,a,100.0,,153,41,True
2026-09-04,Hull,Lewie Coyle,d,75.0,Unspecified injury - 75% chance of playing,114,40,True
2026-09-04,Hull,Cody Drameh,u,0.0,Has joined Genoa permanently,65,40,False
2026-09-04,Hull,Ryan Giles,a,,,174,40,True
2026-09-04,Hull,Matty Jacob,u,0.0,Has joined Newport County on loan until January,0,40,False
2026-09-04,Hull,Cathal McCarthy,a,,,0,40,False
2026-09-04,Hull,Paddy McNair,a,,,26,40,False
2026-09-04,Hull,Mohamed Belloumi,a,,,172,50,True
2026-09-04,Hull,Liam Millar,u,0.0,Has joined Birmingham on loan for the rest of the season,50,50,False
2026-09-04,Hull,Kieran Dowell,a,,,0,45,False
2026-09-04,Hull,Matt Crooks,d,75.0,Thigh injury - 75% chance of playing,90,45,False
2026-09-04,Hull,Regan Slater,a,,,180,45,True
2026-09-04,Hull,Eliot Matazo,i,0.0,Knee injury - Unknown return date,0,45,False
2026-09-04,Hull,Abdülkadir Ömür,a,,,0,49,False
2026-09-04,Hull,Abu Kamara,u,0.0,Has joined Portsmouth permanently,0,50,False
2026-09-04,Hull,Óscar Zambrano,i,0.0,Thigh injury - Unknown return date,0,45,False
2026-09-04,Hull,Oli McBurnie,a,,,180,55,True
2026-09-04,Hull,David Akintola,a,,,0,50,False
2026-09-04,Hull,Darko Gyabi,i,0.0,Thigh injury - Unknown return date,0,45,False
2026-09-04,Hull,Enis Destan,u,0.0,Has joined Konyaspor permanently,0,45,False
2026-09-04,Hull,Mason Burstow,u,0.0,Has joined Sheffield Wednesday on loan for the rest of the season,0,45,False
2026-09-04,Hull,Joe Gelhardt,a,100.0,,0,50,False
2026-09-04,Hull,Matt Targett,a,,,5,40,False
2026-09-04,Hull,Hidemasa Morita,a,100.0,,45,50,False
2026-09-04,Hull,Konstantinos Tzolakis,a,,,180,46,True
2026-09-04,Hull,Jens Hjertø-Dahl,a,,,0,50,False
2026-09-04,Hull,Elliot Stroud,a,,,128,50,True
2026-09-04,Hull,Lucas Herrington,a,,,57,40,False
2026-09-04,Hull,Nobel Mendy,a,100.0,,121,40,True
2026-09-04,Hull,Lucas Gourna-Douath,a,,,45,50,False
2026-09-04,Hull,Mohamed-Ali Cho,a,,,7,50,False
2026-09-04,Hull,Ilyas Ansah,a,,,0,50,False
2026-09-04,Hull,Robinio Vaz,a,,,0,50,False
2026-09-04,Hull,Brooke Norton-Cuffy,a,,,0,40,False
2026-09-04,Hull,Sorba Thomas,a,,,0,55,False
2026-09-04,Hull,Christos Mouzakitis,a,,,0,50,False
2026-09-04,Ipswich,Issa Diop,a,,,224,40,True
2026-09-04,Ipswich,Saša Lukić,a,,,206,50,True
2026-09-04,Ipswich,Christian Walton,a,,,0,45,False
2026-09-04,Ipswich,Alex Palmer,a,,,0,40,False
2026-09-04,Ipswich,David Button,a,,,0,40,False
2026-09-04,Ipswich,Cédric Kipré,a,,,0,40,False
2026-09-04,Ipswich,Dara O'Shea,a,,,224,40,True
2026-09-04,Ipswich,Leif Davis,a,,,224,40,True
2026-09-04,Ipswich,Jacob Greaves,a,,,224,40,True
2026-09-04,Ipswich,Ben Johnson,u,0.0,Has joined Stoke City on loan for the rest of the season,0,40,False
2026-09-04,Ipswich,Darnell Furlong,a,,,17,40,False
2026-09-04,Ipswich,Marcelino Núñez,a,,,140,50,True
2026-09-04,Ipswich,Azor Matusiwa,i,0.0,Muscular injury - Unknown return date,0,50,False
2026-09-04,Ipswich,Wes Burns,u,0.0,Has joined Leicester City permanently,0,50,False
2026-09-04,Ipswich,Jack Taylor,i,0.0,Knee injury - Unknown return date,0,45,False
2026-09-04,Ipswich,Jack Clarke,a,,,19,55,False
2026-09-04,Ipswich,Chiedozie Ogbene,u,0.0,Has joined Lincoln City on loan until January,0,49,False
2026-09-04,Ipswich,Abdul Fatawu,a,,,191,55,True
2026-09-04,Ipswich,Emersonn Correia da Silva,a,100.0,,154,55,True
2026-09-04,Ipswich,George Hirst,u,0.0,Has joined Stoke City permanently,0,50,False
2026-09-04,Ipswich,Jaden Philogene,i,0.0,Ankle injury - Unknown return date,0,54,False
2026-09-04,Ipswich,Sam Szmodics,u,0.0,Has joined Derby County on loan for the rest of the season,0,50,False
2026-09-04,Ipswich,Chuba Akpom,a,,,69,50,False
2026-09-04,Ipswich,Sindre Walle Egeli,a,,,10,45,False
2026-09-04,Ipswich,Ali Al-Hamadi,u,0.0,Has joined Sheffield Wednesday on loan for the rest of the season,0,50,False
2026-09-04,Ipswich,Kasey McAteer,a,,,31,45,False
2026-09-04,Ipswich,Anis Mehmeti,a,,,0,49,False
2026-09-04,Ipswich,Kayne van Oevelen,u,0.0,Has joined Valencia on loan for the rest of the season,0,45,False
2026-09-04,Ipswich,Daizen Maeda,a,,,195,55,True
2026-09-04,Ipswich,Kjell Scherpen,a,,,224,45,True
2026-09-04,Ipswich,Florentino Ibrain Morris Luís,a,100.0,,0,49,False
2026-09-04,Ipswich,Julio Enciso,a,100.0,,204,55,True
2026-09-04,Ipswich,Abdoul Ouattara,a,,,27,40,False
2026-09-04,Ipswich,Cameron Humphreys,u,0.0,Has joined Huddersfield Town on loan for the rest of the season,0,45,False
2026-09-04,Ipswich,Exequiel Palacios,a,,,72,50,False
2026-09-04,Ipswich,Zian Flemming,a,,,0,55,False
2026-09-04,Leeds,Harry Wilson,a,,,110,64,False
2026-09-04,Leeds,Lucas Estella Perri,u,0.0,Has joined Torino on loan for the rest of the season,0,45,False
2026-09-04,Leeds,Jaka Bijol,a,,,135,50,True
2026-09-04,Leeds,Joe Rodon,i,0.0,Hamstring injury - Expected back 21 Nov,123,45,True
2026-09-04,Leeds,Jayden Bogle,a,,,157,45,True
2026-09-04,Leeds,Gabriel Gudmundsson,a,100.0,,0,45,False
2026-09-04,Leeds,James Justin,a,,,180,45,True
2026-09-04,Leeds,Sebastiaan Bornauw,u,0.0,Has joined Hamburg SV on loan for the rest of the season,0,45,False
2026-09-04,Leeds,Tarik Muharemović,a,,,180,50,True
2026-09-04,Leeds,Anton Stach,a,,,180,60,True
2026-09-04,Leeds,Noah Okafor,a,,,92,59,False
2026-09-04,Leeds,Brenden Aaronson,a,,,126,55,True
2026-09-04,Leeds,Ethan Ampadu,a,,,180,55,True
2026-09-04,Leeds,Sean Longstaff,a,,,8,50,False
2026-09-04,Leeds,Wilfried Gnonto,u,0.0,Has joined ACF Fiorentina on loan for the rest of the season,0,50,False
2026-09-04,Leeds,Jack Harrison,u,0.0,Has joined New England Revolution permanently,0,50,False
2026-09-04,Leeds,Daniel James,a,,,22,50,False
2026-09-04,Leeds,Ilia Gruev,d,25.0,Knee injury - 25% chance of playing,0,50,False
2026-09-04,Leeds,Tanaka Ao,a,,,45,49,False
2026-09-04,Leeds,Dominic Calvert-Lewin,a,,,180,60,True
2026-09-04,Leeds,Lukas Nmecha,a,,,21,55,False
2026-09-04,Leeds,Joël Piroe,u,0.0,Has joined West Ham United on loan for the rest of the season,0,50,False
2026-09-04,Leeds,Mateo Joseph Fernández-Regatillo,i,0.0,Knee injury - Unknown return date,0,45,False
2026-09-04,Leeds,James Trafford,a,,,180,50,True
2026-09-04,Leeds,Nico Elvedi,a,,,56,45,False
2026-09-04,Leeds,Jayden Lienou,a,,,0,40,False
2026-09-04,Leeds,Alfie Cresswell,a,,,0,45,False
2026-09-04,Leeds,Alex Cairns,a,,,0,40,False
2026-09-04,Leeds,Michael Zetterer,a,,,0,40,False
2026-09-04,Leeds,Melvin Bard,a,,,0,45,False
2026-09-04,Leeds,Jean-Mattéo Bahoya,a,,,0,50,False
2026-09-04,Liverpool,Alisson Becker,a,,,224,55,True
2026-09-04,Liverpool,Giorgi Mamardashvili,a,,,0,49,False
2026-09-04,Liverpool,Freddie Woodman,a,,,0,40,False
2026-09-04,Liverpool,Armin Pecsi,u,0.0,Has joined TSV Hartberg on loan for the rest of the season,0,40,False
2026-09-04,Liverpool,Vitezslav Jaros,i,0.0,Knee injury - Unknown return date,0,40,False
2026-09-04,Liverpool,Harvey Davies,a,,,0,40,False
2026-09-04,Liverpool,Virgil van Dijk,a,,,224,65,True
2026-09-04,Liverpool,Jeremie Frimpong,a,,,160,55,True
2026-09-04,Liverpool,Milos Kerkez,a,,,204,55,True
2026-09-04,Liverpool,Joe Gomez,i,0.0,Muscular injury - Unknown return date,0,50,False
2026-09-04,Liverpool,Conor Bradley,i,0.0,Knee injury - Unknown return date,0,50,False
2026-09-04,Liverpool,Wellity Lucky,a,,,0,40,False
2026-09-04,Liverpool,Jeremy Jacquet,a,100.0,,189,50,True
2026-09-04,Liverpool,Giovanni Leoni,i,0.0,Knee injury - Unknown return date,0,40,False
2026-09-04,Liverpool,Kostas Tsimikas,a,,,19,50,False
2026-09-04,Liverpool,Calvin Ramsay,u,0.0,Has joined St Mirren on loan for the rest of the season,0,40,False
2026-09-04,Liverpool,Florian Wirtz,a,,,196,75,True
2026-09-04,Liverpool,Cody Gakpo,a,,,204,71,True
2026-09-04,Liverpool,Dominik Szoboszlai,a,,,224,70,True
2026-09-04,Liverpool,Rio Ngumoha,a,,,81,59,False
2026-09-04,Liverpool,Federico Chiesa,i,0.0,Back injury - Unknown return date,0,54,False
2026-09-04,Liverpool,Ryan Gravenberch,a,,,96,60,False
2026-09-04,Liverpool,Alexis Mac Allister,a,,,147,55,True
2026-09-04,Liverpool,Curtis Jones,u,0.0,Has joined Internazionale permanently,0,55,False
2026-09-04,Liverpool,Endo Wataru,a,100.0,,0,50,False
2026-09-04,Liverpool,Trey Nyoni,a,,,13,50,False
2026-09-04,Liverpool,Stefan Bajčetić Maquieira,u,0.0,Has joined Celta Vigo permanently,0,50,False
2026-09-04,Liverpool,Victor Munoz,a,,,161,65,True
2026-09-04,Liverpool,James McConnell,a,,,0,45,False
2026-09-04,Liverpool,Alexander Isak,a,,,224,90,True
2026-09-04,Liverpool,Hugo Ekitiké,i,0.0,Achilles injury - Unknown return date,0,75,False
2026-09-04,Liverpool,Lewis Koumas,a,,,12,50,False
2026-09-04,Liverpool,Jayden Danns,a,100.0,,0,45,False
2026-09-04,Liverpool,Harvey Elliott,u,0.0,Has joined Valencia on loan for the rest of the season,0,54,False
2026-09-04,Liverpool,Ronald Araujo,a,,,77,54,False
2026-09-04,Liverpool,Bradley Barcola,a,,,0,80,False
2026-09-04,Man City,Enzo Fernández,a,,,25,69,False
2026-09-04,Man City,Iliman Ndiaye,a,,,180,60,True
2026-09-04,Man City,Gianluigi Donnarumma,a,,,180,55,True
2026-09-04,Man City,Marcus Bettinelli,a,,,0,45,False
2026-09-04,Man City,Nico O'Reilly,a,,,150,65,True
2026-09-04,Man City,Marc Guéhi,a,,,180,60,True
2026-09-04,Man City,Matheus Nunes,a,100.0,,33,59,False
2026-09-04,Man City,Rúben dos Santos Gato Alves Dias,a,,,180,55,True
2026-09-04,Man City,Joško Gvardiol,a,,,164,56,True
2026-09-04,Man City,Rayan Aït-Nouri,a,,,0,54,False
2026-09-04,Man City,Abdukodir Khusanov,a,,,178,55,True
2026-09-04,Man City,Max Alleyne,u,0.0,Has joined Burnley on loan for the rest of the season,0,50,False
2026-09-04,Man City,Rico Lewis,a,,,56,45,False
2026-09-04,Man City,Vitor de Oliveira Nunes dos Reis,a,,,1,45,False
2026-09-04,Man City,Antoine Semenyo,a,,,180,85,True
2026-09-04,Man City,Phil Foden,a,,,171,70,True
2026-09-04,Man City,Rayan Cherki,a,,,108,77,False
2026-09-04,Man City,Jérémy Doku,i,0.0,Calf injury - Expected back 5 Sep,0,74,False
2026-09-04,Man City,Rodrigo 'Rodri' Hernandez Cascante,u,0.0,Has joined Barcelona permanently,0,65,False
2026-09-04,Man City,Tijjani Reijnders,u,0.0,Has joined Al Qadsiah permanently,0,60,False
2026-09-04,Man City,Mateo Kovačić,a,,,42,55,False
2026-09-04,Man City,Claudio Echeverri,u,0.0,Has joined Benfica on loan for the rest of the season,0,49,False
2026-09-04,Man City,Kalvin Phillips,u,0.0,Has joined Sheffield United on loan for the rest of the season,0,50,False
2026-09-04,Man City,Divine Mukasa,u,0.0,has joined West Ham on loan for the rest of the seaon.,0,45,False
2026-09-04,Man City,Jeremy Monga,u,0.0,Has joined Swansea City on loan for the rest of the season,0,49,False
2026-09-04,Man City,Erling Haaland,a,,,180,155,True
2026-09-04,Man City,Elliot Anderson,a,100.0,,143,64,True
2026-09-04,Man City,Gerónimo Rulli,a,,,0,50,False
2026-09-04,Man City,Ayyoub Bouaddi,a,,,8,55,False
2026-09-04,Man City,Ryan McAidoo,a,,,8,45,False
2026-09-04,Man City,Kaden Braithwaite,a,,,1,40,False
2026-09-04,Man City,Allan Andrade Elias,a,,,0,60,False
2026-09-04,Man United,Youri Tielemans,a,100.0,,156,59,True
2026-09-04,Man United,Carlos Baleba,i,0.0,Ankle injury - Expected back 19 Sep,0,50,False
2026-09-04,Man United,Andrey Nascimento dos Santos,a,,,76,49,False
2026-09-04,Man United,Karl Darlow,a,100.0,,0,45,False
2026-09-04,Man United,Senne Lammens,a,,,180,50,True
2026-09-04,Man United,Altay Bayındır,u,0.0,Has joined Celta Vigo on loan for the rest of the season,0,45,False
2026-09-04,Man United,Tom Heaton,i,0.0,Hamstring injury - Unknown return date,0,40,False
2026-09-04,Man United,Patrick Dorgu,a,,,55,59,False
2026-09-04,Man United,Matthijs de Ligt,i,0.0,Back injury - Unknown return date,0,50,False
2026-09-04,Man United,Diogo Dalot Teixeira,a,,,83,50,False
2026-09-04,Man United,Harry Maguire,a,,,180,50,True
2026-09-04,Man United,Lisandro Martínez,a,100.0,,90,50,False
2026-09-04,Man United,Leny Yoro,a,,,16,49,False
2026-09-04,Man United,Ayden Heaven,a,,,90,45,False
2026-09-04,Man United,Noussair Mazraoui,a,,,96,45,False
2026-09-04,Man United,Luke Shaw,a,,,162,45,True
2026-09-04,Man United,Harry Amass,a,,,0,40,False
2026-09-04,Man United,Tyler Fredricson,u,0.0,Has joined Lausanne-Sport permanently,0,40,False
2026-09-04,Man United,Bruno Borges Fernandes,a,,,180,120,True
2026-09-04,Man United,Bryan Mbeumo,a,,,180,80,True
2026-09-04,Man United,Matheus Santos Carneiro da Cunha,a,,,158,80,True
2026-09-04,Man United,Marcus Rashford,a,,,124,70,True
2026-09-04,Man United,Mason Mount,d,75.0,Foot injury - 75% chance of playing,0,54,False
2026-09-04,Man United,Amad Diallo,i,0.0,Unspecified injury - Unknown return date,0,58,False
2026-09-04,Man United,Kobbie Mainoo,a,,,102,55,False
2026-09-04,Man United,Manuel Ugarte Ribeiro,i,0.0,Knee injury - Unknown return date,0,50,False
2026-09-04,Man United,Jack Fletcher,a,,,0,50,False
2026-09-04,Man United,Shea Lacey,a,,,10,50,False
2026-09-04,Man United,Toby Collyer,u,0.0,Has joined West Brom permanently,0,50,False
2026-09-04,Man United,Bendito Mantato,a,,,0,45,False
2026-09-04,Man United,Tyler Fletcher,a,,,0,45,False
2026-09-04,Man United,Benjamin Sesko,a,100.0,,33,70,False
2026-09-04,Man United,Joshua Zirkzee,a,,,0,54,False
2026-09-04,Man United,Chido Obi,a,,,0,45,False
2026-09-04,Newcastle,Nico González Iglesias,a,,,70,55,False
2026-09-04,Newcastle,Nick Pope,a,,,0,50,False
2026-09-04,Newcastle,Mark Gillespie,a,,,0,45,False
2026-09-04,Newcastle,Ewen Jaouen,a,,,0,45,False
2026-09-04,Newcastle,Malick Thiaw,a,,,180,50,True
2026-09-04,Newcastle,Fabian Schär,a,100.0,,1,50,False
2026-09-04,Newcastle,Sven Botman,a,,,180,50,True
2026-09-04,Newcastle,Dan Burn,i,0.0,Ankle injury - Expected back 14 Sep,0,49,False
2026-09-04,Newcastle,Lewis Hall,a,,,180,51,True
2026-09-04,Newcastle,Tino Livramento,i,0.0,Calf injury - Unknown return date,0,49,False
2026-09-04,Newcastle,Alex Murphy,u,0.0,Has joined FC Kaiserslautern on loan for the rest of the season,0,40,False
2026-09-04,Newcastle,Harvey Barnes,a,,,180,60,True
2026-09-04,Newcastle,Anthony Elanga,a,,,156,61,True
2026-09-04,Newcastle,Jacob Ramsey,a,,,42,50,False
2026-09-04,Newcastle,Jacob Murphy,a,,,22,59,False
2026-09-04,Newcastle,Joelinton Cássio Apolinário de Lira,i,0.0,Unspecified injury - Unknown return date,0,54,False
2026-09-04,Newcastle,Lewis Miley,a,100.0,,165,55,True
2026-09-04,Newcastle,Joe Willock,a,,,104,50,False
2026-09-04,Newcastle,Bazoumana Touré,a,,,1,59,False
2026-09-04,Newcastle,Sean Steur,a,,,74,50,False
2026-09-04,Newcastle,Nick Woltemade,u,0.0,Has joined Juventus on loan for the rest of the season,19,59,False
2026-09-04,Newcastle,Yoane Wissa,a,,,171,61,True
2026-09-04,Newcastle,William Osula,i,0.0,Foot injury - Unknown return date,55,59,False
2026-09-04,Newcastle,Sean Neave,u,0.0,Has joined Wolves on loan for the rest of the season,0,45,False
2026-09-04,Newcastle,Aladji Bamba,a,,,14,50,False
2026-09-04,Newcastle,Lukás Hornícek,a,,,180,50,True
2026-09-04,Newcastle,Amar Dedic,a,,,180,45,True
2026-09-04,Newcastle,Leo Shahar,a,,,0,40,False
2026-09-04,Newcastle,Matias Fernandez-Pardo,a,,,0,60,False
2026-09-04,Nott'm Forest,Liam Delap,a,,,24,55,False
2026-09-04,Nott'm Forest,Daniel Muñoz Mejía,a,,,54,54,False
2026-09-04,Nott'm Forest,Matz Sels,a,,,180,50,True
2026-09-04,Nott'm Forest,John Victor Maciel Furtado,a,,,0,45,False
2026-09-04,Nott'm Forest,Neco Williams,a,,,180,50,True
2026-09-04,Nott'm Forest,Felipe Rodrigues da Silva,u,0.0,Has joined West Ham on loan for the rest of the season,0,50,False
2026-09-04,Nott'm Forest,Nikola Milenković,a,,,180,55,True
2026-09-04,Nott'm Forest,Murillo Costa dos Santos,a,100.0,,180,55,True
2026-09-04,Nott'm Forest,Ola Aina,a,,,158,45,True
2026-09-04,Nott'm Forest,Jair Paula da Cunha Filho,a,,,180,45,True
2026-09-04,Nott'm Forest,Nicolò Savona,i,0.0,Knee injury - Unknown return date,0,45,False
2026-09-04,Nott'm Forest,Omar Richards,a,,,0,40,False
2026-09-04,Nott'm Forest,Zach Abbott,u,0.0,Has joined Southampton on loan for the rest of the season,0,40,False
2026-09-04,Nott'm Forest,Luca Netz,a,,,20,45,False
2026-09-04,Nott'm Forest,Tyler Bindon,u,0.0,Has joined Charlton Athletic on loan for the rest of the season,0,40,False
2026-09-04,Nott'm Forest,Morgan Gibbs-White,a,100.0,,180,79,True
2026-09-04,Nott'm Forest,Callum Hudson-Odoi,a,100.0,,1,59,False
2026-09-04,Nott'm Forest,Dan Ndoye,a,,,126,55,True
2026-09-04,Nott'm Forest,Omari Hutchinson,u,0.0,Has joined AC Milan on loan for the rest of the season,0,54,False
2026-09-04,Nott'm Forest,Dilane Bakwa,u,0.0,Has joined Lille on loan for the rest of the season,0,55,False
2026-09-04,Nott'm Forest,James McAtee,a,,,163,55,True
2026-09-04,Nott'm Forest,Nicolás Domínguez,a,,,1,50,False
2026-09-04,Nott'm Forest,Ibrahim Sangaré,a,100.0,,90,49,False
2026-09-04,Nott'm Forest,Ryan Yates,a,100.0,,0,45,False
2026-09-04,Nott'm Forest,Chris Wood,a,,,28,59,False
2026-09-04,Nott'm Forest,Igor Jesus Maciel da Cruz,a,,,180,59,True
2026-09-04,Nott'm Forest,Arnaud Kalimuendo,a,,,1,54,False
2026-09-04,Nott'm Forest,Xaver Schlager,a,,,106,50,False
2026-09-04,Nott'm Forest,Ousmane Diomande,a,,,0,54,False
2026-09-04,Nott'm Forest,Steven Benda,a,,,0,45,False
2026-09-04,Tottenham,Jan Paul van Hecke,a,,,180,49,True
2026-09-04,Tottenham,Tosin Adarabioyo,a,,,0,45,False
2026-09-04,Tottenham,Omar Marmoush,a,,,90,70,False
2026-09-04,Tottenham,Sávio Moreira de Oliveira,a,100.0,,0,65,False
2026-09-04,Tottenham,Sandro Tonali,a,,,164,54,True
2026-09-04,Tottenham,Guglielmo Vicario,u,0.0,Has joined Juventus on loan for the rest of the season,0,45,False
2026-09-04,Tottenham,Brandon Austin,a,,,0,40,False
2026-09-04,Tottenham,Antonín Kinský,a,,,180,45,True
2026-09-04,Tottenham,Martin Dubravka,a,,,0,40,False
2026-09-04,Tottenham,Marcos Senesi Barón,a,,,90,59,False
2026-09-04,Tottenham,Pedro Porro Sauceda,a,100.0,,90,55,False
2026-09-04,Tottenham,Cristian Romero,u,0.0,Has joined Atletico Madrid permanently,0,50,False
2026-09-04,Tottenham,Andrew Robertson,a,,,157,45,True
2026-09-04,Tottenham,Micky van de Ven,a,100.0,,90,50,False
2026-09-04,Tottenham,Djed Spence,u,0.0,Has joined Internazionale permanently,0,45,False
2026-09-04,Tottenham,Destiny Udogie,a,,,26,45,False
2026-09-04,Tottenham,Ashley Phillips,u,0.0,Has joined Middlesbrough permanently,0,45,False
2026-09-04,Tottenham,Ben Davies,a,,,0,40,False
2026-09-04,Tottenham,Jun'ai Byfield,a,,,0,40,False
2026-09-04,Tottenham,James Rowswell,a,,,0,40,False
2026-09-04,Tottenham,João Victor de Souza Menezes,u,0.0,Has joined FC Porto on loan for the rest of the season,0,40,False
2026-09-04,Tottenham,Mohammed Kudus,a,100.0,,22,65,False
2026-09-04,Tottenham,Xavi Simons,i,0.0,Knee injury - Unknown return date,0,60,False
2026-09-04,Tottenham,Mathys Tel,a,,,157,59,True
2026-09-04,Tottenham,James Maddison,d,75.0,Shoulder injury - 75% chance of playing,22,64,False
2026-09-04,Tottenham,Rodrigo Bentancur,a,,,135,55,True
2026-09-04,Tottenham,Wilson Odobert,i,0.0,Knee injury - Unknown return date,0,55,False
2026-09-04,Tottenham,Pape Matar Sarr,u,0.0,Has joined Juventus on loan for the rest of the season,0,49,False
2026-09-04,Tottenham,Conor Gallagher,a,,,45,54,False
2026-09-04,Tottenham,Lucas Bergvall,a,,,45,54,False
2026-09-04,Tottenham,Dejan Kulusevski,i,0.0,Knee injury - Unknown return date,0,65,False
2026-09-04,Tottenham,Archie Gray,a,,,152,50,True
2026-09-04,Tottenham,Mikey Moore,u,0.0,Has joined FC Köln on loan for the rest of the season,89,50,False
2026-09-04,Tottenham,Callum Olusesi,a,,,0,45,False
2026-09-04,Tottenham,Mateus Fernandes,a,,,135,59,True
2026-09-04,Tottenham,Dominic Solanke-Mitchell,a,,,37,59,False
2026-09-04,Tottenham,Richarlison de Andrade,u,0.0,not included in squad.,67,59,False
2026-09-04,Tottenham,Dane Scarlett,u,0.0,Has joined Leyton Orient permanently,0,45,False
2026-09-04,Tottenham,Mykhailo Mudryk,a,,,0,54,False
2026-09-04,Tottenham,Luca Williams-Barnett,a,,,0,45,False
2026-09-04,Sunderland,Kevin Danso,a,,,0,50,False
2026-09-04,Sunderland,Robin Roefs,a,,,180,50,True
2026-09-04,Sunderland,Anthony Patterson,u,0.0,Has joined Wrexham permanently,0,40,False
2026-09-04,Sunderland,Melker Ellborg,a,,,0,45,False
2026-09-04,Sunderland,Daniel Ballard,a,,,180,50,True
2026-09-04,Sunderland,Nordi Mukiele,a,100.0,,90,55,False
2026-09-04,Sunderland,Trai Hume,a,,,169,45,True
2026-09-04,Sunderland,Omar Alderete,a,100.0,,23,50,False
2026-09-04,Sunderland,Reinildo Mandava,a,,,180,45,True
2026-09-04,Sunderland,Jenson Seelt,u,0.0,Has joined Swansea City on loan for the rest of the season,0,45,False
2026-09-04,Sunderland,Leo Fuhr Hjelde,u,0.0,Has joined KV Mechelen on loan for the rest of the season,0,40,False
2026-09-04,Sunderland,Luke O'Nien,a,,,66,40,False
2026-09-04,Sunderland,Arthur Masuaku,u,0.0,Has joined Konyaspor permanently,0,40,False
2026-09-04,Sunderland,Thomas Meunier,a,100.0,,180,45,True
2026-09-04,Sunderland,Enzo Le Fée,a,,,168,59,True
2026-09-04,Sunderland,Habib Diarra,i,0.0,Hamstring injury - Unknown return date,28,55,False
2026-09-04,Sunderland,Granit Xhaka,a,,,180,55,True
2026-09-04,Sunderland,Noah Sadiki,a,,,180,50,True
2026-09-04,Sunderland,Simon Adingra,u,0.0,Has joined Ajax on loan for the rest of the season,0,49,False
2026-09-04,Sunderland,Romaine Mundle,a,,,1,50,False
2026-09-04,Sunderland,Chris Rigg,a,,,17,50,False
2026-09-04,Sunderland,Chemsdine Talbi,a,,,31,54,False
2026-09-04,Sunderland,Djiamgone Jocelin Ta Bi,a,,,0,50,False
2026-09-04,Sunderland,Nilson Angulo,a,,,122,50,True
2026-09-04,Sunderland,Brian Brobbey,a,,,129,59,True
2026-09-04,Sunderland,Wilson Isidor,a,,,49,55,False
2026-09-04,Sunderland,Dayann Méthalie,a,100.0,,0,45,False
2026-09-04,Sunderland,Jules Ahoka,a,,,0,45,False
2026-09-04,Sunderland,Malick Fofana,a,,,0,55,False
2026-09-04,Sunderland,Juan Angulo,a,,,0,45,False
2026-09-05,Arsenal,David Raya Martín,a,,,180,60,True
2026-09-05,Arsenal,Kepa Arrizabalaga Revuelta,a,,,0,49,False
2026-09-05,Arsenal,Illan Meslier,a,,,0,49,False
2026-09-05,Arsenal,Gabriel dos Santos Magalhães,a,,,180,80,True
2026-09-05,Arsenal,Jurriën Timber,d,25.0,Groin injury - 25% chance of playing,0,65,False
2026-09-05,Arsenal,William Saliba,i,0.0,Back injury - Unknown return date,0,60,False
2026-09-05,Arsenal,Myles Lewis-Skelly,a,,,160,55,True
2026-09-05,Arsenal,Riccardo Calafiori,a,,,170,57,True
2026-09-05,Arsenal,Piero Hincapié,a,,,9,53,False
2026-09-05,Arsenal,Benjamin White,a,100.0,,180,55,True
2026-09-05,Arsenal,Cristhian Mosquera,d,75.0,Unspecified injury - 75% chance of playing,168,55,True
2026-09-05,Arsenal,Bukayo Saka,a,,,157,95,True
2026-09-05,Arsenal,Declan Rice,a,,,151,75,True
2026-09-05,Arsenal,Eberechi Eze,a,,,59,64,False
2026-09-05,Arsenal,Martin Ødegaard,a,,,145,66,True
2026-09-05,Arsenal,Noni Madueke,a,,,22,63,False
2026-09-05,Arsenal,Mikel Merino Zazón,a,,,33,59,False
2026-09-05,Arsenal,Gabriel Martinelli Silva,u,0.0,Has joined Al Hilal permanently,0,63,False
2026-09-05,Arsenal,Martín Zubimendi Ibáñez,a,,,27,54,False
2026-09-05,Arsenal,Max Dowman,a,,,0,54,False
2026-09-05,Arsenal,Ethan Nwaneri,u,0.0,Has joined Borussia Dortmund on loan for the rest of the season,0,54,False
2026-09-05,Arsenal,Fábio Ferreira Vieira,u,0.0,Has joined Hamburger SV permanently,0,55,False
2026-09-05,Arsenal,Reiss Nelson,u,0.0,has departed the club as a free agent.,0,55,False
2026-09-05,Arsenal,Viktor Gyökeres,a,,,0,73,False
2026-09-05,Arsenal,Kai Havertz,a,,,180,75,True
2026-09-05,Arsenal,Gabriel Fernando de Jesus,u,0.0,Has joined FC Barcelona permanently,0,59,False
2026-09-05,Arsenal,Ezri Konsa Ngoyo,a,,,11,44,False
2026-09-05,Arsenal,Bruno Guimarães Rodriguez Moura,d,75.0,Knock - 75% chance of playing,19,68,False
2026-09-05,Arsenal,Christos Tzolis,a,,,120,65,False
2026-09-05,Aston Villa,Marco Bizot,a,,,90,45,False
2026-09-05,Aston Villa,Lucas Digne,u,0.0,Has joined Paris Saint-Germain permanently,0,45,False
2026-09-05,Aston Villa,Matty Cash,a,,,251,45,True
2026-09-05,Aston Villa,Tyrone Mings,a,,,106,45,False
2026-09-05,Aston Villa,Pau Torres,a,,,163,45,True
2026-09-05,Aston Villa,Lamare Bogarde,a,,,16,50,False
2026-09-05,Aston Villa,Ian Maatsen,a,,,245,45,True
2026-09-05,Aston Villa,Victor Lindelöf,a,,,270,45,True
2026-09-05,Aston Villa,Andrés García,a,,,0,40,False
2026-09-05,Aston Villa,Kosta Nedeljkovic,u,0.0,Has joined Rangers on loan for the rest of the season,0,40,False
2026-09-05,Aston Villa,Emiliano Buendía Stati,a,,,249,60,True
2026-09-05,Aston Villa,Leon Bailey,u,0.0,Has joined Olympiakos permanently,0,54,False
2026-09-05,Aston Villa,John McGinn,a,,,261,54,True
2026-09-05,Aston Villa,Ross Barkley,a,,,240,50,True
2026-09-05,Aston Villa,Boubacar Kamara,a,100.0,,270,50,True
2026-09-05,Aston Villa,Amadou Onana,i,0.0,Knee injury - Unknown return date,0,50,False
2026-09-05,Aston Villa,Samuel Iling-Junior,u,0.0,Has joined Bolton Wanderers on loan for the rest of the season,0,50,False
2026-09-05,Aston Villa,Bradley Burrowes,a,,,0,45,False
2026-09-05,Aston Villa,George Hemmings,a,,,234,45,True
2026-09-05,Aston Villa,Alysson Edward Franco da Rocha dos Santos,a,,,42,50,False
2026-09-05,Aston Villa,Johan Manzambi,i,0.0,Knee injury - Expected back 12 Sep,0,59,False
2026-09-05,Aston Villa,Joao Gomes,s,0.0,Suspended until 19 Sep,39,55,False
2026-09-05,Aston Villa,Ollie Watkins,u,0.0,Has joined Al Hilal permanently,0,78,False
2026-09-05,Aston Villa,Tammy Abraham,a,100.0,,24,55,False
2026-09-05,Aston Villa,Alejandro Garnacho Ferreyra,a,,,31,59,False
2026-09-05,Aston Villa,Nicolas Jackson,a,,,154,65,True
2026-09-05,Aston Villa,Brian Madjo,i,0.0,Unspecified injury - Unknown return date,0,55,False
2026-09-05,Aston Villa,Matteo Ruggeri,a,,,23,45,False
2026-09-05,Aston Villa,Zion Suzuki,a,,,180,50,True
2026-09-05,Aston Villa,Triston Rowe,a,,,0,40,False
2026-09-05,Aston Villa,Luka Lynch,u,0.0,Has joined Oxford United on loan until January,0,45,False
2026-09-05,Aston Villa,Aaron Wan-Bissaka,a,,,17,45,False
2026-09-05,Aston Villa,Leon Goretzka,a,,,0,60,False
2026-09-05,Aston Villa,Taylor Harwood-Bellis,a,,,0,45,False
2026-09-05,Aston Villa,Ibrahim Mbaye,a,,,0,60,False
2026-09-05,Bournemouth,Đorđe Petrović,a,,,270,45,True
2026-09-05,Bournemouth,Fraser Forster,a,,,0,40,False
2026-09-05,Bournemouth,Will Dennis,u,0.0,Has joined MK Dons permanently,0,40,False
2026-09-05,Bournemouth,James Hill,a,,,270,55,True
2026-09-05,Bournemouth,Adrien Truffert,a,,,270,55,True
2026-09-05,Bournemouth,Bafodé Diakité,a,,,0,50,False
2026-09-05,Bournemouth,Veljko Milosavljevic,i,0.0,Unspecified injury - Unknown return date,0,50,False
2026-09-05,Bournemouth,Adam Smith,a,,,270,45,True
2026-09-05,Bournemouth,Julián Araujo Zúñiga,i,0.0,Thigh injury - Unknown return date,0,45,False
2026-09-05,Bournemouth,Julio Soler Barreto,a,100.0,,0,40,False
2026-09-05,Bournemouth,Rayan Vitor Simplício Rocha,a,,,266,65,True
2026-09-05,Bournemouth,Marcus Tavernier,a,,,268,60,True
2026-09-05,Bournemouth,Alex Scott,a,,,266,60,True
2026-09-05,Bournemouth,Justin Kluivert,a,,,229,60,True
2026-09-05,Bournemouth,Lewis Cook,a,,,157,50,True
2026-09-05,Bournemouth,Ben Gannon-Doak,a,,,2,50,False
2026-09-05,Bournemouth,Tyler Adams,a,100.0,,111,50,False
2026-09-05,Bournemouth,David Brooks,a,100.0,,23,50,False
2026-09-05,Bournemouth,Ryan Christie,a,100.0,,4,50,False
2026-09-05,Bournemouth,Alex Tóth,a,,,15,50,False
2026-09-05,Bournemouth,Amine Adli,i,0.0,Unspecified injury - Unknown return date,0,49,False
2026-09-05,Bournemouth,Junior Kroupi,i,0.0,Foot injury - Unknown return date,0,74,False
2026-09-05,Bournemouth,Francisco Evanilson de Lima Barbosa,a,,,244,60,True
2026-09-05,Bournemouth,Enes Ünal,u,0.0,Has joined Getafe permanently,0,55,False
2026-09-05,Bournemouth,Álvaro Rodríguez,a,100.0,,9,60,False
2026-09-05,Bournemouth,António João Pereira de Albuquerque Tavares da Silva,a,,,270,50,True
2026-09-05,Bournemouth,Juanlu Sánchez,a,,,0,45,False
2026-09-05,Bournemouth,Daniel Jebbison,a,,,16,50,False
2026-09-05,Bournemouth,Michele Di Gregorio,a,,,0,45,False
2026-09-05,Brentford,Caoimhín Kelleher,a,,,270,50,True
2026-09-05,Brentford,Hákon Rafn Valdimarsson,a,,,0,45,False
2026-09-05,Brentford,Nathan Collins,d,75.0,Calf injury - 75% chance of playing,196,55,True
2026-09-05,Brentford,Sepp van den Berg,i,0.0,Groin injury - Unknown return date,0,49,False
2026-09-05,Brentford,Keane Lewis-Potter,a,,,267,55,True
2026-09-05,Brentford,Kristoffer Ajer,a,,,270,45,True
2026-09-05,Brentford,Michael Kayode,a,,,207,46,True
2026-09-05,Brentford,Rico Henry,a,,,2,45,False
2026-09-05,Brentford,Aaron Hickey,a,,,61,45,False
2026-09-05,Brentford,Kim Ji-soo,a,,,0,45,False
2026-09-05,Brentford,Jannik Schuster,a,,,73,45,False
2026-09-05,Brentford,Kevin Schade,a,,,267,60,True
2026-09-05,Brentford,Dango Ouattara,a,,,140,64,True
2026-09-05,Brentford,Mikkel Damsgaard,a,,,167,55,True
2026-09-05,Brentford,Mathias Jensen,i,0.0,Unspecified injury - Expected back 18 Sep,66,55,False
2026-09-05,Brentford,Vitaly Janelt,a,,,270,50,True
2026-09-05,Brentford,Antoni Milambo,i,0.0,Knee injury - Unknown return date,0,50,False
2026-09-05,Brentford,Fábio Freitas Gouveia Carvalho,a,100.0,,0,50,False
2026-09-05,Brentford,Yehor Yarmoliuk,a,,,89,49,False
2026-09-05,Brentford,Josh Dasilva,i,0.0,Hamstring injury - Expected back 10 Oct,0,50,False
2026-09-05,Brentford,Jaidon Anthony,a,,,128,60,False
2026-09-05,Brentford,Igor Thiago Nascimento Rodrigues,a,,,262,80,True
2026-09-05,Brentford,Kaye Furo,a,,,0,45,False
2026-09-05,Brentford,Callum Wilson,a,,,13,55,False
2026-09-05,Brentford,Mamadou Sangaré,a,,,210,57,True
2026-09-05,Brentford,El Hadji Malick Diouf,a,,,0,45,False
2026-09-05,Brighton,Bart Verbruggen,a,,,270,45,True
2026-09-05,Brighton,Jason Steele,a,,,0,40,False
2026-09-05,Brighton,Ferdi Kadıoğlu,a,100.0,,167,44,True
2026-09-05,Brighton,Olivier Boscagli,a,,,270,45,True
2026-09-05,Brighton,Maxim De Cuyper,a,,,243,47,True
2026-09-05,Brighton,Lewis Dunk,a,,,270,45,True
2026-09-05,Brighton,Diego Coppola,a,,,0,45,False
2026-09-05,Brighton,Igor Julio dos Santos de Paulo,u,0.0,Has joined Burnley permanently,0,45,False
2026-09-05,Brighton,João Pedro Loureiro da Costa,a,,,48,45,False
2026-09-05,Brighton,Michael Svoboda,a,,,0,50,False
2026-09-05,Brighton,Mitoma Kaoru,i,0.0,Hamstring injury - Unknown return date,0,59,False
2026-09-05,Brighton,Yankuba Minteh,i,0.0,Leg injury - Expected back 28 Nov,0,59,False
2026-09-05,Brighton,Jack Hinshelwood,d,50.0,Unspecified injury - 50% chance of playing,63,60,False
2026-09-05,Brighton,Pascal Groß,a,,,270,55,True
2026-09-05,Brighton,Georginio Rutter,d,75.0,Unspecified injury - 75% chance of playing,90,55,False
2026-09-05,Brighton,Matt O'Riley,a,,,0,55,False
2026-09-05,Brighton,Diego Gómez Amarilla,a,,,265,50,True
2026-09-05,Brighton,Facundo Buonanotte,u,0.0,Has joined Elche on loan for the rest of the season,0,50,False
2026-09-05,Brighton,Yasin Ayari,a,100.0,,153,54,True
2026-09-05,Brighton,Mats Wieffer,i,0.0,Knee injury - Unknown return date,156,50,True
2026-09-05,Brighton,Harry Howell,u,0.0,Has joined Leicester City on loan for the rest of the season,0,45,False
2026-09-05,Brighton,Tom Watson,u,0.0,Has joined Leicester City on loan for the rest of the season,0,50,False
2026-09-05,Brighton,Nehemiah Oriola,a,,,0,45,False
2026-09-05,Brighton,Zadok Yohanna,a,,,12,49,False
2026-09-05,Brighton,Stefanos Tzimas,i,0.0,Knee injury - Unknown return date,0,55,False
2026-09-05,Brighton,Charalampos Kostoulas,a,,,195,55,True
2026-09-05,Brighton,Evan Ferguson,i,0.0,Ankle injury - Expected back 10 Oct,0,50,False
2026-09-05,Brighton,Pascal Struijk,a,100.0,,1,50,False
2026-09-05,Brighton,Luka Vušković,a,,,270,50,True
2026-09-05,Brighton,Promise David,a,,,23,60,False
2026-09-05,Brighton,Ibrahim Osman,a,,,28,50,False
2026-09-05,Brighton,Malick Yalcouyé,a,,,167,45,True
2026-09-05,Brighton,Jaouen Hadjam,a,,,0,45,False
2026-09-05,Brighton,Amario Cozier-Duberry,u,0.0,Has joined Middlesbrough on loan for the rest of the season,0,50,False
2026-09-05,Brighton,José María Andrés Baixauli,a,,,0,55,False
2026-09-05,Brighton,Femi Azeez,i,0.0,Unspecified injury - Expected back 13 Sep,0,55,False
2026-09-05,Chelsea,Emiliano Martínez Romero,a,,,90,50,False
2026-09-05,Chelsea,Morgan Rogers,a,,,171,75,True
2026-09-05,Chelsea,Jordan Henderson,d,75.0,Wrist injury - 75% chance of playing,0,50,False
2026-09-05,Chelsea,Danny Welbeck,a,100.0,,0,59,False
2026-09-05,Chelsea,Robert Lynch Sánchez,u,0.0,Has joined Como on loan for the rest of the season,90,49,False
2026-09-05,Chelsea,Filip Jörgensen,u,0.0,Has joined RC Strasbourg on loan for the rest of the season,0,50,False
2026-09-05,Chelsea,Reece James,a,,,112,55,False
2026-09-05,Chelsea,Trevoh Chalobah,u,0.0,Has joined Como permanently,0,55,False
2026-09-05,Chelsea,Malo Gusto,a,,,165,50,True
2026-09-05,Chelsea,Wesley Fofana,a,100.0,,67,50,False
2026-09-05,Chelsea,Benoît Badiashile Mukinayi,u,0.0,Has joined Napoli on loan for the rest of the season,0,45,False
2026-09-05,Chelsea,Jorrel Hato,a,,,154,45,True
2026-09-05,Chelsea,Levi Samuels Colwill,a,,,161,49,True
2026-09-05,Chelsea,Mamadou Sarr,u,0.0,Has joined Real Sociedad on loan for the rest of the season,0,45,False
2026-09-05,Chelsea,Josh Acheampong,a,,,112,45,False
2026-09-05,Chelsea,Marco Palestra,d,75.0,Unspecified injury - 75% chance of playing,0,54,False
2026-09-05,Chelsea,Cole Palmer,a,100.0,,172,96,True
2026-09-05,Chelsea,Pedro Lomba Neto,a,,,81,65,False
2026-09-05,Chelsea,Estêvão Almeida de Oliveira Gonçalves,a,,,7,64,False
2026-09-05,Chelsea,Jamie Bynoe-Gittens,a,,,0,59,False
2026-09-05,Chelsea,Moisés Caicedo Corozo,d,75.0,Unspecified injury - 75% chance of playing,13,54,False
2026-09-05,Chelsea,Roméo Lavia,a,,,131,50,False
2026-09-05,Chelsea,Dário Luís Essugo,u,0.0,Has joined RC Strasbourg on loan for the rest of the season,0,45,False
2026-09-05,Chelsea,Geovany Quenda,a,100.0,,8,54,False
2026-09-05,Chelsea,João Pedro Junqueira de Jesus,a,,,180,77,True
2026-09-05,Chelsea,Marc Guiu Paz,u,0.0,Has joined RB Leipzig permanently,0,50,False
2026-09-05,Chelsea,Shumaira Mheuka,a,,,0,45,False
2026-09-05,Chelsea,Emmanuel Emegha,a,100.0,,0,50,False
2026-09-05,Chelsea,Maxence Lacroix,a,,,180,60,True
2026-09-05,Chelsea,Mike Penders,a,,,0,45,False
2026-09-05,Chelsea,Aaron Anselmino,a,100.0,,0,45,False
2026-09-05,Chelsea,Valentín Barco,a,,,8,55,False
2026-09-05,Chelsea,Pep Chavarría,a,,,43,49,False
2026-09-05,Coventry,Ethan Pinnock,a,,,102,45,False
2026-09-05,Coventry,Frank Onyeka,a,,,152,50,True
2026-09-05,Coventry,Carl Rushworth,a,,,270,45,True
2026-09-05,Coventry,Oliver Dovin,u,0.0,Has joined Leyton Orient on loan for the rest of the season,0,40,False
2026-09-05,Coventry,Ben Wilson,a,,,0,45,False
2026-09-05,Coventry,Bobby Thomas,a,,,257,40,True
2026-09-05,Coventry,Liam Kitching,u,0.0,Has joined Sheffield United on loan for the rest of the season,0,40,False
2026-09-05,Coventry,Milan van Ewijk,a,,,270,40,True
2026-09-05,Coventry,Jay Dasilva,a,,,264,40,True
2026-09-05,Coventry,Kaine Kesler-Hayden,i,0.0,Hamstring injury - Unknown return date,0,40,False
2026-09-05,Coventry,Jake Bidwell,a,,,0,40,False
2026-09-05,Coventry,Joel Latibeaudiere,a,,,0,40,False
2026-09-05,Coventry,Luke Woolfenden,i,0.0,Knee injury - Unknown return date,0,40,False
2026-09-05,Coventry,Miguel Brau,u,0.0,Has joined Academico de Viseu on loan for the rest of the season,0,40,False
2026-09-05,Coventry,Aurèle Amenda,a,,,270,40,True
2026-09-05,Coventry,Jack Rudoni,a,100.0,,152,50,True
2026-09-05,Coventry,Matt Grimes,a,,,270,50,True
2026-09-05,Coventry,Tatsuhiro Sakamoto,a,,,31,49,False
2026-09-05,Coventry,Ephron Mason-Clark,a,100.0,,127,54,False
2026-09-05,Coventry,Josh Eccles,a,,,0,49,False
2026-09-05,Coventry,Victor Torp,a,,,47,54,False
2026-09-05,Coventry,George Shepherd,a,,,0,45,False
2026-09-05,Coventry,Loum Tchaouna,a,,,166,55,True
2026-09-05,Coventry,Raphael Borges Rodrigues,u,0.0,Has joined Burton Albion on loan for the rest of the season,0,45,False
2026-09-05,Coventry,Kai Andrews,u,0.0,Has joined Oxford United on loan for the rest of the season,0,45,False
2026-09-05,Coventry,Haji Wright,i,0.0,Thigh injury - Unknown return date,0,54,False
2026-09-05,Coventry,Brandon Thomas-Asante,a,,,120,50,False
2026-09-05,Coventry,Ellis Simms,a,,,88,50,False
2026-09-05,Coventry,Jahnoah Markelo,u,0.0,Has joined Shabab Al-Ahli Dubai permanently,0,50,False
2026-09-05,Coventry,Norman Bassette,u,0.0,Has joined KVC Westerlo on loan for the rest of the season,0,45,False
2026-09-05,Coventry,Taiwo Awoniyi,a,,,180,55,True
2026-09-05,Coventry,Caleb Yirenkyi,a,,,158,50,True
2026-09-05,Coventry,Gustavo Hamer,a,,,32,55,False
2026-09-05,Coventry,Sidiki Cherif,a,,,0,50,False
2026-09-05,Coventry,Dan Bentley,a,,,0,40,False
2026-09-05,Crystal Palace,Evann Guessand,a,,,54,55,False
2026-09-05,Crystal Palace,Axel Disasi,a,,,106,45,False
2026-09-05,Crystal Palace,Dean Henderson,a,100.0,,270,50,True
2026-09-05,Crystal Palace,Walter Benítez,a,,,0,45,False
2026-09-05,Crystal Palace,Chris Richards,a,,,270,50,True
2026-09-05,Crystal Palace,Jaydee Canvot,a,,,270,49,True
2026-09-05,Crystal Palace,Tyrick Mitchell,a,,,253,45,True
2026-09-05,Crystal Palace,Borna Sosa,u,0.0,Has joined FC Cologne on loan for the rest of the season,0,45,False
2026-09-05,Crystal Palace,Chadi Riad Dnanou,i,0.0,Knee injury - Unknown return date,72,44,False
2026-09-05,Crystal Palace,Oscar Mingueza,a,,,16,44,False
2026-09-05,Crystal Palace,Ismaïla Sarr,i,0.0,Groin injury - Unknown return date,0,63,False
2026-09-05,Crystal Palace,Adam Wharton,a,100.0,,270,55,True
2026-09-05,Crystal Palace,Yéremy Pino Santos,a,,,190,55,True
2026-09-05,Crystal Palace,Will Hughes,a,,,16,45,False
2026-09-05,Crystal Palace,Jefferson Lerma Solís,a,,,0,49,False
2026-09-05,Crystal Palace,Daichi Kamada,a,,,268,50,True
2026-09-05,Crystal Palace,Justin Devenny,u,0.0,Has joined Stoke City permanently,0,50,False
2026-09-05,Crystal Palace,Romain Esse,u,0.0,Has joined Millwall on loan for the rest of the season,0,50,False
2026-09-05,Crystal Palace,Matheus França de Oliveira,a,,,0,49,False
2026-09-05,Crystal Palace,Cheick Doucouré,a,,,0,49,False
2026-09-05,Crystal Palace,Jesurun Rak-Sakyi,a,,,0,50,False
2026-09-05,Crystal Palace,Rio Cardines,u,0.0,Has joined Bristol City on loan for the rest of the season,0,45,False
2026-09-05,Crystal Palace,Joél Drakes-Thomas,a,,,0,45,False
2026-09-05,Crystal Palace,Jørgen Strand Larsen,a,,,134,60,False
2026-09-05,Crystal Palace,Jean-Philippe Mateta,i,0.0,Hamstring injury - Expected back 11 Oct,62,64,False
2026-09-05,Crystal Palace,Eddie Nketiah,a,,,167,55,True
2026-09-05,Crystal Palace,Christantus Uche,u,0.0,has returned to Getafe CF,0,50,False
2026-09-05,Crystal Palace,Dwight McNeil,a,,,84,55,False
2026-09-05,Crystal Palace,Remi Matthews,a,,,0,40,False
2026-09-05,Crystal Palace,Takehiro Tomiyasu,a,,,91,45,False
2026-09-05,Crystal Palace,Anan Khalaili,a,,,199,50,True
2026-09-05,Crystal Palace,Zavier Gozo,a,,,22,50,False
2026-09-05,Crystal Palace,Honest Ahanor,a,,,0,45,False
2026-09-05,Crystal Palace,Ben Chilwell,a,,,16,45,False
2026-09-05,Crystal Palace,Quinten Timber,a,,,73,50,False
2026-09-05,Crystal Palace,Darío Osorio,a,,,1,55,False
2026-09-05,Everton,Christian Nørgaard,i,0.0,Groin injury - Unknown return date,0,49,False
2026-09-05,Everton,Brennan Johnson,a,,,34,59,False
2026-09-05,Everton,Jordan Pickford,a,,,180,55,True
2026-09-05,Everton,Mark Travers,a,,,0,50,False
2026-09-05,Everton,Tom King,a,,,0,45,False
2026-09-05,Everton,James Tarkowski,a,,,180,60,True
2026-09-05,Everton,Jarrad Branthwaite,a,,,180,55,True
2026-09-05,Everton,Michael Keane,a,,,0,49,False
2026-09-05,Everton,Jake O'Brien,a,,,0,49,False
2026-09-05,Everton,Vitalii Mykolenko,a,,,180,45,True
2026-09-05,Everton,Nathan Patterson,u,0.0,Has joined Torino permanently,0,45,False
2026-09-05,Everton,Adam Aznou,u,0.0,Has joined Malaga on loan for the rest of the season,0,40,False
2026-09-05,Everton,Kiernan Dewsbury-Hall,a,,,180,65,True
2026-09-05,Everton,Jack Grealish,a,100.0,,8,65,False
2026-09-05,Everton,James Garner,a,100.0,,72,60,False
2026-09-05,Everton,Tyrique George,a,,,144,55,True
2026-09-05,Everton,Carlos Alcaraz Durán,a,,,5,50,False
2026-09-05,Everton,Harrison Armstrong,a,,,176,50,True
2026-09-05,Everton,Tyler Dibling,a,,,0,54,False
2026-09-05,Everton,Merlin Röhl,a,,,175,50,True
2026-09-05,Everton,Hayden Hackney,a,100.0,,106,55,False
2026-09-05,Everton,Norberto Bercique Gomes Betuncal,u,0.0,Has joined Fiorentina permanently,31,54,False
2026-09-05,Everton,Thierno Barry,a,,,147,55,True
2026-09-05,Everton,Ainsley Maitland-Niles,a,,,0,45,False
2026-09-05,Fulham,Bernd Leno,a,,,270,45,True
2026-09-05,Fulham,Benjamin Lecomte,a,,,0,40,False
2026-09-05,Fulham,Alfie McNally,u,0.0,Has joined York City on loan for the rest of the season,0,40,False
2026-09-05,Fulham,Joachim Andersen,a,100.0,,180,50,True
2026-09-05,Fulham,Antonee Robinson,a,,,249,45,True
2026-09-05,Fulham,Jorge Cuenca Barreno,a,,,90,45,False
2026-09-05,Fulham,Kenny Tete,a,,,0,45,False
2026-09-05,Fulham,Calvin Bassey,a,,,270,45,True
2026-09-05,Fulham,Timothy Castagne,a,,,247,45,True
2026-09-05,Fulham,Alex Iwobi,a,,,262,55,True
2026-09-05,Fulham,Emile Smith Rowe,a,,,25,54,False
2026-09-05,Fulham,Kevin Santos Lopes de Macedo,a,,,24,54,False
2026-09-05,Fulham,Oscar Bobb,a,,,211,55,True
2026-09-05,Fulham,Sander Berge,a,,,182,50,True
2026-09-05,Fulham,Tom Cairney,i,0.0,Knee injury - Expected back 10 Oct,0,50,False
2026-09-05,Fulham,Josh King,a,,,270,55,True
2026-09-05,Fulham,Ryan Sessegnon,a,,,50,45,False
2026-09-05,Fulham,Harrison Reed,a,,,0,45,False
2026-09-05,Fulham,Rodrigo Muniz Carvalho,a,,,15,55,False
2026-09-05,Fulham,Jonah Kusi-Asare,a,,,0,45,False
2026-09-05,Fulham,Gonzalo García,a,,,270,60,True
2026-09-05,Fulham,César Palacios,a,,,208,55,True
2026-09-05,Fulham,Shea Charles,a,,,123,50,False
2026-09-05,Fulham,Luc De Fougerolles,d,75.0,Unspecified injury - 75% chance of playing,0,40,False
2026-09-05,Fulham,Macauley Zepa,a,,,0,45,False
2026-09-05,Fulham,Hugo Larsson,a,,,11,50,False
2026-09-05,Fulham,Manuel Ángel Morán Ibáñez,a,,,0,50,False
2026-09-05,Fulham,David Affengruber,a,,,0,45,False
2026-09-05,Hull,Tim Iroegbunam,a,100.0,,4,50,False
2026-09-05,Hull,Dillon Phillips,a,,,0,40,False
2026-09-05,Hull,Jack Butland,i,0.0,Arm injury - Unknown return date,0,45,False
2026-09-05,Hull,Harvey Cartwright,u,0.0,Has joined Grimsby Town on loan for the rest of the season,0,40,False
2026-09-05,Hull,Thimothée Lo-Tutala,u,0.0,Has joined Colchester United on loan for the rest of the season,0,40,False
2026-09-05,Hull,John Egan,a,,,270,40,True
2026-09-05,Hull,Charlie Hughes,i,0.0,Groin injury - Unknown return date,0,40,False
2026-09-05,Hull,Semi Ajayi,a,100.0,,243,41,True
2026-09-05,Hull,Lewie Coyle,d,75.0,Unspecified injury - 75% chance of playing,177,40,True
2026-09-05,Hull,Cody Drameh,u,0.0,Has joined Genoa permanently,65,40,False
2026-09-05,Hull,Ryan Giles,a,,,264,40,True
2026-09-05,Hull,Matty Jacob,u,0.0,Has joined Newport County on loan until January,0,40,False
2026-09-05,Hull,Cathal McCarthy,a,,,0,40,False
2026-09-05,Hull,Paddy McNair,a,,,26,40,False
2026-09-05,Hull,Mohamed Belloumi,a,,,253,50,True
2026-09-05,Hull,Liam Millar,u,0.0,Has joined Birmingham on loan for the rest of the season,50,50,False
2026-09-05,Hull,Kieran Dowell,a,,,0,45,False
2026-09-05,Hull,Matt Crooks,d,75.0,Thigh injury - 75% chance of playing,90,45,False
2026-09-05,Hull,Regan Slater,a,,,270,45,True
2026-09-05,Hull,Eliot Matazo,i,0.0,Knee injury - Unknown return date,0,45,False
2026-09-05,Hull,Abdülkadir Ömür,a,,,0,49,False
2026-09-05,Hull,Abu Kamara,u,0.0,Has joined Portsmouth permanently,0,50,False
2026-09-05,Hull,Óscar Zambrano,i,0.0,Thigh injury - Unknown return date,0,45,False
2026-09-05,Hull,Oli McBurnie,a,,,270,55,True
2026-09-05,Hull,David Akintola,a,,,0,50,False
2026-09-05,Hull,Darko Gyabi,i,0.0,Thigh injury - Unknown return date,0,45,False
2026-09-05,Hull,Enis Destan,u,0.0,Has joined Konyaspor permanently,0,45,False
2026-09-05,Hull,Mason Burstow,u,0.0,Has joined Sheffield Wednesday on loan for the rest of the season,0,45,False
2026-09-05,Hull,Joe Gelhardt,a,100.0,,0,50,False
2026-09-05,Hull,Matt Targett,a,,,5,40,False
2026-09-05,Hull,Hidemasa Morita,a,100.0,,45,50,False
2026-09-05,Hull,Konstantinos Tzolakis,a,,,270,46,True
2026-09-05,Hull,Jens Hjertø-Dahl,a,,,8,49,False
2026-09-05,Hull,Elliot Stroud,a,,,190,50,True
2026-09-05,Hull,Lucas Herrington,a,,,76,40,False
2026-09-05,Hull,Nobel Mendy,a,100.0,,191,40,True
2026-09-05,Hull,Lucas Gourna-Douath,a,,,126,50,False
2026-09-05,Hull,Mohamed-Ali Cho,a,,,15,50,False
2026-09-05,Hull,Ilyas Ansah,a,,,0,50,False
2026-09-05,Hull,Robinio Vaz,a,,,0,50,False
2026-09-05,Hull,Brooke Norton-Cuffy,a,,,26,40,False
2026-09-05,Hull,Sorba Thomas,a,,,27,55,False
2026-09-05,Hull,Christos Mouzakitis,a,,,0,50,False
2026-09-05,Ipswich,Issa Diop,a,,,270,40,True
2026-09-05,Ipswich,Saša Lukić,a,,,252,50,True
2026-09-05,Ipswich,Christian Walton,a,,,0,45,False
2026-09-05,Ipswich,Alex Palmer,a,,,0,40,False
2026-09-05,Ipswich,David Button,a,,,0,40,False
2026-09-05,Ipswich,Cédric Kipré,a,,,0,40,False
2026-09-05,Ipswich,Dara O'Shea,a,,,270,40,True
2026-09-05,Ipswich,Leif Davis,a,,,270,40,True
2026-09-05,Ipswich,Jacob Greaves,a,,,270,40,True
2026-09-05,Ipswich,Ben Johnson,u,0.0,Has joined Stoke City on loan for the rest of the season,0,40,False
2026-09-05,Ipswich,Darnell Furlong,a,,,17,40,False
2026-09-05,Ipswich,Marcelino Núñez,a,,,140,50,True
2026-09-05,Ipswich,Azor Matusiwa,i,0.0,Muscular injury - Unknown return date,0,50,False
2026-09-05,Ipswich,Wes Burns,u,0.0,Has joined Leicester City permanently,0,50,False
2026-09-05,Ipswich,Jack Taylor,i,0.0,Knee injury - Unknown return date,0,45,False
2026-09-05,Ipswich,Jack Clarke,a,,,43,55,False
2026-09-05,Ipswich,Chiedozie Ogbene,u,0.0,Has joined Lincoln City on loan until January,0,49,False
2026-09-05,Ipswich,Abdul Fatawu,a,,,225,55,True
2026-09-05,Ipswich,Emersonn Correia da Silva,a,100.0,,175,55,True
2026-09-05,Ipswich,George Hirst,u,0.0,Has joined Stoke City permanently,0,50,False
2026-09-05,Ipswich,Jaden Philogene,i,0.0,Ankle injury - Unknown return date,0,54,False
2026-09-05,Ipswich,Sam Szmodics,u,0.0,Has joined Derby County on loan for the rest of the season,0,50,False
2026-09-05,Ipswich,Chuba Akpom,a,,,69,50,False
2026-09-05,Ipswich,Sindre Walle Egeli,a,,,10,45,False
2026-09-05,Ipswich,Ali Al-Hamadi,u,0.0,Has joined Sheffield Wednesday on loan for the rest of the season,0,50,False
2026-09-05,Ipswich,Kasey McAteer,a,,,42,45,False
2026-09-05,Ipswich,Anis Mehmeti,a,,,0,49,False
2026-09-05,Ipswich,Kayne van Oevelen,u,0.0,Has joined Valencia on loan for the rest of the season,0,45,False
2026-09-05,Ipswich,Daizen Maeda,a,,,216,54,True
2026-09-05,Ipswich,Kjell Scherpen,a,,,270,45,True
2026-09-05,Ipswich,Florentino Ibrain Morris Luís,a,100.0,,0,49,False
2026-09-05,Ipswich,Julio Enciso,a,100.0,,250,55,True
2026-09-05,Ipswich,Abdoul Ouattara,a,,,39,40,False
2026-09-05,Ipswich,Cameron Humphreys,u,0.0,Has joined Huddersfield Town on loan for the rest of the season,0,45,False
2026-09-05,Ipswich,Exequiel Palacios,a,,,105,50,False
2026-09-05,Ipswich,Zian Flemming,a,,,24,55,False
2026-09-05,Leeds,Harry Wilson,a,,,127,64,False
2026-09-05,Leeds,Lucas Estella Perri,u,0.0,Has joined Torino on loan for the rest of the season,0,45,False
2026-09-05,Leeds,Jaka Bijol,a,,,164,50,True
2026-09-05,Leeds,Joe Rodon,i,0.0,Hamstring injury - Expected back 21 Nov,123,45,False
2026-09-05,Leeds,Jayden Bogle,a,,,217,45,True
2026-09-05,Leeds,Gabriel Gudmundsson,a,100.0,,90,45,False
2026-09-05,Leeds,James Justin,a,,,270,45,True
2026-09-05,Leeds,Sebastiaan Bornauw,u,0.0,Has joined Hamburg SV on loan for the rest of the season,0,45,False
2026-09-05,Leeds,Tarik Muharemović,a,,,270,50,True
2026-09-05,Leeds,Anton Stach,a,,,270,60,True
2026-09-05,Leeds,Noah Okafor,a,,,153,59,True
2026-09-05,Leeds,Brenden Aaronson,a,,,154,54,True
2026-09-05,Leeds,Ethan Ampadu,a,,,270,55,True
2026-09-05,Leeds,Sean Longstaff,a,,,8,49,False
2026-09-05,Leeds,Wilfried Gnonto,u,0.0,Has joined ACF Fiorentina on loan for the rest of the season,0,50,False
2026-09-05,Leeds,Jack Harrison,u,0.0,Has joined New England Revolution permanently,0,50,False
2026-09-05,Leeds,Daniel James,a,,,22,50,False
2026-09-05,Leeds,Ilia Gruev,d,25.0,Knee injury - 25% chance of playing,0,50,False
2026-09-05,Leeds,Tanaka Ao,a,,,117,49,False
2026-09-05,Leeds,Dominic Calvert-Lewin,a,,,252,60,True
2026-09-05,Leeds,Lukas Nmecha,a,,,38,55,False
2026-09-05,Leeds,Joël Piroe,u,0.0,Has joined West Ham United on loan for the rest of the season,0,50,False
2026-09-05,Leeds,Mateo Joseph Fernández-Regatillo,i,0.0,Knee injury - Unknown return date,0,45,False
2026-09-05,Leeds,James Trafford,a,,,270,50,True
2026-09-05,Leeds,Nico Elvedi,a,,,146,45,True
2026-09-05,Leeds,Jayden Lienou,a,,,0,40,False
2026-09-05,Leeds,Alfie Cresswell,a,,,0,45,False
2026-09-05,Leeds,Alex Cairns,a,,,0,40,False
2026-09-05,Leeds,Michael Zetterer,a,,,0,40,False
2026-09-05,Leeds,Melvin Bard,a,,,0,45,False
2026-09-05,Leeds,Jean-Mattéo Bahoya,a,,,0,50,False
2026-09-05,Liverpool,Alisson Becker,a,,,270,55,True
2026-09-05,Liverpool,Giorgi Mamardashvili,a,,,0,49,False
2026-09-05,Liverpool,Freddie Woodman,a,,,0,40,False
2026-09-05,Liverpool,Armin Pecsi,u,0.0,Has joined TSV Hartberg on loan for the rest of the season,0,40,False
2026-09-05,Liverpool,Vitezslav Jaros,i,0.0,Knee injury - Unknown return date,0,40,False
2026-09-05,Liverpool,Harvey Davies,a,,,0,40,False
2026-09-05,Liverpool,Virgil van Dijk,a,,,270,65,True
2026-09-05,Liverpool,Jeremie Frimpong,a,,,160,55,True
2026-09-05,Liverpool,Milos Kerkez,a,,,250,55,True
2026-09-05,Liverpool,Joe Gomez,i,0.0,Muscular injury - Unknown return date,0,50,False
2026-09-05,Liverpool,Conor Bradley,i,0.0,Knee injury - Unknown return date,0,50,False
2026-09-05,Liverpool,Wellity Lucky,a,,,0,40,False
2026-09-05,Liverpool,Jeremy Jacquet,a,100.0,,235,50,True
2026-09-05,Liverpool,Giovanni Leoni,i,0.0,Knee injury - Unknown return date,0,40,False
2026-09-05,Liverpool,Kostas Tsimikas,a,,,19,50,False
2026-09-05,Liverpool,Calvin Ramsay,u,0.0,Has joined St Mirren on loan for the rest of the season,0,40,False
2026-09-05,Liverpool,Florian Wirtz,a,,,242,74,True
2026-09-05,Liverpool,Cody Gakpo,a,,,250,71,True
2026-09-05,Liverpool,Dominik Szoboszlai,a,,,270,70,True
2026-09-05,Liverpool,Rio Ngumoha,a,,,81,59,False
2026-09-05,Liverpool,Federico Chiesa,i,0.0,Back injury - Unknown return date,0,54,False
2026-09-05,Liverpool,Ryan Gravenberch,a,,,122,60,False
2026-09-05,Liverpool,Alexis Mac Allister,a,,,186,55,True
2026-09-05,Liverpool,Curtis Jones,u,0.0,Has joined Internazionale permanently,0,55,False
2026-09-05,Liverpool,Endo Wataru,a,100.0,,0,50,False
2026-09-05,Liverpool,Trey Nyoni,a,,,19,49,False
2026-09-05,Liverpool,Stefan Bajčetić Maquieira,u,0.0,Has joined Celta Vigo permanently,0,50,False
2026-09-05,Liverpool,Victor Munoz,a,,,180,65,True
2026-09-05,Liverpool,James McConnell,a,,,0,45,False
2026-09-05,Liverpool,Alexander Isak,a,,,243,90,True
2026-09-05,Liverpool,Hugo Ekitiké,i,0.0,Achilles injury - Unknown return date,0,75,False
2026-09-05,Liverpool,Lewis Koumas,a,,,13,50,False
2026-09-05,Liverpool,Jayden Danns,a,100.0,,0,45,False
2026-09-05,Liverpool,Harvey Elliott,u,0.0,Has joined Valencia on loan for the rest of the season,0,54,False
2026-09-05,Liverpool,Ronald Araujo,a,,,123,54,False
2026-09-05,Liverpool,Bradley Barcola,a,,,26,80,False
2026-09-05,Man City,Enzo Fernández,a,,,100,69,False
2026-09-05,Man City,Iliman Ndiaye,a,,,266,59,True
2026-09-05,Man City,Gianluigi Donnarumma,a,,,270,55,True
2026-09-05,Man City,Marcus Bettinelli,a,,,0,45,False
2026-09-05,Man City,Nico O'Reilly,d,75.0,Back injury - 75% chance of playing,150,65,True
2026-09-05,Man City,Marc Guéhi,a,,,270,60,True
2026-09-05,Man City,Matheus Nunes,a,100.0,,33,59,False
2026-09-05,Man City,Rúben dos Santos Gato Alves Dias,a,,,270,55,True
2026-09-05,Man City,Joško Gvardiol,a,,,254,56,True
2026-09-05,Man City,Rayan Aït-Nouri,a,,,0,54,False
2026-09-05,Man City,Abdukodir Khusanov,a,,,268,55,True
2026-09-05,Man City,Max Alleyne,u,0.0,Has joined Burnley on loan for the rest of the season,0,50,False
2026-09-05,Man City,Rico Lewis,a,,,56,45,False
2026-09-05,Man City,Vitor de Oliveira Nunes dos Reis,a,,,1,45,False
2026-09-05,Man City,Antoine Semenyo,a,,,270,85,True
2026-09-05,Man City,Phil Foden,a,,,195,70,True
2026-09-05,Man City,Rayan Cherki,a,,,173,78,True
2026-09-05,Man City,Jérémy Doku,i,0.0,Calf injury - Expected back 5 Sep,0,74,False
2026-09-05,Man City,Rodrigo 'Rodri' Hernandez Cascante,u,0.0,Has joined Barcelona permanently,0,65,False
2026-09-05,Man City,Tijjani Reijnders,u,0.0,Has joined Al Qadsiah permanently,0,60,False
2026-09-05,Man City,Mateo Kovačić,a,,,42,54,False
2026-09-05,Man City,Claudio Echeverri,u,0.0,Has joined Benfica on loan for the rest of the season,0,49,False
2026-09-05,Man City,Kalvin Phillips,u,0.0,Has joined Sheffield United on loan for the rest of the season,0,50,False
2026-09-05,Man City,Divine Mukasa,u,0.0,has joined West Ham on loan for the rest of the seaon.,0,45,False
2026-09-05,Man City,Jeremy Monga,u,0.0,Has joined Swansea City on loan for the rest of the season,0,49,False
2026-09-05,Man City,Erling Haaland,a,,,270,155,True
2026-09-05,Man City,Elliot Anderson,a,100.0,,233,64,True
2026-09-05,Man City,Gerónimo Rulli,a,,,0,50,False
2026-09-05,Man City,Ayyoub Bouaddi,a,,,22,55,False
2026-09-05,Man City,Ryan McAidoo,a,,,11,45,False
2026-09-05,Man City,Kaden Braithwaite,a,,,1,40,False
2026-09-05,Man City,Allan Andrade Elias,a,,,0,60,False
2026-09-05,Man City,Floyd Samba,a,,,0,45,False
2026-09-05,Man United,Youri Tielemans,a,100.0,,156,59,True
2026-09-05,Man United,Carlos Baleba,i,0.0,Ankle injury - Expected back 19 Sep,0,50,False
2026-09-05,Man United,Andrey Nascimento dos Santos,a,,,76,49,False
2026-09-05,Man United,Karl Darlow,a,100.0,,0,45,False
2026-09-05,Man United,Senne Lammens,a,,,180,50,True
2026-09-05,Man United,Altay Bayındır,u,0.0,Has joined Celta Vigo on loan for the rest of the season,0,45,False
2026-09-05,Man United,Tom Heaton,i,0.0,Hamstring injury - Unknown return date,0,40,False
2026-09-05,Man United,Patrick Dorgu,a,,,55,59,False
2026-09-05,Man United,Matthijs de Ligt,i,0.0,Back injury - Unknown return date,0,50,False
2026-09-05,Man United,Diogo Dalot Teixeira,a,,,83,50,False
2026-09-05,Man United,Harry Maguire,a,,,180,50,True
2026-09-05,Man United,Lisandro Martínez,a,100.0,,90,50,False
2026-09-05,Man United,Leny Yoro,a,,,16,49,False
2026-09-05,Man United,Ayden Heaven,a,,,90,44,False
2026-09-05,Man United,Noussair Mazraoui,a,,,96,45,False
2026-09-05,Man United,Luke Shaw,a,,,162,45,True
2026-09-05,Man United,Harry Amass,a,,,0,40,False
2026-09-05,Man United,Tyler Fredricson,u,0.0,Has joined Lausanne-Sport permanently,0,40,False
2026-09-05,Man United,Bruno Borges Fernandes,a,,,180,120,True
2026-09-05,Man United,Bryan Mbeumo,a,,,180,79,True
2026-09-05,Man United,Matheus Santos Carneiro da Cunha,a,,,158,79,True
2026-09-05,Man United,Marcus Rashford,a,,,124,70,False
2026-09-05,Man United,Mason Mount,d,75.0,Foot injury - 75% chance of playing,0,54,False
2026-09-05,Man United,Amad Diallo,i,0.0,Unspecified injury - Unknown return date,0,58,False
2026-09-05,Man United,Kobbie Mainoo,a,,,102,55,False
2026-09-05,Man United,Manuel Ugarte Ribeiro,i,0.0,Knee injury - Unknown return date,0,50,False
2026-09-05,Man United,Jack Fletcher,a,,,0,50,False
2026-09-05,Man United,Shea Lacey,a,,,10,50,False
2026-09-05,Man United,Toby Collyer,u,0.0,Has joined West Brom permanently,0,50,False
2026-09-05,Man United,Bendito Mantato,a,,,0,45,False
2026-09-05,Man United,Tyler Fletcher,a,,,0,45,False
2026-09-05,Man United,Benjamin Sesko,a,100.0,,33,70,False
2026-09-05,Man United,Joshua Zirkzee,a,,,0,54,False
2026-09-05,Man United,Chido Obi,a,,,0,45,False
2026-09-05,Newcastle,Nico González Iglesias,a,,,146,55,True
2026-09-05,Newcastle,Nick Pope,a,,,0,50,False
2026-09-05,Newcastle,Mark Gillespie,a,,,0,45,False
2026-09-05,Newcastle,Ewen Jaouen,a,,,0,45,False
2026-09-05,Newcastle,Malick Thiaw,a,,,270,50,True
2026-09-05,Newcastle,Fabian Schär,a,100.0,,1,50,False
2026-09-05,Newcastle,Sven Botman,a,,,270,50,True
2026-09-05,Newcastle,Dan Burn,i,0.0,Ankle injury - Expected back 14 Sep,0,49,False
2026-09-05,Newcastle,Lewis Hall,a,,,269,51,True
2026-09-05,Newcastle,Tino Livramento,a,100.0,,1,49,False
2026-09-05,Newcastle,Alex Murphy,u,0.0,Has joined FC Kaiserslautern on loan for the rest of the season,0,40,False
2026-09-05,Newcastle,Harvey Barnes,a,,,270,60,True
2026-09-05,Newcastle,Anthony Elanga,a,,,232,61,True
2026-09-05,Newcastle,Jacob Ramsey,a,,,69,49,False
2026-09-05,Newcastle,Jacob Murphy,a,,,35,59,False
2026-09-05,Newcastle,Joelinton Cássio Apolinário de Lira,i,0.0,Unspecified injury - Unknown return date,0,54,False
2026-09-05,Newcastle,Lewis Miley,a,100.0,,227,55,True
2026-09-05,Newcastle,Joe Willock,a,,,166,50,True
2026-09-05,Newcastle,Bazoumana Touré,a,,,1,59,False
2026-09-05,Newcastle,Sean Steur,a,,,87,50,False
2026-09-05,Newcastle,Nick Woltemade,u,0.0,Has joined Juventus on loan for the rest of the season,19,59,False
2026-09-05,Newcastle,Yoane Wissa,a,,,261,61,True
2026-09-05,Newcastle,William Osula,i,0.0,Foot injury - Unknown return date,55,59,False
2026-09-05,Newcastle,Sean Neave,u,0.0,Has joined Wolves on loan for the rest of the season,0,45,False
2026-09-05,Newcastle,Aladji Bamba,a,,,14,50,False
2026-09-05,Newcastle,Lukás Hornícek,a,,,270,50,True
2026-09-05,Newcastle,Amar Dedic,a,,,270,45,True
2026-09-05,Newcastle,Leo Shahar,a,,,0,40,False
2026-09-05,Newcastle,Matias Fernandez-Pardo,a,,,27,60,False
2026-09-05,Nott'm Forest,Liam Delap,a,,,97,55,False
2026-09-05,Nott'm Forest,Daniel Muñoz Mejía,a,,,85,54,False
2026-09-05,Nott'm Forest,Matz Sels,a,,,270,50,True
2026-09-05,Nott'm Forest,John Victor Maciel Furtado,a,,,0,45,False
2026-09-05,Nott'm Forest,Neco Williams,a,,,270,50,True
2026-09-05,Nott'm Forest,Felipe Rodrigues da Silva,u,0.0,Has joined West Ham on loan for the rest of the season,0,50,False
2026-09-05,Nott'm Forest,Nikola Milenković,a,,,270,55,True
2026-09-05,Nott'm Forest,Murillo Costa dos Santos,a,100.0,,269,55,True
2026-09-05,Nott'm Forest,Ola Aina,a,,,216,45,True
2026-09-05,Nott'm Forest,Jair Paula da Cunha Filho,a,,,270,45,True
2026-09-05,Nott'm Forest,Nicolò Savona,i,0.0,Knee injury - Unknown return date,0,45,False
2026-09-05,Nott'm Forest,Omar Richards,a,,,0,40,False
2026-09-05,Nott'm Forest,Zach Abbott,u,0.0,Has joined Southampton on loan for the rest of the season,0,40,False
2026-09-05,Nott'm Forest,Luca Netz,a,,,20,45,False
2026-09-05,Nott'm Forest,Tyler Bindon,u,0.0,Has joined Charlton Athletic on loan for the rest of the season,0,40,False
2026-09-05,Nott'm Forest,Morgan Gibbs-White,a,100.0,,270,79,True
2026-09-05,Nott'm Forest,Callum Hudson-Odoi,a,100.0,,1,59,False
2026-09-05,Nott'm Forest,Dan Ndoye,a,,,184,55,True
2026-09-05,Nott'm Forest,Omari Hutchinson,u,0.0,Has joined AC Milan on loan for the rest of the season,0,54,False
2026-09-05,Nott'm Forest,Dilane Bakwa,u,0.0,Has joined Lille on loan for the rest of the season,0,55,False
2026-09-05,Nott'm Forest,James McAtee,a,,,253,55,True
2026-09-05,Nott'm Forest,Nicolás Domínguez,a,,,1,50,False
2026-09-05,Nott'm Forest,Ibrahim Sangaré,a,100.0,,90,49,False
2026-09-05,Nott'm Forest,Ryan Yates,a,100.0,,0,45,False
2026-09-05,Nott'm Forest,Chris Wood,a,,,44,59,False
2026-09-05,Nott'm Forest,Igor Jesus Maciel da Cruz,a,,,211,59,True
2026-09-05,Nott'm Forest,Arnaud Kalimuendo,a,,,1,54,False
2026-09-05,Nott'm Forest,Xaver Schlager,a,,,196,50,True
2026-09-05,Nott'm Forest,Ousmane Diomande,a,,,1,54,False
2026-09-05,Nott'm Forest,Steven Benda,a,,,0,45,False
2026-09-05,Tottenham,Jan Paul van Hecke,a,,,270,49,True
2026-09-05,Tottenham,Tosin Adarabioyo,a,,,0,45,False
2026-09-05,Tottenham,Omar Marmoush,a,,,173,70,True
2026-09-05,Tottenham,Sávio Moreira de Oliveira,a,100.0,,60,65,False
2026-09-05,Tottenham,Sandro Tonali,a,,,254,54,True
2026-09-05,Tottenham,Guglielmo Vicario,u,0.0,Has joined Juventus on loan for the rest of the season,0,45,False
2026-09-05,Tottenham,Brandon Austin,a,,,0,40,False
2026-09-05,Tottenham,Antonín Kinský,a,,,270,45,True
2026-09-05,Tottenham,Martin Dubravka,a,,,0,40,False
2026-09-05,Tottenham,Marcos Senesi Barón,a,,,90,59,False
2026-09-05,Tottenham,Pedro Porro Sauceda,a,100.0,,180,55,True
2026-09-05,Tottenham,Cristian Romero,u,0.0,Has joined Atletico Madrid permanently,0,50,False
2026-09-05,Tottenham,Andrew Robertson,a,,,186,45,True
2026-09-05,Tottenham,Micky van de Ven,a,100.0,,180,50,True
2026-09-05,Tottenham,Djed Spence,u,0.0,Has joined Internazionale permanently,0,45,False
2026-09-05,Tottenham,Destiny Udogie,a,,,86,45,False
2026-09-05,Tottenham,Ashley Phillips,u,0.0,Has joined Middlesbrough permanently,0,45,False
2026-09-05,Tottenham,Ben Davies,a,,,0,40,False
2026-09-05,Tottenham,Jun'ai Byfield,a,,,0,40,False
2026-09-05,Tottenham,James Rowswell,a,,,0,40,False
2026-09-05,Tottenham,João Victor de Souza Menezes,u,0.0,Has joined FC Porto on loan for the rest of the season,0,40,False
2026-09-05,Tottenham,Mohammed Kudus,a,100.0,,51,65,False
2026-09-05,Tottenham,Xavi Simons,i,0.0,Knee injury - Unknown return date,0,60,False
2026-09-05,Tottenham,Mathys Tel,a,,,230,59,True
2026-09-05,Tottenham,James Maddison,d,75.0,Shoulder injury - 75% chance of playing,22,64,False
2026-09-05,Tottenham,Rodrigo Bentancur,a,,,225,55,True
2026-09-05,Tottenham,Wilson Odobert,i,0.0,Knee injury - Unknown return date,0,55,False
2026-09-05,Tottenham,Pape Matar Sarr,u,0.0,Has joined Juventus on loan for the rest of the season,0,49,False
2026-09-05,Tottenham,Conor Gallagher,a,,,128,54,False
2026-09-05,Tottenham,Lucas Bergvall,a,,,45,54,False
2026-09-05,Tottenham,Dejan Kulusevski,i,0.0,Knee injury - Unknown return date,0,65,False
2026-09-05,Tottenham,Archie Gray,a,,,152,50,True
2026-09-05,Tottenham,Mikey Moore,u,0.0,Has joined FC Köln on loan for the rest of the season,89,50,False
2026-09-05,Tottenham,Callum Olusesi,a,,,0,45,False
2026-09-05,Tottenham,Mateus Fernandes,a,,,142,59,True
2026-09-05,Tottenham,Dominic Solanke-Mitchell,a,,,43,59,False
2026-09-05,Tottenham,Richarlison de Andrade,u,0.0,not included in squad.,67,59,False
2026-09-05,Tottenham,Dane Scarlett,u,0.0,Has joined Leyton Orient permanently,0,45,False
2026-09-05,Tottenham,Mykhailo Mudryk,a,,,16,54,False
2026-09-05,Tottenham,Luca Williams-Barnett,a,,,0,45,False
2026-09-05,Sunderland,Kevin Danso,a,,,90,50,False
2026-09-05,Sunderland,Robin Roefs,a,,,270,50,True
2026-09-05,Sunderland,Anthony Patterson,u,0.0,Has joined Wrexham permanently,0,40,False
2026-09-05,Sunderland,Melker Ellborg,a,,,0,45,False
2026-09-05,Sunderland,Daniel Ballard,a,,,270,50,True
2026-09-05,Sunderland,Nordi Mukiele,a,100.0,,180,55,True
2026-09-05,Sunderland,Trai Hume,a,,,195,45,True
2026-09-05,Sunderland,Omar Alderete,a,100.0,,23,49,False
2026-09-05,Sunderland,Reinildo Mandava,a,,,270,45,True
2026-09-05,Sunderland,Jenson Seelt,u,0.0,Has joined Swansea City on loan for the rest of the season,0,45,False
2026-09-05,Sunderland,Leo Fuhr Hjelde,u,0.0,Has joined KV Mechelen on loan for the rest of the season,0,40,False
2026-09-05,Sunderland,Luke O'Nien,a,,,66,40,False
2026-09-05,Sunderland,Arthur Masuaku,u,0.0,Has joined Konyaspor permanently,0,40,False
2026-09-05,Sunderland,Thomas Meunier,a,100.0,,243,45,True
2026-09-05,Sunderland,Enzo Le Fée,a,,,258,59,True
2026-09-05,Sunderland,Habib Diarra,i,0.0,Hamstring injury - Unknown return date,28,54,False
2026-09-05,Sunderland,Granit Xhaka,a,,,270,55,True
2026-09-05,Sunderland,Noah Sadiki,a,,,253,50,True
2026-09-05,Sunderland,Simon Adingra,u,0.0,Has joined Ajax on loan for the rest of the season,0,49,False
2026-09-05,Sunderland,Romaine Mundle,a,,,1,50,False
2026-09-05,Sunderland,Chris Rigg,a,,,17,50,False
2026-09-05,Sunderland,Chemsdine Talbi,a,,,31,54,False
2026-09-05,Sunderland,Djiamgone Jocelin Ta Bi,a,,,0,50,False
2026-09-05,Sunderland,Nilson Angulo,a,,,185,50,True
2026-09-05,Sunderland,Brian Brobbey,a,,,219,59,True
2026-09-05,Sunderland,Wilson Isidor,a,,,75,55,False
2026-09-05,Sunderland,Dayann Méthalie,a,100.0,,0,45,False
2026-09-05,Sunderland,Jules Ahoka,a,,,0,45,False
2026-09-05,Sunderland,Malick Fofana,a,,,16,55,False
2026-09-05,Sunderland,Juan Angulo,a,,,0,45,False
2026-09-06,Arsenal,David Raya Martín,a,,,180,60,True
2026-09-06,Arsenal,Kepa Arrizabalaga Revuelta,a,,,0,49,False
2026-09-06,Arsenal,Illan Meslier,a,,,0,49,False
2026-09-06,Arsenal,Gabriel dos Santos Magalhães,a,,,180,80,True
2026-09-06,Arsenal,Jurriën Timber,d,25.0,Groin injury - 25% chance of playing,0,65,False
2026-09-06,Arsenal,William Saliba,i,0.0,Back injury - Unknown return date,0,60,False
2026-09-06,Arsenal,Myles Lewis-Skelly,a,,,160,55,True
2026-09-06,Arsenal,Riccardo Calafiori,a,,,170,57,True
2026-09-06,Arsenal,Piero Hincapié,a,,,9,53,False
2026-09-06,Arsenal,Benjamin White,a,100.0,,180,55,True
2026-09-06,Arsenal,Cristhian Mosquera,d,75.0,Unspecified injury - 75% chance of playing,168,55,True
2026-09-06,Arsenal,Bukayo Saka,a,,,157,95,True
2026-09-06,Arsenal,Declan Rice,a,,,151,74,True
2026-09-06,Arsenal,Eberechi Eze,a,,,59,64,False
2026-09-06,Arsenal,Martin Ødegaard,a,,,145,66,True
2026-09-06,Arsenal,Noni Madueke,a,,,22,63,False
2026-09-06,Arsenal,Mikel Merino Zazón,a,,,33,59,False
2026-09-06,Arsenal,Gabriel Martinelli Silva,u,0.0,Has joined Al Hilal permanently,0,63,False
2026-09-06,Arsenal,Martín Zubimendi Ibáñez,a,,,27,54,False
2026-09-06,Arsenal,Max Dowman,a,,,0,54,False
2026-09-06,Arsenal,Ethan Nwaneri,u,0.0,Has joined Borussia Dortmund on loan for the rest of the season,0,54,False
2026-09-06,Arsenal,Fábio Ferreira Vieira,u,0.0,Has joined Hamburger SV permanently,0,55,False
2026-09-06,Arsenal,Reiss Nelson,u,0.0,has departed the club as a free agent.,0,55,False
2026-09-06,Arsenal,Viktor Gyökeres,a,,,0,73,False
2026-09-06,Arsenal,Kai Havertz,a,,,180,75,True
2026-09-06,Arsenal,Gabriel Fernando de Jesus,u,0.0,Has joined FC Barcelona permanently,0,59,False
2026-09-06,Arsenal,Ezri Konsa Ngoyo,a,,,11,44,False
2026-09-06,Arsenal,Bruno Guimarães Rodriguez Moura,d,75.0,Knock - 75% chance of playing,19,68,False
2026-09-06,Arsenal,Christos Tzolis,a,,,120,65,False
2026-09-06,Aston Villa,Marco Bizot,a,,,90,45,False
2026-09-06,Aston Villa,Lucas Digne,u,0.0,Has joined Paris Saint-Germain permanently,0,45,False
2026-09-06,Aston Villa,Matty Cash,a,,,251,45,True
2026-09-06,Aston Villa,Tyrone Mings,a,,,106,45,False
2026-09-06,Aston Villa,Pau Torres,a,,,163,45,True
2026-09-06,Aston Villa,Lamare Bogarde,a,,,16,50,False
2026-09-06,Aston Villa,Ian Maatsen,a,,,245,45,True
2026-09-06,Aston Villa,Victor Lindelöf,a,,,270,45,True
2026-09-06,Aston Villa,Andrés García,a,,,0,40,False
2026-09-06,Aston Villa,Kosta Nedeljkovic,u,0.0,Has joined Rangers on loan for the rest of the season,0,40,False
2026-09-06,Aston Villa,Emiliano Buendía Stati,a,,,249,60,True
2026-09-06,Aston Villa,Leon Bailey,u,0.0,Has joined Olympiakos permanently,0,54,False
2026-09-06,Aston Villa,John McGinn,a,,,261,54,True
2026-09-06,Aston Villa,Ross Barkley,a,,,240,50,True
2026-09-06,Aston Villa,Boubacar Kamara,a,100.0,,270,50,True
2026-09-06,Aston Villa,Amadou Onana,i,0.0,Knee injury - Unknown return date,0,50,False
2026-09-06,Aston Villa,Samuel Iling-Junior,u,0.0,Has joined Bolton Wanderers on loan for the rest of the season,0,50,False
2026-09-06,Aston Villa,Bradley Burrowes,a,,,0,45,False
2026-09-06,Aston Villa,George Hemmings,a,,,234,45,True
2026-09-06,Aston Villa,Alysson Edward Franco da Rocha dos Santos,a,,,42,50,False
2026-09-06,Aston Villa,Johan Manzambi,i,0.0,Knee injury - Expected back 12 Sep,0,59,False
2026-09-06,Aston Villa,Joao Gomes,s,0.0,Suspended until 19 Sep,39,55,False
2026-09-06,Aston Villa,Ollie Watkins,u,0.0,Has joined Al Hilal permanently,0,78,False
2026-09-06,Aston Villa,Tammy Abraham,a,100.0,,24,55,False
2026-09-06,Aston Villa,Alejandro Garnacho Ferreyra,a,,,31,59,False
2026-09-06,Aston Villa,Nicolas Jackson,a,,,154,65,True
2026-09-06,Aston Villa,Brian Madjo,i,0.0,Unspecified injury - Unknown return date,0,55,False
2026-09-06,Aston Villa,Matteo Ruggeri,a,,,23,45,False
2026-09-06,Aston Villa,Zion Suzuki,a,,,180,50,True
2026-09-06,Aston Villa,Triston Rowe,a,,,0,40,False
2026-09-06,Aston Villa,Luka Lynch,u,0.0,Has joined Oxford United on loan until January,0,45,False
2026-09-06,Aston Villa,Aaron Wan-Bissaka,a,,,17,45,False
2026-09-06,Aston Villa,Leon Goretzka,a,,,0,60,False
2026-09-06,Aston Villa,Taylor Harwood-Bellis,a,,,0,45,False
2026-09-06,Aston Villa,Ibrahim Mbaye,a,,,0,60,False
2026-09-06,Bournemouth,Đorđe Petrović,a,,,270,45,True
2026-09-06,Bournemouth,Fraser Forster,a,,,0,40,False
2026-09-06,Bournemouth,Will Dennis,u,0.0,Has joined MK Dons permanently,0,40,False
2026-09-06,Bournemouth,James Hill,a,,,270,55,True
2026-09-06,Bournemouth,Adrien Truffert,a,,,270,55,True
2026-09-06,Bournemouth,Bafodé Diakité,a,,,0,50,False
2026-09-06,Bournemouth,Veljko Milosavljevic,i,0.0,Unspecified injury - Unknown return date,0,50,False
2026-09-06,Bournemouth,Adam Smith,a,,,270,45,True
2026-09-06,Bournemouth,Julián Araujo Zúñiga,i,0.0,Thigh injury - Unknown return date,0,45,False
2026-09-06,Bournemouth,Julio Soler Barreto,a,100.0,,0,40,False
2026-09-06,Bournemouth,Rayan Vitor Simplício Rocha,a,,,266,65,True
2026-09-06,Bournemouth,Marcus Tavernier,a,,,268,60,True
2026-09-06,Bournemouth,Alex Scott,a,,,266,60,True
2026-09-06,Bournemouth,Justin Kluivert,a,,,229,60,True
2026-09-06,Bournemouth,Lewis Cook,a,,,157,50,True
2026-09-06,Bournemouth,Ben Gannon-Doak,a,,,2,50,False
2026-09-06,Bournemouth,Tyler Adams,a,100.0,,111,50,False
2026-09-06,Bournemouth,David Brooks,a,100.0,,23,50,False
2026-09-06,Bournemouth,Ryan Christie,a,100.0,,4,50,False
2026-09-06,Bournemouth,Alex Tóth,a,,,15,50,False
2026-09-06,Bournemouth,Amine Adli,i,0.0,Unspecified injury - Unknown return date,0,49,False
2026-09-06,Bournemouth,Junior Kroupi,i,0.0,Foot injury - Unknown return date,0,74,False
2026-09-06,Bournemouth,Francisco Evanilson de Lima Barbosa,a,,,244,60,True
2026-09-06,Bournemouth,Enes Ünal,u,0.0,Has joined Getafe permanently,0,55,False
2026-09-06,Bournemouth,Álvaro Rodríguez,a,100.0,,9,60,False
2026-09-06,Bournemouth,António João Pereira de Albuquerque Tavares da Silva,a,,,270,50,True
2026-09-06,Bournemouth,Juanlu Sánchez,a,,,0,45,False
2026-09-06,Bournemouth,Daniel Jebbison,a,,,16,50,False
2026-09-06,Bournemouth,Michele Di Gregorio,a,,,0,45,False
2026-09-06,Brentford,Caoimhín Kelleher,a,,,270,50,True
2026-09-06,Brentford,Hákon Rafn Valdimarsson,a,,,0,45,False
2026-09-06,Brentford,Nathan Collins,d,75.0,Calf injury - 75% chance of playing,196,55,True
2026-09-06,Brentford,Sepp van den Berg,i,0.0,Groin injury - Unknown return date,0,49,False
2026-09-06,Brentford,Keane Lewis-Potter,a,,,267,55,True
2026-09-06,Brentford,Kristoffer Ajer,a,,,270,45,True
2026-09-06,Brentford,Michael Kayode,a,,,207,46,True
2026-09-06,Brentford,Rico Henry,a,,,2,45,False
2026-09-06,Brentford,Aaron Hickey,a,,,61,45,False
2026-09-06,Brentford,Kim Ji-soo,a,,,0,45,False
2026-09-06,Brentford,Jannik Schuster,a,,,73,45,False
2026-09-06,Brentford,Kevin Schade,a,,,267,60,True
2026-09-06,Brentford,Dango Ouattara,a,,,140,64,True
2026-09-06,Brentford,Mikkel Damsgaard,a,,,167,55,True
2026-09-06,Brentford,Mathias Jensen,i,0.0,Unspecified injury - Expected back 18 Sep,66,55,False
2026-09-06,Brentford,Vitaly Janelt,a,,,270,50,True
2026-09-06,Brentford,Antoni Milambo,i,0.0,Knee injury - Unknown return date,0,50,False
2026-09-06,Brentford,Fábio Freitas Gouveia Carvalho,a,100.0,,0,50,False
2026-09-06,Brentford,Yehor Yarmoliuk,a,,,89,49,False
2026-09-06,Brentford,Josh Dasilva,i,0.0,Hamstring injury - Expected back 10 Oct,0,50,False
2026-09-06,Brentford,Jaidon Anthony,a,,,128,60,False
2026-09-06,Brentford,Igor Thiago Nascimento Rodrigues,a,,,262,80,True
2026-09-06,Brentford,Kaye Furo,a,,,0,45,False
2026-09-06,Brentford,Callum Wilson,a,,,13,55,False
2026-09-06,Brentford,Mamadou Sangaré,a,,,210,57,True
2026-09-06,Brentford,El Hadji Malick Diouf,a,,,0,45,False
2026-09-06,Brighton,Bart Verbruggen,a,,,270,45,True
2026-09-06,Brighton,Jason Steele,a,,,0,40,False
2026-09-06,Brighton,Ferdi Kadıoğlu,a,100.0,,167,44,True
2026-09-06,Brighton,Olivier Boscagli,a,,,270,45,True
2026-09-06,Brighton,Maxim De Cuyper,a,,,243,47,True
2026-09-06,Brighton,Lewis Dunk,a,,,270,45,True
2026-09-06,Brighton,Diego Coppola,a,,,0,45,False
2026-09-06,Brighton,Igor Julio dos Santos de Paulo,u,0.0,Has joined Burnley permanently,0,45,False
2026-09-06,Brighton,João Pedro Loureiro da Costa,a,,,48,45,False
2026-09-06,Brighton,Michael Svoboda,a,,,0,50,False
2026-09-06,Brighton,Mitoma Kaoru,i,0.0,Hamstring injury - Unknown return date,0,59,False
2026-09-06,Brighton,Yankuba Minteh,i,0.0,Leg injury - Expected back 28 Nov,0,59,False
2026-09-06,Brighton,Jack Hinshelwood,d,50.0,Unspecified injury - 50% chance of playing,63,60,False
2026-09-06,Brighton,Pascal Groß,a,,,270,55,True
2026-09-06,Brighton,Georginio Rutter,d,75.0,Unspecified injury - 75% chance of playing,90,55,False
2026-09-06,Brighton,Matt O'Riley,a,,,0,55,False
2026-09-06,Brighton,Diego Gómez Amarilla,a,,,265,50,True
2026-09-06,Brighton,Facundo Buonanotte,u,0.0,Has joined Elche on loan for the rest of the season,0,50,False
2026-09-06,Brighton,Yasin Ayari,a,100.0,,153,54,True
2026-09-06,Brighton,Mats Wieffer,i,0.0,Knee injury - Unknown return date,156,50,True
2026-09-06,Brighton,Harry Howell,u,0.0,Has joined Leicester City on loan for the rest of the season,0,45,False
2026-09-06,Brighton,Tom Watson,u,0.0,Has joined Leicester City on loan for the rest of the season,0,50,False
2026-09-06,Brighton,Nehemiah Oriola,a,,,0,45,False
2026-09-06,Brighton,Zadok Yohanna,a,,,12,49,False
2026-09-06,Brighton,Stefanos Tzimas,i,0.0,Knee injury - Unknown return date,0,55,False
2026-09-06,Brighton,Charalampos Kostoulas,a,,,195,55,True
2026-09-06,Brighton,Evan Ferguson,i,0.0,Ankle injury - Expected back 10 Oct,0,50,False
2026-09-06,Brighton,Pascal Struijk,a,100.0,,1,50,False
2026-09-06,Brighton,Luka Vušković,a,,,270,50,True
2026-09-06,Brighton,Promise David,a,,,23,60,False
2026-09-06,Brighton,Ibrahim Osman,a,,,28,50,False
2026-09-06,Brighton,Malick Yalcouyé,a,,,167,45,True
2026-09-06,Brighton,Jaouen Hadjam,a,,,0,45,False
2026-09-06,Brighton,Amario Cozier-Duberry,u,0.0,Has joined Middlesbrough on loan for the rest of the season,0,50,False
2026-09-06,Brighton,José María Andrés Baixauli,a,,,0,55,False
2026-09-06,Brighton,Femi Azeez,i,0.0,Unspecified injury - Expected back 13 Sep,0,55,False
2026-09-06,Chelsea,Emiliano Martínez Romero,a,,,90,50,False
2026-09-06,Chelsea,Morgan Rogers,a,,,171,75,True
2026-09-06,Chelsea,Jordan Henderson,d,75.0,Wrist injury - 75% chance of playing,0,50,False
2026-09-06,Chelsea,Danny Welbeck,a,100.0,,0,59,False
2026-09-06,Chelsea,Robert Lynch Sánchez,u,0.0,Has joined Como on loan for the rest of the season,90,49,False
2026-09-06,Chelsea,Filip Jörgensen,u,0.0,Has joined RC Strasbourg on loan for the rest of the season,0,50,False
2026-09-06,Chelsea,Reece James,a,,,112,54,False
2026-09-06,Chelsea,Trevoh Chalobah,u,0.0,Has joined Como permanently,0,55,False
2026-09-06,Chelsea,Malo Gusto,a,,,165,50,True
2026-09-06,Chelsea,Wesley Fofana,a,100.0,,67,50,False
2026-09-06,Chelsea,Benoît Badiashile Mukinayi,u,0.0,Has joined Napoli on loan for the rest of the season,0,45,False
2026-09-06,Chelsea,Jorrel Hato,a,,,154,45,True
2026-09-06,Chelsea,Levi Samuels Colwill,a,,,161,49,True
2026-09-06,Chelsea,Mamadou Sarr,u,0.0,Has joined Real Sociedad on loan for the rest of the season,0,45,False
2026-09-06,Chelsea,Josh Acheampong,a,,,112,45,False
2026-09-06,Chelsea,Marco Palestra,d,75.0,Unspecified injury - 75% chance of playing,0,54,False
2026-09-06,Chelsea,Cole Palmer,a,100.0,,172,96,True
2026-09-06,Chelsea,Pedro Lomba Neto,a,,,81,65,False
2026-09-06,Chelsea,Estêvão Almeida de Oliveira Gonçalves,a,,,7,64,False
2026-09-06,Chelsea,Jamie Bynoe-Gittens,a,,,0,59,False
2026-09-06,Chelsea,Moisés Caicedo Corozo,d,75.0,Unspecified injury - 75% chance of playing,13,54,False
2026-09-06,Chelsea,Roméo Lavia,a,,,131,50,False
2026-09-06,Chelsea,Dário Luís Essugo,u,0.0,Has joined RC Strasbourg on loan for the rest of the season,0,45,False
2026-09-06,Chelsea,Geovany Quenda,a,100.0,,8,54,False
2026-09-06,Chelsea,João Pedro Junqueira de Jesus,a,,,180,77,True
2026-09-06,Chelsea,Marc Guiu Paz,u,0.0,Has joined RB Leipzig permanently,0,50,False
2026-09-06,Chelsea,Shumaira Mheuka,a,,,0,45,False
2026-09-06,Chelsea,Emmanuel Emegha,a,100.0,,0,50,False
2026-09-06,Chelsea,Maxence Lacroix,a,,,180,60,True
2026-09-06,Chelsea,Mike Penders,a,,,0,45,False
2026-09-06,Chelsea,Aaron Anselmino,a,100.0,,0,45,False
2026-09-06,Chelsea,Valentín Barco,a,,,8,55,False
2026-09-06,Chelsea,Pep Chavarría,a,,,43,49,False
2026-09-06,Coventry,Ethan Pinnock,a,,,102,45,False
2026-09-06,Coventry,Frank Onyeka,a,,,152,50,True
2026-09-06,Coventry,Carl Rushworth,a,,,270,45,True
2026-09-06,Coventry,Oliver Dovin,u,0.0,Has joined Leyton Orient on loan for the rest of the season,0,40,False
2026-09-06,Coventry,Ben Wilson,a,,,0,45,False
2026-09-06,Coventry,Bobby Thomas,a,,,257,40,True
2026-09-06,Coventry,Liam Kitching,u,0.0,Has joined Sheffield United on loan for the rest of the season,0,40,False
2026-09-06,Coventry,Milan van Ewijk,a,,,270,40,True
2026-09-06,Coventry,Jay Dasilva,a,,,264,40,True
2026-09-06,Coventry,Kaine Kesler-Hayden,i,0.0,Hamstring injury - Unknown return date,0,40,False
2026-09-06,Coventry,Jake Bidwell,a,,,0,40,False
2026-09-06,Coventry,Joel Latibeaudiere,a,,,0,40,False
2026-09-06,Coventry,Luke Woolfenden,i,0.0,Knee injury - Unknown return date,0,40,False
2026-09-06,Coventry,Miguel Brau,u,0.0,Has joined Academico de Viseu on loan for the rest of the season,0,40,False
2026-09-06,Coventry,Aurèle Amenda,a,,,270,40,True
2026-09-06,Coventry,Jack Rudoni,a,100.0,,152,50,True
2026-09-06,Coventry,Matt Grimes,a,,,270,50,True
2026-09-06,Coventry,Tatsuhiro Sakamoto,a,,,31,49,False
2026-09-06,Coventry,Ephron Mason-Clark,a,100.0,,127,54,False
2026-09-06,Coventry,Josh Eccles,a,,,0,49,False
2026-09-06,Coventry,Victor Torp,a,,,47,54,False
2026-09-06,Coventry,George Shepherd,a,,,0,45,False
2026-09-06,Coventry,Loum Tchaouna,a,,,166,55,True
2026-09-06,Coventry,Raphael Borges Rodrigues,u,0.0,Has joined Burton Albion on loan for the rest of the season,0,45,False
2026-09-06,Coventry,Kai Andrews,u,0.0,Has joined Oxford United on loan for the rest of the season,0,45,False
2026-09-06,Coventry,Haji Wright,i,0.0,Thigh injury - Unknown return date,0,54,False
2026-09-06,Coventry,Brandon Thomas-Asante,a,,,120,50,False
2026-09-06,Coventry,Ellis Simms,a,,,88,50,False
2026-09-06,Coventry,Jahnoah Markelo,u,0.0,Has joined Shabab Al-Ahli Dubai permanently,0,50,False
2026-09-06,Coventry,Norman Bassette,u,0.0,Has joined KVC Westerlo on loan for the rest of the season,0,45,False
2026-09-06,Coventry,Taiwo Awoniyi,a,,,180,55,True
2026-09-06,Coventry,Caleb Yirenkyi,a,,,158,50,True
2026-09-06,Coventry,Gustavo Hamer,a,,,32,55,False
2026-09-06,Coventry,Sidiki Cherif,a,,,0,50,False
2026-09-06,Coventry,Dan Bentley,a,,,0,40,False
2026-09-06,Crystal Palace,Evann Guessand,a,,,54,55,False
2026-09-06,Crystal Palace,Axel Disasi,a,,,106,45,False
2026-09-06,Crystal Palace,Dean Henderson,a,100.0,,270,50,True
2026-09-06,Crystal Palace,Walter Benítez,a,,,0,45,False
2026-09-06,Crystal Palace,Chris Richards,a,,,270,50,True
2026-09-06,Crystal Palace,Jaydee Canvot,a,,,270,49,True
2026-09-06,Crystal Palace,Tyrick Mitchell,a,,,253,45,True
2026-09-06,Crystal Palace,Borna Sosa,u,0.0,Has joined FC Cologne on loan for the rest of the season,0,45,False
2026-09-06,Crystal Palace,Chadi Riad Dnanou,i,0.0,Knee injury - Unknown return date,72,44,False
2026-09-06,Crystal Palace,Oscar Mingueza,a,,,16,44,False
2026-09-06,Crystal Palace,Ismaïla Sarr,i,0.0,Groin injury - Unknown return date,0,63,False
2026-09-06,Crystal Palace,Adam Wharton,a,100.0,,270,55,True
2026-09-06,Crystal Palace,Yéremy Pino Santos,a,,,190,55,True
2026-09-06,Crystal Palace,Will Hughes,a,,,16,45,False
2026-09-06,Crystal Palace,Jefferson Lerma Solís,a,,,0,49,False
2026-09-06,Crystal Palace,Daichi Kamada,a,,,268,50,True
2026-09-06,Crystal Palace,Justin Devenny,u,0.0,Has joined Stoke City permanently,0,50,False
2026-09-06,Crystal Palace,Romain Esse,u,0.0,Has joined Millwall on loan for the rest of the season,0,50,False
2026-09-06,Crystal Palace,Matheus França de Oliveira,a,,,0,49,False
2026-09-06,Crystal Palace,Cheick Doucouré,a,,,0,49,False
2026-09-06,Crystal Palace,Jesurun Rak-Sakyi,a,,,0,50,False
2026-09-06,Crystal Palace,Rio Cardines,u,0.0,Has joined Bristol City on loan for the rest of the season,0,45,False
2026-09-06,Crystal Palace,Joél Drakes-Thomas,a,,,0,45,False
2026-09-06,Crystal Palace,Jørgen Strand Larsen,a,,,134,60,False
2026-09-06,Crystal Palace,Jean-Philippe Mateta,i,0.0,Hamstring injury - Expected back 11 Oct,62,64,False
2026-09-06,Crystal Palace,Eddie Nketiah,a,,,167,55,True
2026-09-06,Crystal Palace,Christantus Uche,u,0.0,has returned to Getafe CF,0,50,False
2026-09-06,Crystal Palace,Dwight McNeil,a,,,84,54,False
2026-09-06,Crystal Palace,Remi Matthews,a,,,0,40,False
2026-09-06,Crystal Palace,Takehiro Tomiyasu,a,,,91,45,False
2026-09-06,Crystal Palace,Anan Khalaili,a,,,199,50,True
2026-09-06,Crystal Palace,Zavier Gozo,a,,,22,50,False
2026-09-06,Crystal Palace,Honest Ahanor,a,,,0,45,False
2026-09-06,Crystal Palace,Ben Chilwell,a,,,16,45,False
2026-09-06,Crystal Palace,Quinten Timber,a,,,73,50,False
2026-09-06,Crystal Palace,Darío Osorio,a,,,1,55,False
2026-09-06,Everton,Christian Nørgaard,i,0.0,Groin injury - Unknown return date,0,49,False
2026-09-06,Everton,Brennan Johnson,a,,,34,59,False
2026-09-06,Everton,Jordan Pickford,a,,,180,55,True
2026-09-06,Everton,Mark Travers,a,,,0,50,False
2026-09-06,Everton,Tom King,a,,,0,45,False
2026-09-06,Everton,James Tarkowski,a,,,180,60,True
2026-09-06,Everton,Jarrad Branthwaite,a,,,180,55,True
2026-09-06,Everton,Michael Keane,a,,,0,49,False
2026-09-06,Everton,Jake O'Brien,a,,,0,49,False
2026-09-06,Everton,Vitalii Mykolenko,a,,,180,45,True
2026-09-06,Everton,Nathan Patterson,u,0.0,Has joined Torino permanently,0,45,False
2026-09-06,Everton,Adam Aznou,u,0.0,Has joined Malaga on loan for the rest of the season,0,40,False
2026-09-06,Everton,Kiernan Dewsbury-Hall,a,,,180,65,True
2026-09-06,Everton,Jack Grealish,a,100.0,,8,65,False
2026-09-06,Everton,James Garner,a,100.0,,72,60,False
2026-09-06,Everton,Tyrique George,a,,,144,55,True
2026-09-06,Everton,Carlos Alcaraz Durán,a,,,5,50,False
2026-09-06,Everton,Harrison Armstrong,a,,,176,50,True
2026-09-06,Everton,Tyler Dibling,a,,,0,54,False
2026-09-06,Everton,Merlin Röhl,a,,,175,50,True
2026-09-06,Everton,Hayden Hackney,a,100.0,,106,55,False
2026-09-06,Everton,Norberto Bercique Gomes Betuncal,u,0.0,Has joined Fiorentina permanently,31,54,False
2026-09-06,Everton,Thierno Barry,a,,,147,56,True
2026-09-06,Everton,Ainsley Maitland-Niles,a,,,0,45,False
2026-09-06,Fulham,Bernd Leno,a,,,270,45,True
2026-09-06,Fulham,Benjamin Lecomte,a,,,0,40,False
2026-09-06,Fulham,Alfie McNally,u,0.0,Has joined York City on loan for the rest of the season,0,40,False
2026-09-06,Fulham,Joachim Andersen,a,100.0,,180,50,True
2026-09-06,Fulham,Antonee Robinson,a,,,249,45,True
2026-09-06,Fulham,Jorge Cuenca Barreno,a,,,90,45,False
2026-09-06,Fulham,Kenny Tete,a,,,0,45,False
2026-09-06,Fulham,Calvin Bassey,a,,,270,45,True
2026-09-06,Fulham,Timothy Castagne,a,,,247,45,True
2026-09-06,Fulham,Alex Iwobi,a,,,262,55,True
2026-09-06,Fulham,Emile Smith Rowe,a,,,25,54,False
2026-09-06,Fulham,Kevin Santos Lopes de Macedo,a,,,24,54,False
2026-09-06,Fulham,Oscar Bobb,a,,,211,55,True
2026-09-06,Fulham,Sander Berge,a,,,183,50,True
2026-09-06,Fulham,Tom Cairney,i,0.0,Knee injury - Expected back 10 Oct,0,50,False
2026-09-06,Fulham,Josh King,a,,,270,55,True
2026-09-06,Fulham,Ryan Sessegnon,a,,,50,45,False
2026-09-06,Fulham,Harrison Reed,a,,,0,45,False
2026-09-06,Fulham,Rodrigo Muniz Carvalho,a,,,15,55,False
2026-09-06,Fulham,Jonah Kusi-Asare,a,,,0,45,False
2026-09-06,Fulham,Gonzalo García,a,,,270,60,True
2026-09-06,Fulham,César Palacios,a,,,207,55,True
2026-09-06,Fulham,Shea Charles,a,,,123,50,False
2026-09-06,Fulham,Luc De Fougerolles,d,75.0,Unspecified injury - 75% chance of playing,0,40,False
2026-09-06,Fulham,Macauley Zepa,a,,,0,45,False
2026-09-06,Fulham,Hugo Larsson,a,,,11,50,False
2026-09-06,Fulham,Manuel Ángel Morán Ibáñez,a,,,0,50,False
2026-09-06,Fulham,David Affengruber,a,,,0,45,False
2026-09-06,Hull,Tim Iroegbunam,a,100.0,,4,50,False
2026-09-06,Hull,Dillon Phillips,a,,,0,40,False
2026-09-06,Hull,Jack Butland,i,0.0,Arm injury - Unknown return date,0,45,False
2026-09-06,Hull,Harvey Cartwright,u,0.0,Has joined Grimsby Town on loan for the rest of the season,0,40,False
2026-09-06,Hull,Thimothée Lo-Tutala,u,0.0,Has joined Colchester United on loan for the rest of the season,0,40,False
2026-09-06,Hull,John Egan,a,,,270,40,True
2026-09-06,Hull,Charlie Hughes,i,0.0,Groin injury - Unknown return date,0,40,False
2026-09-06,Hull,Semi Ajayi,a,100.0,,243,41,True
2026-09-06,Hull,Lewie Coyle,d,75.0,Unspecified injury - 75% chance of playing,177,40,True
2026-09-06,Hull,Cody Drameh,u,0.0,Has joined Genoa permanently,65,40,False
2026-09-06,Hull,Ryan Giles,a,,,264,40,True
2026-09-06,Hull,Matty Jacob,u,0.0,Has joined Newport County on loan until January,0,40,False
2026-09-06,Hull,Cathal McCarthy,a,,,0,40,False
2026-09-06,Hull,Paddy McNair,a,,,26,40,False
2026-09-06,Hull,Mohamed Belloumi,a,,,253,50,True
2026-09-06,Hull,Liam Millar,u,0.0,Has joined Birmingham on loan for the rest of the season,50,50,False
2026-09-06,Hull,Kieran Dowell,a,,,0,45,False
2026-09-06,Hull,Matt Crooks,d,75.0,Thigh injury - 75% chance of playing,90,45,False
2026-09-06,Hull,Regan Slater,a,,,270,45,True
2026-09-06,Hull,Eliot Matazo,i,0.0,Knee injury - Unknown return date,0,45,False
2026-09-06,Hull,Abdülkadir Ömür,a,,,0,49,False
2026-09-06,Hull,Abu Kamara,u,0.0,Has joined Portsmouth permanently,0,50,False
2026-09-06,Hull,Óscar Zambrano,i,0.0,Thigh injury - Unknown return date,0,45,False
2026-09-06,Hull,Oli McBurnie,a,,,270,55,True
2026-09-06,Hull,David Akintola,a,,,0,50,False
2026-09-06,Hull,Darko Gyabi,i,0.0,Thigh injury - Unknown return date,0,45,False
2026-09-06,Hull,Enis Destan,u,0.0,Has joined Konyaspor permanently,0,45,False
2026-09-06,Hull,Mason Burstow,u,0.0,Has joined Sheffield Wednesday on loan for the rest of the season,0,45,False
2026-09-06,Hull,Joe Gelhardt,a,100.0,,0,50,False
2026-09-06,Hull,Matt Targett,a,,,5,40,False
2026-09-06,Hull,Hidemasa Morita,a,100.0,,45,50,False
2026-09-06,Hull,Konstantinos Tzolakis,a,,,270,46,True
2026-09-06,Hull,Jens Hjertø-Dahl,a,,,8,49,False
2026-09-06,Hull,Elliot Stroud,a,,,190,50,True
2026-09-06,Hull,Lucas Herrington,a,,,76,40,False
2026-09-06,Hull,Nobel Mendy,a,100.0,,191,40,True
2026-09-06,Hull,Lucas Gourna-Douath,a,,,126,50,False
2026-09-06,Hull,Mohamed-Ali Cho,a,,,15,50,False
2026-09-06,Hull,Ilyas Ansah,a,,,0,50,False
2026-09-06,Hull,Robinio Vaz,a,,,0,50,False
2026-09-06,Hull,Brooke Norton-Cuffy,a,,,26,40,False
2026-09-06,Hull,Sorba Thomas,a,,,27,55,False
2026-09-06,Hull,Christos Mouzakitis,a,,,0,50,False
2026-09-06,Ipswich,Issa Diop,a,,,270,40,True
2026-09-06,Ipswich,Saša Lukić,a,,,252,50,True
2026-09-06,Ipswich,Christian Walton,a,,,0,45,False
2026-09-06,Ipswich,Alex Palmer,a,,,0,40,False
2026-09-06,Ipswich,David Button,a,,,0,40,False
2026-09-06,Ipswich,Cédric Kipré,a,,,0,40,False
2026-09-06,Ipswich,Dara O'Shea,a,,,270,40,True
2026-09-06,Ipswich,Leif Davis,a,,,270,40,True
2026-09-06,Ipswich,Jacob Greaves,a,,,270,40,True
2026-09-06,Ipswich,Ben Johnson,u,0.0,Has joined Stoke City on loan for the rest of the season,0,40,False
2026-09-06,Ipswich,Darnell Furlong,a,,,17,40,False
2026-09-06,Ipswich,Marcelino Núñez,a,,,140,50,True
2026-09-06,Ipswich,Azor Matusiwa,i,0.0,Muscular injury - Unknown return date,0,50,False
2026-09-06,Ipswich,Wes Burns,u,0.0,Has joined Leicester City permanently,0,50,False
2026-09-06,Ipswich,Jack Taylor,i,0.0,Knee injury - Unknown return date,0,45,False
2026-09-06,Ipswich,Jack Clarke,a,,,43,55,False
2026-09-06,Ipswich,Chiedozie Ogbene,u,0.0,Has joined Lincoln City on loan until January,0,49,False
2026-09-06,Ipswich,Abdul Fatawu,a,,,225,55,True
2026-09-06,Ipswich,Emersonn Correia da Silva,a,100.0,,175,55,True
2026-09-06,Ipswich,George Hirst,u,0.0,Has joined Stoke City permanently,0,50,False
2026-09-06,Ipswich,Jaden Philogene,i,0.0,Ankle injury - Unknown return date,0,54,False
2026-09-06,Ipswich,Sam Szmodics,u,0.0,Has joined Derby County on loan for the rest of the season,0,50,False
2026-09-06,Ipswich,Chuba Akpom,a,,,69,50,False
2026-09-06,Ipswich,Sindre Walle Egeli,a,,,10,45,False
2026-09-06,Ipswich,Ali Al-Hamadi,u,0.0,Has joined Sheffield Wednesday on loan for the rest of the season,0,50,False
2026-09-06,Ipswich,Kasey McAteer,a,,,42,45,False
2026-09-06,Ipswich,Anis Mehmeti,a,,,0,49,False
2026-09-06,Ipswich,Kayne van Oevelen,u,0.0,Has joined Valencia on loan for the rest of the season,0,45,False
2026-09-06,Ipswich,Daizen Maeda,a,,,216,54,True
2026-09-06,Ipswich,Kjell Scherpen,a,,,270,45,True
2026-09-06,Ipswich,Florentino Ibrain Morris Luís,a,100.0,,0,49,False
2026-09-06,Ipswich,Julio Enciso,a,100.0,,250,55,True
2026-09-06,Ipswich,Abdoul Ouattara,a,,,39,40,False
2026-09-06,Ipswich,Cameron Humphreys,u,0.0,Has joined Huddersfield Town on loan for the rest of the season,0,45,False
2026-09-06,Ipswich,Exequiel Palacios,a,,,105,50,False
2026-09-06,Ipswich,Zian Flemming,a,,,24,55,False
2026-09-06,Leeds,Harry Wilson,a,,,127,64,False
2026-09-06,Leeds,Lucas Estella Perri,u,0.0,Has joined Torino on loan for the rest of the season,0,45,False
2026-09-06,Leeds,Jaka Bijol,a,,,164,50,True
2026-09-06,Leeds,Joe Rodon,i,0.0,Hamstring injury - Expected back 21 Nov,123,44,False
2026-09-06,Leeds,Jayden Bogle,a,,,217,45,True
2026-09-06,Leeds,Gabriel Gudmundsson,a,100.0,,90,45,False
2026-09-06,Leeds,James Justin,a,,,270,45,True
2026-09-06,Leeds,Sebastiaan Bornauw,u,0.0,Has joined Hamburg SV on loan for the rest of the season,0,45,False
2026-09-06,Leeds,Tarik Muharemović,a,,,270,50,True
2026-09-06,Leeds,Anton Stach,a,,,270,60,True
2026-09-06,Leeds,Noah Okafor,a,,,153,59,True
2026-09-06,Leeds,Brenden Aaronson,a,,,154,54,True
2026-09-06,Leeds,Ethan Ampadu,a,,,270,55,True
2026-09-06,Leeds,Sean Longstaff,a,,,8,49,False
2026-09-06,Leeds,Wilfried Gnonto,u,0.0,Has joined ACF Fiorentina on loan for the rest of the season,0,50,False
2026-09-06,Leeds,Jack Harrison,u,0.0,Has joined New England Revolution permanently,0,50,False
2026-09-06,Leeds,Daniel James,a,,,22,50,False
2026-09-06,Leeds,Ilia Gruev,d,25.0,Knee injury - 25% chance of playing,0,50,False
2026-09-06,Leeds,Tanaka Ao,a,,,117,49,False
2026-09-06,Leeds,Dominic Calvert-Lewin,a,,,252,60,True
2026-09-06,Leeds,Lukas Nmecha,a,,,38,55,False
2026-09-06,Leeds,Joël Piroe,u,0.0,Has joined West Ham United on loan for the rest of the season,0,50,False
2026-09-06,Leeds,Mateo Joseph Fernández-Regatillo,i,0.0,Knee injury - Unknown return date,0,45,False
2026-09-06,Leeds,James Trafford,a,,,270,50,True
2026-09-06,Leeds,Nico Elvedi,a,,,146,45,True
2026-09-06,Leeds,Jayden Lienou,a,,,0,40,False
2026-09-06,Leeds,Alfie Cresswell,a,,,0,45,False
2026-09-06,Leeds,Alex Cairns,a,,,0,40,False
2026-09-06,Leeds,Michael Zetterer,a,,,0,40,False
2026-09-06,Leeds,Melvin Bard,a,,,0,45,False
2026-09-06,Leeds,Jean-Mattéo Bahoya,a,,,0,50,False
2026-09-06,Liverpool,Alisson Becker,a,,,270,55,True
2026-09-06,Liverpool,Giorgi Mamardashvili,a,,,0,49,False
2026-09-06,Liverpool,Freddie Woodman,a,,,0,40,False
2026-09-06,Liverpool,Armin Pecsi,u,0.0,Has joined TSV Hartberg on loan for the rest of the season,0,40,False
2026-09-06,Liverpool,Vitezslav Jaros,i,0.0,Knee injury - Unknown return date,0,40,False
2026-09-06,Liverpool,Harvey Davies,a,,,0,40,False
2026-09-06,Liverpool,Virgil van Dijk,a,,,270,65,True
2026-09-06,Liverpool,Jeremie Frimpong,a,,,160,54,True
2026-09-06,Liverpool,Milos Kerkez,a,,,250,55,True
2026-09-06,Liverpool,Joe Gomez,i,0.0,Muscular injury - Unknown return date,0,50,False
2026-09-06,Liverpool,Conor Bradley,i,0.0,Knee injury - Unknown return date,0,50,False
2026-09-06,Liverpool,Wellity Lucky,a,,,0,40,False
2026-09-06,Liverpool,Jeremy Jacquet,a,100.0,,235,50,True
2026-09-06,Liverpool,Giovanni Leoni,i,0.0,Knee injury - Unknown return date,0,40,False
2026-09-06,Liverpool,Kostas Tsimikas,a,,,19,50,False
2026-09-06,Liverpool,Calvin Ramsay,u,0.0,Has joined St Mirren on loan for the rest of the season,0,40,False
2026-09-06,Liverpool,Florian Wirtz,a,,,242,74,True
2026-09-06,Liverpool,Cody Gakpo,a,,,250,71,True
2026-09-06,Liverpool,Dominik Szoboszlai,a,,,270,70,True
2026-09-06,Liverpool,Rio Ngumoha,a,,,81,59,False
2026-09-06,Liverpool,Federico Chiesa,i,0.0,Back injury - Unknown return date,0,54,False
2026-09-06,Liverpool,Ryan Gravenberch,a,,,122,59,False
2026-09-06,Liverpool,Alexis Mac Allister,a,,,186,55,True
2026-09-06,Liverpool,Curtis Jones,u,0.0,Has joined Internazionale permanently,0,55,False
2026-09-06,Liverpool,Endo Wataru,a,100.0,,0,50,False
2026-09-06,Liverpool,Trey Nyoni,a,,,19,49,False
2026-09-06,Liverpool,Stefan Bajčetić Maquieira,u,0.0,Has joined Celta Vigo permanently,0,50,False
2026-09-06,Liverpool,Victor Munoz,a,,,180,65,True
2026-09-06,Liverpool,James McConnell,a,,,0,45,False
2026-09-06,Liverpool,Alexander Isak,a,,,243,90,True
2026-09-06,Liverpool,Hugo Ekitiké,i,0.0,Achilles injury - Unknown return date,0,75,False
2026-09-06,Liverpool,Lewis Koumas,a,,,13,50,False
2026-09-06,Liverpool,Jayden Danns,a,100.0,,0,45,False
2026-09-06,Liverpool,Harvey Elliott,u,0.0,Has joined Valencia on loan for the rest of the season,0,54,False
2026-09-06,Liverpool,Ronald Araujo,a,,,123,54,False
2026-09-06,Liverpool,Bradley Barcola,a,,,26,80,False
2026-09-06,Man City,Enzo Fernández,a,,,100,69,False
2026-09-06,Man City,Iliman Ndiaye,a,,,266,59,True
2026-09-06,Man City,Gianluigi Donnarumma,a,,,270,55,True
2026-09-06,Man City,Marcus Bettinelli,a,,,0,45,False
2026-09-06,Man City,Nico O'Reilly,d,75.0,Back injury - 75% chance of playing,150,65,True
2026-09-06,Man City,Marc Guéhi,a,,,270,60,True
2026-09-06,Man City,Matheus Nunes,a,100.0,,33,59,False
2026-09-06,Man City,Rúben dos Santos Gato Alves Dias,a,,,270,55,True
2026-09-06,Man City,Joško Gvardiol,a,,,254,56,True
2026-09-06,Man City,Rayan Aït-Nouri,a,,,0,54,False
2026-09-06,Man City,Abdukodir Khusanov,a,,,268,55,True
2026-09-06,Man City,Max Alleyne,u,0.0,Has joined Burnley on loan for the rest of the season,0,50,False
2026-09-06,Man City,Rico Lewis,a,,,56,45,False
2026-09-06,Man City,Vitor de Oliveira Nunes dos Reis,a,,,1,45,False
2026-09-06,Man City,Antoine Semenyo,a,,,270,84,True
2026-09-06,Man City,Phil Foden,a,,,195,70,True
2026-09-06,Man City,Rayan Cherki,a,,,173,78,True
2026-09-06,Man City,Jérémy Doku,i,0.0,Calf injury - Expected back 5 Sep,0,74,False
2026-09-06,Man City,Rodrigo 'Rodri' Hernandez Cascante,u,0.0,Has joined Barcelona permanently,0,65,False
2026-09-06,Man City,Tijjani Reijnders,u,0.0,Has joined Al Qadsiah permanently,0,60,False
2026-09-06,Man City,Mateo Kovačić,a,,,42,54,False
2026-09-06,Man City,Claudio Echeverri,u,0.0,Has joined Benfica on loan for the rest of the season,0,49,False
2026-09-06,Man City,Kalvin Phillips,u,0.0,Has joined Sheffield United on loan for the rest of the season,0,50,False
2026-09-06,Man City,Divine Mukasa,u,0.0,has joined West Ham on loan for the rest of the seaon.,0,45,False
2026-09-06,Man City,Jeremy Monga,u,0.0,Has joined Swansea City on loan for the rest of the season,0,49,False
2026-09-06,Man City,Erling Haaland,a,,,270,155,True
2026-09-06,Man City,Elliot Anderson,a,100.0,,233,64,True
2026-09-06,Man City,Gerónimo Rulli,a,,,0,50,False
2026-09-06,Man City,Ayyoub Bouaddi,a,,,22,55,False
2026-09-06,Man City,Ryan McAidoo,a,,,11,45,False
2026-09-06,Man City,Kaden Braithwaite,a,,,1,40,False
2026-09-06,Man City,Allan Andrade Elias,a,,,0,60,False
2026-09-06,Man City,Floyd Samba,a,,,0,45,False
2026-09-06,Man United,Youri Tielemans,a,100.0,,156,59,True
2026-09-06,Man United,Carlos Baleba,i,0.0,Ankle injury - Expected back 19 Sep,0,50,False
2026-09-06,Man United,Andrey Nascimento dos Santos,a,,,76,49,False
2026-09-06,Man United,Karl Darlow,a,100.0,,0,45,False
2026-09-06,Man United,Senne Lammens,a,,,180,50,True
2026-09-06,Man United,Altay Bayındır,u,0.0,Has joined Celta Vigo on loan for the rest of the season,0,45,False
2026-09-06,Man United,Tom Heaton,i,0.0,Hamstring injury - Unknown return date,0,40,False
2026-09-06,Man United,Patrick Dorgu,a,,,55,59,False
2026-09-06,Man United,Matthijs de Ligt,i,0.0,Back injury - Unknown return date,0,50,False
2026-09-06,Man United,Diogo Dalot Teixeira,a,,,83,49,False
2026-09-06,Man United,Harry Maguire,a,,,180,50,True
2026-09-06,Man United,Lisandro Martínez,a,100.0,,90,50,False
2026-09-06,Man United,Leny Yoro,a,,,16,49,False
2026-09-06,Man United,Ayden Heaven,a,,,90,44,False
2026-09-06,Man United,Noussair Mazraoui,a,,,96,45,False
2026-09-06,Man United,Luke Shaw,a,,,162,45,True
2026-09-06,Man United,Harry Amass,a,,,0,40,False
2026-09-06,Man United,Tyler Fredricson,u,0.0,Has joined Lausanne-Sport permanently,0,40,False
2026-09-06,Man United,Bruno Borges Fernandes,a,,,180,120,True
2026-09-06,Man United,Bryan Mbeumo,a,,,180,79,True
2026-09-06,Man United,Matheus Santos Carneiro da Cunha,a,,,158,79,True
2026-09-06,Man United,Marcus Rashford,a,,,124,70,False
2026-09-06,Man United,Mason Mount,d,75.0,Foot injury - 75% chance of playing,0,54,False
2026-09-06,Man United,Amad Diallo,i,0.0,Unspecified injury - Unknown return date,0,58,False
2026-09-06,Man United,Kobbie Mainoo,a,,,102,55,False
2026-09-06,Man United,Manuel Ugarte Ribeiro,i,0.0,Knee injury - Unknown return date,0,50,False
2026-09-06,Man United,Jack Fletcher,a,,,0,50,False
2026-09-06,Man United,Shea Lacey,a,,,10,50,False
2026-09-06,Man United,Toby Collyer,u,0.0,Has joined West Brom permanently,0,50,False
2026-09-06,Man United,Bendito Mantato,a,,,0,45,False
2026-09-06,Man United,Tyler Fletcher,a,,,0,45,False
2026-09-06,Man United,Benjamin Sesko,a,100.0,,33,70,False
2026-09-06,Man United,Joshua Zirkzee,a,,,0,54,False
2026-09-06,Man United,Chido Obi,a,,,0,45,False
2026-09-06,Newcastle,Nico González Iglesias,a,,,146,55,True
2026-09-06,Newcastle,Nick Pope,a,,,0,50,False
2026-09-06,Newcastle,Mark Gillespie,a,,,0,45,False
2026-09-06,Newcastle,Ewen Jaouen,a,,,0,45,False
2026-09-06,Newcastle,Malick Thiaw,a,,,270,50,True
2026-09-06,Newcastle,Fabian Schär,a,100.0,,1,50,False
2026-09-06,Newcastle,Sven Botman,a,,,270,50,True
2026-09-06,Newcastle,Dan Burn,i,0.0,Ankle injury - Expected back 14 Sep,0,49,False
2026-09-06,Newcastle,Lewis Hall,a,,,269,51,True
2026-09-06,Newcastle,Tino Livramento,a,100.0,,1,49,False
2026-09-06,Newcastle,Alex Murphy,u,0.0,Has joined FC Kaiserslautern on loan for the rest of the season,0,40,False
2026-09-06,Newcastle,Harvey Barnes,a,,,270,60,True
2026-09-06,Newcastle,Anthony Elanga,a,,,232,61,True
2026-09-06,Newcastle,Jacob Ramsey,a,,,69,49,False
2026-09-06,Newcastle,Jacob Murphy,a,,,35,59,False
2026-09-06,Newcastle,Joelinton Cássio Apolinário de Lira,i,0.0,Unspecified injury - Unknown return date,0,54,False
2026-09-06,Newcastle,Lewis Miley,a,100.0,,227,55,True
2026-09-06,Newcastle,Joe Willock,a,,,166,50,True
2026-09-06,Newcastle,Bazoumana Touré,a,,,1,59,False
2026-09-06,Newcastle,Sean Steur,a,,,87,49,False
2026-09-06,Newcastle,Nick Woltemade,u,0.0,Has joined Juventus on loan for the rest of the season,19,59,False
2026-09-06,Newcastle,Yoane Wissa,a,,,261,62,True
2026-09-06,Newcastle,William Osula,i,0.0,Foot injury - Unknown return date,55,59,False
2026-09-06,Newcastle,Sean Neave,u,0.0,Has joined Wolves on loan for the rest of the season,0,45,False
2026-09-06,Newcastle,Aladji Bamba,a,,,14,49,False
2026-09-06,Newcastle,Lukás Hornícek,a,,,270,50,True
2026-09-06,Newcastle,Amar Dedic,a,,,270,45,True
2026-09-06,Newcastle,Leo Shahar,a,,,0,40,False
2026-09-06,Newcastle,Matias Fernandez-Pardo,a,,,27,60,False
2026-09-06,Nott'm Forest,Liam Delap,a,,,97,55,False
2026-09-06,Nott'm Forest,Daniel Muñoz Mejía,a,,,85,54,False
2026-09-06,Nott'm Forest,Matz Sels,a,,,270,50,True
2026-09-06,Nott'm Forest,John Victor Maciel Furtado,a,,,0,45,False
2026-09-06,Nott'm Forest,Neco Williams,a,,,270,50,True
2026-09-06,Nott'm Forest,Felipe Rodrigues da Silva,u,0.0,Has joined West Ham on loan for the rest of the season,0,50,False
2026-09-06,Nott'm Forest,Nikola Milenković,a,,,270,55,True
2026-09-06,Nott'm Forest,Murillo Costa dos Santos,a,100.0,,269,55,True
2026-09-06,Nott'm Forest,Ola Aina,a,,,216,45,True
2026-09-06,Nott'm Forest,Jair Paula da Cunha Filho,a,,,270,45,True
2026-09-06,Nott'm Forest,Nicolò Savona,i,0.0,Knee injury - Unknown return date,0,45,False
2026-09-06,Nott'm Forest,Omar Richards,a,,,0,40,False
2026-09-06,Nott'm Forest,Zach Abbott,u,0.0,Has joined Southampton on loan for the rest of the season,0,40,False
2026-09-06,Nott'm Forest,Luca Netz,a,,,20,45,False
2026-09-06,Nott'm Forest,Tyler Bindon,u,0.0,Has joined Charlton Athletic on loan for the rest of the season,0,40,False
2026-09-06,Nott'm Forest,Morgan Gibbs-White,a,100.0,,270,79,True
2026-09-06,Nott'm Forest,Callum Hudson-Odoi,a,100.0,,1,59,False
2026-09-06,Nott'm Forest,Dan Ndoye,a,,,184,55,True
2026-09-06,Nott'm Forest,Omari Hutchinson,u,0.0,Has joined AC Milan on loan for the rest of the season,0,54,False
2026-09-06,Nott'm Forest,Dilane Bakwa,u,0.0,Has joined Lille on loan for the rest of the season,0,55,False
2026-09-06,Nott'm Forest,James McAtee,a,,,253,55,True
2026-09-06,Nott'm Forest,Nicolás Domínguez,a,,,1,49,False
2026-09-06,Nott'm Forest,Ibrahim Sangaré,a,100.0,,90,49,False
2026-09-06,Nott'm Forest,Ryan Yates,a,100.0,,0,45,False
2026-09-06,Nott'm Forest,Chris Wood,a,,,44,59,False
2026-09-06,Nott'm Forest,Igor Jesus Maciel da Cruz,a,,,211,59,True
2026-09-06,Nott'm Forest,Arnaud Kalimuendo,a,,,1,54,False
2026-09-06,Nott'm Forest,Xaver Schlager,a,,,196,50,True
2026-09-06,Nott'm Forest,Ousmane Diomande,a,,,1,54,False
2026-09-06,Nott'm Forest,Steven Benda,a,,,0,45,False
2026-09-06,Tottenham,Jan Paul van Hecke,a,,,270,49,True
2026-09-06,Tottenham,Tosin Adarabioyo,a,,,0,44,False
2026-09-06,Tottenham,Omar Marmoush,a,,,173,70,True
2026-09-06,Tottenham,Sávio Moreira de Oliveira,a,100.0,,60,65,False
2026-09-06,Tottenham,Sandro Tonali,a,,,254,54,True
2026-09-06,Tottenham,Guglielmo Vicario,u,0.0,Has joined Juventus on loan for the rest of the season,0,45,False
2026-09-06,Tottenham,Brandon Austin,a,,,0,40,False
2026-09-06,Tottenham,Antonín Kinský,a,,,270,45,True
2026-09-06,Tottenham,Martin Dubravka,a,,,0,40,False
2026-09-06,Tottenham,Marcos Senesi Barón,a,,,90,59,False
2026-09-06,Tottenham,Pedro Porro Sauceda,a,100.0,,180,55,True
2026-09-06,Tottenham,Cristian Romero,u,0.0,Has joined Atletico Madrid permanently,0,50,False
2026-09-06,Tottenham,Andrew Robertson,a,,,186,45,True
2026-09-06,Tottenham,Micky van de Ven,a,100.0,,180,50,True
2026-09-06,Tottenham,Djed Spence,u,0.0,Has joined Internazionale permanently,0,45,False
2026-09-06,Tottenham,Destiny Udogie,a,,,86,45,False
2026-09-06,Tottenham,Ashley Phillips,u,0.0,Has joined Middlesbrough permanently,0,45,False
2026-09-06,Tottenham,Ben Davies,a,,,0,40,False
2026-09-06,Tottenham,Jun'ai Byfield,a,,,0,40,False
2026-09-06,Tottenham,James Rowswell,a,,,0,40,False
2026-09-06,Tottenham,João Victor de Souza Menezes,u,0.0,Has joined FC Porto on loan for the rest of the season,0,40,False
2026-09-06,Tottenham,Mohammed Kudus,a,100.0,,51,65,False
2026-09-06,Tottenham,Xavi Simons,i,0.0,Knee injury - Unknown return date,0,60,False
2026-09-06,Tottenham,Mathys Tel,a,,,230,59,True
2026-09-06,Tottenham,James Maddison,d,75.0,Shoulder injury - 75% chance of playing,22,64,False
2026-09-06,Tottenham,Rodrigo Bentancur,a,,,225,55,True
2026-09-06,Tottenham,Wilson Odobert,i,0.0,Knee injury - Unknown return date,0,55,False
2026-09-06,Tottenham,Pape Matar Sarr,u,0.0,Has joined Juventus on loan for the rest of the season,0,49,False
2026-09-06,Tottenham,Conor Gallagher,a,,,128,54,False
2026-09-06,Tottenham,Lucas Bergvall,a,,,45,54,False
2026-09-06,Tottenham,Dejan Kulusevski,i,0.0,Knee injury - Unknown return date,0,65,False
2026-09-06,Tottenham,Archie Gray,a,,,152,50,True
2026-09-06,Tottenham,Mikey Moore,u,0.0,Has joined FC Köln on loan for the rest of the season,89,50,False
2026-09-06,Tottenham,Callum Olusesi,a,,,0,45,False
2026-09-06,Tottenham,Mateus Fernandes,a,,,142,59,True
2026-09-06,Tottenham,Dominic Solanke-Mitchell,a,,,43,59,False
2026-09-06,Tottenham,Richarlison de Andrade,u,0.0,not included in squad.,67,59,False
2026-09-06,Tottenham,Dane Scarlett,u,0.0,Has joined Leyton Orient permanently,0,45,False
2026-09-06,Tottenham,Mykhailo Mudryk,a,,,16,54,False
2026-09-06,Tottenham,Luca Williams-Barnett,a,,,0,45,False
2026-09-06,Sunderland,Kevin Danso,a,,,90,50,False
2026-09-06,Sunderland,Robin Roefs,a,,,270,50,True
2026-09-06,Sunderland,Anthony Patterson,u,0.0,Has joined Wrexham permanently,0,40,False
2026-09-06,Sunderland,Melker Ellborg,a,,,0,45,False
2026-09-06,Sunderland,Daniel Ballard,a,,,270,50,True
2026-09-06,Sunderland,Nordi Mukiele,a,100.0,,180,55,True
2026-09-06,Sunderland,Trai Hume,a,,,195,45,True
2026-09-06,Sunderland,Omar Alderete,a,100.0,,23,49,False
2026-09-06,Sunderland,Reinildo Mandava,a,,,270,45,True
2026-09-06,Sunderland,Jenson Seelt,u,0.0,Has joined Swansea City on loan for the rest of the season,0,45,False
2026-09-06,Sunderland,Leo Fuhr Hjelde,u,0.0,Has joined KV Mechelen on loan for the rest of the season,0,40,False
2026-09-06,Sunderland,Luke O'Nien,a,,,66,40,False
2026-09-06,Sunderland,Arthur Masuaku,u,0.0,Has joined Konyaspor permanently,0,40,False
2026-09-06,Sunderland,Thomas Meunier,a,100.0,,243,45,True
2026-09-06,Sunderland,Enzo Le Fée,a,,,258,59,True
2026-09-06,Sunderland,Habib Diarra,i,0.0,Hamstring injury - Unknown return date,28,54,False
2026-09-06,Sunderland,Granit Xhaka,a,,,270,55,True
2026-09-06,Sunderland,Noah Sadiki,a,,,253,50,True
2026-09-06,Sunderland,Simon Adingra,u,0.0,Has joined Ajax on loan for the rest of the season,0,49,False
2026-09-06,Sunderland,Romaine Mundle,a,,,1,50,False
2026-09-06,Sunderland,Chris Rigg,a,,,17,50,False
2026-09-06,Sunderland,Chemsdine Talbi,a,,,31,54,False
2026-09-06,Sunderland,Djiamgone Jocelin Ta Bi,a,,,0,50,False
2026-09-06,Sunderland,Nilson Angulo,a,,,185,50,True
2026-09-06,Sunderland,Brian Brobbey,a,,,219,59,True
2026-09-06,Sunderland,Wilson Isidor,a,,,75,55,False
2026-09-06,Sunderland,Dayann Méthalie,a,100.0,,0,45,False
2026-09-06,Sunderland,Jules Ahoka,a,,,0,45,False
2026-09-06,Sunderland,Malick Fofana,a,,,16,55,False
2026-09-06,Sunderland,Juan Angulo,a,,,0,45,False
2026-09-10,Arsenal,David Raya Martín,a,,,270,60,True
2026-09-10,Arsenal,Kepa Arrizabalaga Revuelta,a,,,0,49,False
2026-09-10,Arsenal,Illan Meslier,a,,,0,49,False
2026-09-10,Arsenal,Gabriel dos Santos Magalhães,a,,,270,80,True
2026-09-10,Arsenal,Jurriën Timber,d,25.0,Groin injury - 25% chance of playing,0,65,False
2026-09-10,Arsenal,William Saliba,i,0.0,Back injury - Unknown return date,0,59,False
2026-09-10,Arsenal,Myles Lewis-Skelly,a,,,226,55,True
2026-09-10,Arsenal,Riccardo Calafiori,a,,,236,57,True
2026-09-10,Arsenal,Piero Hincapié,a,,,32,53,False
2026-09-10,Arsenal,Benjamin White,a,100.0,,270,55,True
2026-09-10,Arsenal,Cristhian Mosquera,d,75.0,Muscular injury - 75% chance of playing,168,54,True
2026-09-10,Arsenal,Bukayo Saka,a,,,246,95,True
2026-09-10,Arsenal,Declan Rice,a,,,241,74,True
2026-09-10,Arsenal,Eberechi Eze,a,,,59,64,False
2026-09-10,Arsenal,Martin Ødegaard,a,,,221,66,True
2026-09-10,Arsenal,Noni Madueke,a,,,23,63,False
2026-09-10,Arsenal,Mikel Merino Zazón,a,,,46,59,False
2026-09-10,Arsenal,Gabriel Martinelli Silva,u,0.0,Has joined Al Hilal permanently,0,63,False
2026-09-10,Arsenal,Martín Zubimendi Ibáñez,a,,,50,54,False
2026-09-10,Arsenal,Max Dowman,a,,,0,53,False
2026-09-10,Arsenal,Ethan Nwaneri,u,0.0,Has joined Borussia Dortmund on loan for the rest of the season,0,54,False
2026-09-10,Arsenal,Fábio Ferreira Vieira,u,0.0,Has joined Hamburger SV permanently,0,55,False
2026-09-10,Arsenal,Reiss Nelson,u,0.0,has departed the club as a free agent.,0,55,False
2026-09-10,Arsenal,Viktor Gyökeres,a,,,12,73,False
2026-09-10,Arsenal,Kai Havertz,a,,,257,75,True
2026-09-10,Arsenal,Gabriel Fernando de Jesus,u,0.0,Has joined FC Barcelona permanently,0,59,False
2026-09-10,Arsenal,Ezri Konsa Ngoyo,a,,,101,44,False
2026-09-10,Arsenal,Bruno Guimarães Rodriguez Moura,a,100.0,,19,68,False
2026-09-10,Arsenal,Christos Tzolis,a,,,210,64,True
2026-09-10,Aston Villa,Marco Bizot,a,,,90,45,False
2026-09-10,Aston Villa,Lucas Digne,u,0.0,Has joined Paris Saint-Germain permanently,0,45,False
2026-09-10,Aston Villa,Matty Cash,d,75.0,Muscular injury - 75% chance of playing,251,45,True
2026-09-10,Aston Villa,Tyrone Mings,a,,,106,45,False
2026-09-10,Aston Villa,Pau Torres,a,,,163,45,True
2026-09-10,Aston Villa,Lamare Bogarde,a,,,16,50,False
2026-09-10,Aston Villa,Ian Maatsen,a,,,245,45,True
2026-09-10,Aston Villa,Victor Lindelöf,a,,,270,45,True
2026-09-10,Aston Villa,Andrés García,a,,,0,40,False
2026-09-10,Aston Villa,Kosta Nedeljkovic,u,0.0,Has joined Rangers on loan for the rest of the season,0,40,False
2026-09-10,Aston Villa,Emiliano Buendía Stati,a,,,249,59,True
2026-09-10,Aston Villa,Leon Bailey,u,0.0,Has joined Olympiakos permanently,0,54,False
2026-09-10,Aston Villa,John McGinn,a,,,261,54,True
2026-09-10,Aston Villa,Ross Barkley,a,,,240,50,True
2026-09-10,Aston Villa,Boubacar Kamara,a,100.0,,270,50,True
2026-09-10,Aston Villa,Amadou Onana,i,0.0,Knee injury - Unknown return date,0,50,False
2026-09-10,Aston Villa,Samuel Iling-Junior,u,0.0,Has joined Bolton Wanderers on loan for the rest of the season,0,50,False
2026-09-10,Aston Villa,Bradley Burrowes,a,,,0,45,False
2026-09-10,Aston Villa,George Hemmings,a,,,234,45,True
2026-09-10,Aston Villa,Alysson Edward Franco da Rocha dos Santos,a,,,42,50,False
2026-09-10,Aston Villa,Johan Manzambi,i,0.0,Knee injury - Expected back 12 Sep,0,59,False
2026-09-10,Aston Villa,Joao Gomes,s,0.0,Suspended until 19 Sep,39,55,False
2026-09-10,Aston Villa,Ollie Watkins,u,0.0,Has joined Al Hilal permanently,0,78,False
2026-09-10,Aston Villa,Tammy Abraham,a,100.0,,24,55,False
2026-09-10,Aston Villa,Alejandro Garnacho Ferreyra,a,,,31,59,False
2026-09-10,Aston Villa,Nicolas Jackson,a,,,154,65,True
2026-09-10,Aston Villa,Brian Madjo,i,0.0,Unspecified injury - Unknown return date,0,55,False
2026-09-10,Aston Villa,Matteo Ruggeri,a,,,23,45,False
2026-09-10,Aston Villa,Zion Suzuki,a,,,180,50,True
2026-09-10,Aston Villa,Triston Rowe,a,,,0,40,False
2026-09-10,Aston Villa,Luka Lynch,u,0.0,Has joined Oxford United on loan until January,0,45,False
2026-09-10,Aston Villa,Aaron Wan-Bissaka,a,,,17,45,False
2026-09-10,Aston Villa,Leon Goretzka,i,0.0,Knee injury - Expected back 10 Oct,0,60,False
2026-09-10,Aston Villa,Taylor Harwood-Bellis,a,,,0,45,False
2026-09-10,Aston Villa,Ibrahim Mbaye,a,,,0,60,False
2026-09-10,Bournemouth,Đorđe Petrović,a,,,270,45,True
2026-09-10,Bournemouth,Fraser Forster,a,,,0,40,False
2026-09-10,Bournemouth,Will Dennis,u,0.0,Has joined MK Dons permanently,0,40,False
2026-09-10,Bournemouth,James Hill,a,,,270,55,True
2026-09-10,Bournemouth,Adrien Truffert,a,,,270,55,True
2026-09-10,Bournemouth,Bafodé Diakité,a,,,0,50,False
2026-09-10,Bournemouth,Veljko Milosavljevic,i,0.0,Unspecified injury - Unknown return date,0,50,False
2026-09-10,Bournemouth,Adam Smith,a,,,270,45,True
2026-09-10,Bournemouth,Julián Araujo Zúñiga,i,0.0,Thigh injury - Unknown return date,0,44,False
2026-09-10,Bournemouth,Julio Soler Barreto,a,100.0,,0,40,False
2026-09-10,Bournemouth,Rayan Vitor Simplício Rocha,a,,,266,64,True
2026-09-10,Bournemouth,Marcus Tavernier,a,,,268,60,True
2026-09-10,Bournemouth,Alex Scott,a,,,266,60,True
2026-09-10,Bournemouth,Justin Kluivert,a,,,229,60,True
2026-09-10,Bournemouth,Lewis Cook,a,,,157,50,True
2026-09-10,Bournemouth,Ben Gannon-Doak,a,,,2,49,False
2026-09-10,Bournemouth,Tyler Adams,a,100.0,,111,50,False
2026-09-10,Bournemouth,David Brooks,a,100.0,,23,50,False
2026-09-10,Bournemouth,Ryan Christie,a,100.0,,4,50,False
2026-09-10,Bournemouth,Alex Tóth,a,,,15,50,False
2026-09-10,Bournemouth,Amine Adli,i,0.0,Unspecified injury - Unknown return date,0,49,False
2026-09-10,Bournemouth,Junior Kroupi,i,0.0,Foot injury - Unknown return date,0,74,False
2026-09-10,Bournemouth,Francisco Evanilson de Lima Barbosa,a,,,244,60,True
2026-09-10,Bournemouth,Enes Ünal,u,0.0,Has joined Getafe permanently,0,55,False
2026-09-10,Bournemouth,Álvaro Rodríguez,a,100.0,,9,60,False
2026-09-10,Bournemouth,António João Pereira de Albuquerque Tavares da Silva,a,,,270,50,True
2026-09-10,Bournemouth,Juanlu Sánchez,a,,,0,45,False
2026-09-10,Bournemouth,Daniel Jebbison,a,,,16,50,False
2026-09-10,Bournemouth,Michele Di Gregorio,a,,,0,45,False
2026-09-10,Brentford,Caoimhín Kelleher,a,,,270,50,True
2026-09-10,Brentford,Hákon Rafn Valdimarsson,a,,,0,45,False
2026-09-10,Brentford,Nathan Collins,d,25.0,Calf injury - 25% chance of playing,196,55,True
2026-09-10,Brentford,Sepp van den Berg,i,0.0,Groin injury - Unknown return date,0,49,False
2026-09-10,Brentford,Keane Lewis-Potter,a,,,267,55,True
2026-09-10,Brentford,Kristoffer Ajer,a,,,270,45,True
2026-09-10,Brentford,Michael Kayode,a,,,207,46,True
2026-09-10,Brentford,Rico Henry,a,,,2,45,False
2026-09-10,Brentford,Aaron Hickey,a,,,61,45,False
2026-09-10,Brentford,Kim Ji-soo,a,,,0,45,False
2026-09-10,Brentford,Jannik Schuster,a,,,73,45,False
2026-09-10,Brentford,Kevin Schade,a,,,267,60,True
2026-09-10,Brentford,Dango Ouattara,a,,,140,64,True
2026-09-10,Brentford,Mikkel Damsgaard,a,,,167,55,True
2026-09-10,Brentford,Mathias Jensen,i,0.0,Unspecified injury - Expected back 18 Sep,66,55,False
2026-09-10,Brentford,Vitaly Janelt,a,,,270,50,True
2026-09-10,Brentford,Antoni Milambo,i,0.0,Knee injury - Unknown return date,0,50,False
2026-09-10,Brentford,Fábio Freitas Gouveia Carvalho,a,100.0,,0,50,False
2026-09-10,Brentford,Yehor Yarmoliuk,a,,,89,49,False
2026-09-10,Brentford,Josh Dasilva,i,0.0,Hamstring injury - Expected back 10 Oct,0,50,False
2026-09-10,Brentford,Jaidon Anthony,a,,,128,60,False
2026-09-10,Brentford,Igor Thiago Nascimento Rodrigues,a,,,262,79,True
2026-09-10,Brentford,Kaye Furo,a,,,0,45,False
2026-09-10,Brentford,Callum Wilson,a,,,13,55,False
2026-09-10,Brentford,Mamadou Sangaré,a,,,210,57,True
2026-09-10,Brentford,El Hadji Malick Diouf,a,,,0,45,False
2026-09-10,Brighton,Bart Verbruggen,a,,,270,45,True
2026-09-10,Brighton,Jason Steele,a,,,0,40,False
2026-09-10,Brighton,Ferdi Kadıoğlu,a,100.0,,167,44,True
2026-09-10,Brighton,Olivier Boscagli,a,,,270,45,True
2026-09-10,Brighton,Maxim De Cuyper,a,,,243,48,True
2026-09-10,Brighton,Lewis Dunk,a,,,270,45,True
2026-09-10,Brighton,Diego Coppola,a,,,0,45,False
2026-09-10,Brighton,Igor Julio dos Santos de Paulo,u,0.0,Has joined Burnley permanently,0,45,False
2026-09-10,Brighton,João Pedro Loureiro da Costa,a,,,48,45,False
2026-09-10,Brighton,Michael Svoboda,a,,,0,50,False
2026-09-10,Brighton,Mitoma Kaoru,i,0.0,Hamstring injury - Expected back 10 Oct,0,59,False
2026-09-10,Brighton,Yankuba Minteh,i,0.0,Leg injury - Expected back 28 Nov,0,59,False
2026-09-10,Brighton,Jack Hinshelwood,d,50.0,Unspecified injury - 50% chance of playing,63,60,False
2026-09-10,Brighton,Pascal Groß,a,,,270,56,True
2026-09-10,Brighton,Georginio Rutter,d,75.0,Unspecified injury - 75% chance of playing,90,55,False
2026-09-10,Brighton,Matt O'Riley,a,,,0,55,False
2026-09-10,Brighton,Diego Gómez Amarilla,a,,,265,50,True
2026-09-10,Brighton,Facundo Buonanotte,u,0.0,Has joined Elche on loan for the rest of the season,0,50,False
2026-09-10,Brighton,Yasin Ayari,a,100.0,,153,54,True
2026-09-10,Brighton,Mats Wieffer,i,0.0,Knee injury - Unknown return date,156,50,True
2026-09-10,Brighton,Harry Howell,u,0.0,Has joined Leicester City on loan for the rest of the season,0,45,False
2026-09-10,Brighton,Tom Watson,u,0.0,Has joined Leicester City on loan for the rest of the season,0,50,False
2026-09-10,Brighton,Nehemiah Oriola,a,,,0,45,False
2026-09-10,Brighton,Zadok Yohanna,i,0.0,Unspecified injury - Expected back 10 Oct,12,49,False
2026-09-10,Brighton,Stefanos Tzimas,i,0.0,Knee injury - Unknown return date,0,55,False
2026-09-10,Brighton,Charalampos Kostoulas,a,,,195,55,True
2026-09-10,Brighton,Evan Ferguson,i,0.0,Ankle injury - Expected back 10 Oct,0,50,False
2026-09-10,Brighton,Pascal Struijk,a,100.0,,1,50,False
2026-09-10,Brighton,Luka Vušković,a,,,270,50,True
2026-09-10,Brighton,Promise David,a,,,23,60,False
2026-09-10,Brighton,Ibrahim Osman,a,,,28,50,False
2026-09-10,Brighton,Malick Yalcouyé,a,,,167,45,True
2026-09-10,Brighton,Jaouen Hadjam,a,,,0,45,False
2026-09-10,Brighton,Amario Cozier-Duberry,u,0.0,Has joined Middlesbrough on loan for the rest of the season,0,50,False
2026-09-10,Brighton,José María Andrés Baixauli,a,,,0,55,False
2026-09-10,Brighton,Femi Azeez,d,50.0,Hamstring injury - 50% chance of playing,0,55,False
2026-09-10,Chelsea,Emiliano Martínez Romero,a,,,180,50,True
2026-09-10,Chelsea,Morgan Rogers,a,,,257,76,True
2026-09-10,Chelsea,Jordan Henderson,d,75.0,Wrist injury - 75% chance of playing,0,49,False
2026-09-10,Chelsea,Danny Welbeck,a,100.0,,3,59,False
2026-09-10,Chelsea,Robert Lynch Sánchez,u,0.0,Has joined Como on loan for the rest of the season,90,49,False
2026-09-10,Chelsea,Filip Jörgensen,u,0.0,Has joined RC Strasbourg on loan for the rest of the season,0,50,False
2026-09-10,Chelsea,Reece James,a,,,202,54,True
2026-09-10,Chelsea,Trevoh Chalobah,u,0.0,Has joined Como permanently,0,55,False
2026-09-10,Chelsea,Malo Gusto,a,,,195,50,True
2026-09-10,Chelsea,Wesley Fofana,a,100.0,,157,50,True
2026-09-10,Chelsea,Benoît Badiashile Mukinayi,u,0.0,Has joined Napoli on loan for the rest of the season,0,45,False
2026-09-10,Chelsea,Jorrel Hato,a,,,213,45,True
2026-09-10,Chelsea,Levi Samuels Colwill,a,,,161,49,True
2026-09-10,Chelsea,Mamadou Sarr,u,0.0,Has joined Real Sociedad on loan for the rest of the season,0,45,False
2026-09-10,Chelsea,Josh Acheampong,a,,,202,45,True
2026-09-10,Chelsea,Marco Palestra,d,75.0,Unspecified injury - 75% chance of playing,0,54,False
2026-09-10,Chelsea,Cole Palmer,a,100.0,,262,96,True
2026-09-10,Chelsea,Pedro Lomba Neto,a,,,161,65,True
2026-09-10,Chelsea,Estêvão Almeida de Oliveira Gonçalves,a,,,16,64,False
2026-09-10,Chelsea,Jamie Bynoe-Gittens,a,,,0,59,False
2026-09-10,Chelsea,Moisés Caicedo Corozo,d,75.0,Calf injury - 75% chance of playing,13,54,False
2026-09-10,Chelsea,Roméo Lavia,a,,,190,50,True
2026-09-10,Chelsea,Dário Luís Essugo,u,0.0,Has joined RC Strasbourg on loan for the rest of the season,0,45,False
2026-09-10,Chelsea,Geovany Quenda,a,100.0,,8,54,False
2026-09-10,Chelsea,João Pedro Junqueira de Jesus,a,,,270,77,True
2026-09-10,Chelsea,Marc Guiu Paz,u,0.0,Has joined RB Leipzig permanently,0,50,False
2026-09-10,Chelsea,Shumaira Mheuka,a,,,0,45,False
2026-09-10,Chelsea,Emmanuel Emegha,d,75.0,Hamstring injury - 75% chance of playing,0,50,False
2026-09-10,Chelsea,Maxence Lacroix,a,,,270,60,True
2026-09-10,Chelsea,Mike Penders,a,,,0,45,False
2026-09-10,Chelsea,Aaron Anselmino,a,100.0,,0,45,False
2026-09-10,Chelsea,Valentín Barco,a,,,8,55,False
2026-09-10,Chelsea,Pep Chavarría,a,,,73,49,False
2026-09-10,Coventry,Ethan Pinnock,a,,,102,45,False
2026-09-10,Coventry,Frank Onyeka,a,,,152,49,True
2026-09-10,Coventry,Carl Rushworth,a,,,270,45,True
2026-09-10,Coventry,Oliver Dovin,u,0.0,Has joined Leyton Orient on loan for the rest of the season,0,40,False
2026-09-10,Coventry,Ben Wilson,a,,,0,45,False
2026-09-10,Coventry,Bobby Thomas,a,,,257,40,True
2026-09-10,Coventry,Liam Kitching,u,0.0,Has joined Sheffield United on loan for the rest of the season,0,40,False
2026-09-10,Coventry,Milan van Ewijk,a,,,270,40,True
2026-09-10,Coventry,Jay Dasilva,a,,,264,40,True
2026-09-10,Coventry,Kaine Kesler-Hayden,i,0.0,Hamstring injury - Unknown return date,0,40,False
2026-09-10,Coventry,Jake Bidwell,a,,,0,40,False
2026-09-10,Coventry,Joel Latibeaudiere,a,,,0,40,False
2026-09-10,Coventry,Luke Woolfenden,i,0.0,Knee injury - Unknown return date,0,40,False
2026-09-10,Coventry,Miguel Brau,u,0.0,Has joined Academico de Viseu on loan for the rest of the season,0,40,False
2026-09-10,Coventry,Aurèle Amenda,a,,,270,40,True
2026-09-10,Coventry,Jack Rudoni,a,100.0,,152,50,True
2026-09-10,Coventry,Matt Grimes,a,,,270,50,True
2026-09-10,Coventry,Tatsuhiro Sakamoto,a,,,31,49,False
2026-09-10,Coventry,Ephron Mason-Clark,a,100.0,,127,54,False
2026-09-10,Coventry,Josh Eccles,a,,,0,49,False
2026-09-10,Coventry,Victor Torp,a,,,47,54,False
2026-09-10,Coventry,George Shepherd,a,,,0,45,False
2026-09-10,Coventry,Loum Tchaouna,a,,,166,55,True
2026-09-10,Coventry,Raphael Borges Rodrigues,u,0.0,Has joined Burton Albion on loan for the rest of the season,0,45,False
2026-09-10,Coventry,Kai Andrews,u,0.0,Has joined Oxford United on loan for the rest of the season,0,45,False
2026-09-10,Coventry,Haji Wright,i,0.0,Thigh injury - Unknown return date,0,54,False
2026-09-10,Coventry,Brandon Thomas-Asante,a,,,120,50,False
2026-09-10,Coventry,Ellis Simms,a,,,88,50,False
2026-09-10,Coventry,Jahnoah Markelo,u,0.0,Has joined Shabab Al-Ahli Dubai permanently,0,50,False
2026-09-10,Coventry,Norman Bassette,u,0.0,Has joined KVC Westerlo on loan for the rest of the season,0,45,False
2026-09-10,Coventry,Taiwo Awoniyi,a,,,180,55,True
2026-09-10,Coventry,Caleb Yirenkyi,a,,,158,49,True
2026-09-10,Coventry,Gustavo Hamer,a,,,32,54,False
2026-09-10,Coventry,Sidiki Cherif,a,,,0,50,False
2026-09-10,Coventry,Dan Bentley,a,,,0,40,False
2026-09-10,Crystal Palace,Evann Guessand,a,,,54,55,False
2026-09-10,Crystal Palace,Axel Disasi,a,,,106,45,False
2026-09-10,Crystal Palace,Dean Henderson,a,100.0,,270,50,True
2026-09-10,Crystal Palace,Walter Benítez,a,,,0,45,False
2026-09-10,Crystal Palace,Chris Richards,a,,,270,50,True
2026-09-10,Crystal Palace,Jaydee Canvot,a,,,270,49,True
2026-09-10,Crystal Palace,Tyrick Mitchell,a,,,253,45,True
2026-09-10,Crystal Palace,Borna Sosa,u,0.0,Has joined FC Cologne on loan for the rest of the season,0,45,False
2026-09-10,Crystal Palace,Chadi Riad Dnanou,i,0.0,Knee injury - Unknown return date,72,44,False
2026-09-10,Crystal Palace,Oscar Mingueza,a,,,16,44,False
2026-09-10,Crystal Palace,Ismaïla Sarr,i,0.0,Groin injury - Unknown return date,0,63,False
2026-09-10,Crystal Palace,Adam Wharton,a,100.0,,270,55,True
2026-09-10,Crystal Palace,Yéremy Pino Santos,a,,,190,55,True
2026-09-10,Crystal Palace,Will Hughes,a,,,16,45,False
2026-09-10,Crystal Palace,Jefferson Lerma Solís,a,,,0,49,False
2026-09-10,Crystal Palace,Daichi Kamada,a,,,268,50,True
2026-09-10,Crystal Palace,Justin Devenny,u,0.0,Has joined Stoke City permanently,0,50,False
2026-09-10,Crystal Palace,Romain Esse,u,0.0,Has joined Millwall on loan for the rest of the season,0,50,False
2026-09-10,Crystal Palace,Matheus França de Oliveira,a,,,0,49,False
2026-09-10,Crystal Palace,Cheick Doucouré,a,,,0,49,False
2026-09-10,Crystal Palace,Jesurun Rak-Sakyi,u,0.0,has joined  Kasimpasa on loan for the rest of the seaon.,0,49,False
2026-09-10,Crystal Palace,Rio Cardines,u,0.0,Has joined Bristol City on loan for the rest of the season,0,45,False
2026-09-10,Crystal Palace,Joél Drakes-Thomas,a,,,0,45,False
2026-09-10,Crystal Palace,Jørgen Strand Larsen,a,,,134,60,False
2026-09-10,Crystal Palace,Jean-Philippe Mateta,i,0.0,Hamstring injury - Expected back 11 Oct,62,64,False
2026-09-10,Crystal Palace,Eddie Nketiah,a,,,167,55,True
2026-09-10,Crystal Palace,Christantus Uche,u,0.0,has returned to Getafe CF,0,50,False
2026-09-10,Crystal Palace,Dwight McNeil,a,,,84,54,False
2026-09-10,Crystal Palace,Remi Matthews,a,,,0,40,False
2026-09-10,Crystal Palace,Takehiro Tomiyasu,a,,,91,45,False
2026-09-10,Crystal Palace,Anan Khalaili,a,,,199,50,True
2026-09-10,Crystal Palace,Zavier Gozo,a,,,22,50,False
2026-09-10,Crystal Palace,Honest Ahanor,a,,,0,45,False
2026-09-10,Crystal Palace,Ben Chilwell,a,,,16,45,False
2026-09-10,Crystal Palace,Quinten Timber,a,,,73,50,False
2026-09-10,Crystal Palace,Darío Osorio,a,,,1,55,False
2026-09-10,Everton,Christian Nørgaard,i,0.0,Groin injury - Unknown return date,0,49,False
2026-09-10,Everton,Brennan Johnson,a,,,99,59,False
2026-09-10,Everton,Jordan Pickford,a,,,270,55,True
2026-09-10,Everton,Mark Travers,a,,,0,50,False
2026-09-10,Everton,Tom King,a,,,0,45,False
2026-09-10,Everton,James Tarkowski,a,,,270,60,True
2026-09-10,Everton,Jarrad Branthwaite,a,,,270,55,True
2026-09-10,Everton,Michael Keane,a,,,0,49,False
2026-09-10,Everton,Jake O'Brien,a,,,0,49,False
2026-09-10,Everton,Vitalii Mykolenko,a,,,270,45,True
2026-09-10,Everton,Nathan Patterson,u,0.0,Has joined Torino permanently,0,45,False
2026-09-10,Everton,Adam Aznou,u,0.0,Has joined Malaga on loan for the rest of the season,0,40,False
2026-09-10,Everton,Kiernan Dewsbury-Hall,a,,,270,65,True
2026-09-10,Everton,Jack Grealish,a,100.0,,32,65,False
2026-09-10,Everton,James Garner,d,75.0,Unspecified injury - 75% chance of playing,148,60,True
2026-09-10,Everton,Tyrique George,a,,,234,55,True
2026-09-10,Everton,Carlos Alcaraz Durán,a,,,5,50,False
2026-09-10,Everton,Harrison Armstrong,a,,,266,50,True
2026-09-10,Everton,Tyler Dibling,a,,,0,54,False
2026-09-10,Everton,Merlin Röhl,a,,,249,50,True
2026-09-10,Everton,Hayden Hackney,a,100.0,,121,55,False
2026-09-10,Everton,Norberto Bercique Gomes Betuncal,u,0.0,Has joined Fiorentina permanently,31,54,False
2026-09-10,Everton,Thierno Barry,a,,,237,56,True
2026-09-10,Everton,Ainsley Maitland-Niles,a,,,13,45,False
2026-09-10,Everton,Braiden Graham,a,,,0,45,False
2026-09-10,Fulham,Bernd Leno,a,,,270,45,True
2026-09-10,Fulham,Benjamin Lecomte,a,,,0,40,False
2026-09-10,Fulham,Alfie McNally,u,0.0,Has joined York City on loan for the rest of the season,0,40,False
2026-09-10,Fulham,Joachim Andersen,a,100.0,,180,50,True
2026-09-10,Fulham,Antonee Robinson,a,,,249,45,True
2026-09-10,Fulham,Jorge Cuenca Barreno,a,,,90,45,False
2026-09-10,Fulham,Kenny Tete,a,,,0,44,False
2026-09-10,Fulham,Calvin Bassey,a,,,270,45,True
2026-09-10,Fulham,Timothy Castagne,a,,,247,45,True
2026-09-10,Fulham,Alex Iwobi,a,,,262,55,True
2026-09-10,Fulham,Emile Smith Rowe,a,,,25,54,False
2026-09-10,Fulham,Kevin Santos Lopes de Macedo,a,,,24,54,False
2026-09-10,Fulham,Oscar Bobb,a,,,211,55,True
2026-09-10,Fulham,Sander Berge,a,,,183,50,True
2026-09-10,Fulham,Tom Cairney,i,0.0,Knee injury - Expected back 10 Oct,0,50,False
2026-09-10,Fulham,Josh King,a,,,270,55,True
2026-09-10,Fulham,Ryan Sessegnon,a,,,50,45,False
2026-09-10,Fulham,Harrison Reed,a,,,0,45,False
2026-09-10,Fulham,Rodrigo Muniz Carvalho,a,,,15,54,False
2026-09-10,Fulham,Jonah Kusi-Asare,a,,,0,45,False
2026-09-10,Fulham,Gonzalo García,a,,,270,60,True
2026-09-10,Fulham,César Palacios,a,,,207,55,True
2026-09-10,Fulham,Shea Charles,a,,,123,50,False
2026-09-10,Fulham,Luc De Fougerolles,d,75.0,Unspecified injury - 75% chance of playing,0,40,False
2026-09-10,Fulham,Macaulay Zepa,a,,,0,45,False
2026-09-10,Fulham,Hugo Larsson,a,,,11,50,False
2026-09-10,Fulham,Manuel Ángel Morán Ibáñez,a,,,0,50,False
2026-09-10,Fulham,David Affengruber,a,,,0,45,False
2026-09-10,Hull,Tim Iroegbunam,a,100.0,,4,50,False
2026-09-10,Hull,Dillon Phillips,a,,,0,40,False
2026-09-10,Hull,Jack Butland,i,0.0,Arm injury - Unknown return date,0,45,False
2026-09-10,Hull,Harvey Cartwright,u,0.0,Has joined Grimsby Town on loan for the rest of the season,0,40,False
2026-09-10,Hull,Thimothée Lo-Tutala,u,0.0,Has joined Colchester United on loan for the rest of the season,0,40,False
2026-09-10,Hull,John Egan,a,,,270,41,True
2026-09-10,Hull,Charlie Hughes,i,0.0,Groin injury - Unknown return date,0,40,False
2026-09-10,Hull,Semi Ajayi,a,100.0,,243,41,True
2026-09-10,Hull,Lewie Coyle,a,100.0,,177,40,True
2026-09-10,Hull,Cody Drameh,u,0.0,Has joined Genoa permanently,65,40,False
2026-09-10,Hull,Ryan Giles,a,,,264,40,True
2026-09-10,Hull,Matty Jacob,u,0.0,Has joined Newport County on loan until January,0,40,False
2026-09-10,Hull,Cathal McCarthy,a,,,0,40,False
2026-09-10,Hull,Paddy McNair,a,100.0,,26,40,False
2026-09-10,Hull,Mohamed Belloumi,a,,,253,50,True
2026-09-10,Hull,Liam Millar,u,0.0,Has joined Birmingham on loan for the rest of the season,50,50,False
2026-09-10,Hull,Kieran Dowell,a,,,0,45,False
2026-09-10,Hull,Matt Crooks,a,100.0,,90,45,False
2026-09-10,Hull,Regan Slater,a,,,270,45,True
2026-09-10,Hull,Eliot Matazo,i,0.0,Knee injury - Unknown return date,0,45,False
2026-09-10,Hull,Abdülkadir Ömür,a,,,0,49,False
2026-09-10,Hull,Abu Kamara,u,0.0,Has joined Portsmouth permanently,0,50,False
2026-09-10,Hull,Óscar Zambrano,a,100.0,,0,45,False
2026-09-10,Hull,Oli McBurnie,a,,,270,55,True
2026-09-10,Hull,David Akintola,a,,,0,50,False
2026-09-10,Hull,Darko Gyabi,i,0.0,Thigh injury - Unknown return date,0,45,False
2026-09-10,Hull,Enis Destan,u,0.0,Has joined Konyaspor permanently,0,45,False
2026-09-10,Hull,Mason Burstow,u,0.0,Has joined Sheffield Wednesday on loan for the rest of the season,0,45,False
2026-09-10,Hull,Joe Gelhardt,a,100.0,,0,50,False
2026-09-10,Hull,Matt Targett,a,,,5,40,False
2026-09-10,Hull,Hidemasa Morita,i,0.0,Calf injury - Expected back 11 Oct,45,50,False
2026-09-10,Hull,Konstantinos Tzolakis,a,,,270,46,True
2026-09-10,Hull,Jens Hjertø-Dahl,a,,,8,49,False
2026-09-10,Hull,Elliot Stroud,a,,,190,50,True
2026-09-10,Hull,Lucas Herrington,a,,,76,40,False
2026-09-10,Hull,Nobel Mendy,a,100.0,,191,40,True
2026-09-10,Hull,Lucas Gourna-Douath,a,,,126,50,False
2026-09-10,Hull,Mohamed-Ali Cho,a,,,15,50,False
2026-09-10,Hull,Ilyas Ansah,i,0.0,Back injury - Unknown return date,0,50,False
2026-09-10,Hull,Robinio Vaz,a,,,0,50,False
2026-09-10,Hull,Brooke Norton-Cuffy,a,,,26,40,False
2026-09-10,Hull,Sorba Thomas,a,,,27,55,False
2026-09-10,Hull,Christos Mouzakitis,a,,,0,50,False
2026-09-10,Ipswich,Issa Diop,a,,,270,40,True
2026-09-10,Ipswich,Saša Lukić,a,,,252,50,True
2026-09-10,Ipswich,Christian Walton,a,,,0,45,False
2026-09-10,Ipswich,Alex Palmer,a,,,0,40,False
2026-09-10,Ipswich,David Button,a,,,0,40,False
2026-09-10,Ipswich,Cédric Kipré,a,,,0,40,False
2026-09-10,Ipswich,Dara O'Shea,a,,,270,40,True
2026-09-10,Ipswich,Leif Davis,a,,,270,40,True
2026-09-10,Ipswich,Jacob Greaves,a,,,270,40,True
2026-09-10,Ipswich,Ben Johnson,u,0.0,Has joined Stoke City on loan for the rest of the season,0,40,False
2026-09-10,Ipswich,Darnell Furlong,a,,,17,40,False
2026-09-10,Ipswich,Marcelino Núñez,a,,,140,50,True
2026-09-10,Ipswich,Azor Matusiwa,i,0.0,Muscular injury - Unknown return date,0,49,False
2026-09-10,Ipswich,Wes Burns,u,0.0,Has joined Leicester City permanently,0,50,False
2026-09-10,Ipswich,Jack Taylor,i,0.0,Knee injury - Unknown return date,0,45,False
2026-09-10,Ipswich,Jack Clarke,a,,,43,55,False
2026-09-10,Ipswich,Chiedozie Ogbene,u,0.0,Has joined Lincoln City on loan until January,0,49,False
2026-09-10,Ipswich,Abdul Fatawu,a,,,225,55,True
2026-09-10,Ipswich,Emersonn Correia da Silva,a,100.0,,175,55,True
2026-09-10,Ipswich,George Hirst,u,0.0,Has joined Stoke City permanently,0,50,False
2026-09-10,Ipswich,Jaden Philogene,i,0.0,Ankle injury - Unknown return date,0,54,False
2026-09-10,Ipswich,Sam Szmodics,u,0.0,Has joined Derby County on loan for the rest of the season,0,50,False
2026-09-10,Ipswich,Chuba Akpom,a,,,69,50,False
2026-09-10,Ipswich,Sindre Walle Egeli,a,,,10,45,False
2026-09-10,Ipswich,Ali Al-Hamadi,u,0.0,Has joined Sheffield Wednesday on loan for the rest of the season,0,50,False
2026-09-10,Ipswich,Kasey McAteer,a,,,42,45,False
2026-09-10,Ipswich,Anis Mehmeti,a,,,0,49,False
2026-09-10,Ipswich,Kayne van Oevelen,u,0.0,Has joined Valencia on loan for the rest of the season,0,45,False
2026-09-10,Ipswich,Daizen Maeda,a,,,216,54,True
2026-09-10,Ipswich,Kjell Scherpen,a,,,270,45,True
2026-09-10,Ipswich,Florentino Ibrain Morris Luís,a,100.0,,0,49,False
2026-09-10,Ipswich,Julio Enciso,a,100.0,,250,55,True
2026-09-10,Ipswich,Abdoul Ouattara,a,,,39,40,False
2026-09-10,Ipswich,Cameron Humphreys,u,0.0,Has joined Huddersfield Town on loan for the rest of the season,0,45,False
2026-09-10,Ipswich,Exequiel Palacios,a,,,105,50,False
2026-09-10,Ipswich,Zian Flemming,a,,,24,55,False
2026-09-10,Leeds,Harry Wilson,a,,,127,63,False
2026-09-10,Leeds,Lucas Estella Perri,u,0.0,Has joined Torino on loan for the rest of the season,0,45,False
2026-09-10,Leeds,Jaka Bijol,a,,,164,50,True
2026-09-10,Leeds,Joe Rodon,i,0.0,Hamstring injury - Expected back 21 Nov,123,44,False
2026-09-10,Leeds,Jayden Bogle,a,,,217,45,True
2026-09-10,Leeds,Gabriel Gudmundsson,a,100.0,,90,45,False
2026-09-10,Leeds,James Justin,a,,,270,45,True
2026-09-10,Leeds,Sebastiaan Bornauw,u,0.0,Has joined Hamburg SV on loan for the rest of the season,0,45,False
2026-09-10,Leeds,Tarik Muharemović,a,,,270,50,True
2026-09-10,Leeds,Anton Stach,a,,,270,60,True
2026-09-10,Leeds,Noah Okafor,a,,,153,59,True
2026-09-10,Leeds,Brenden Aaronson,a,,,154,54,True
2026-09-10,Leeds,Ethan Ampadu,a,,,270,55,True
2026-09-10,Leeds,Sean Longstaff,a,,,8,49,False
2026-09-10,Leeds,Wilfried Gnonto,u,0.0,Has joined ACF Fiorentina on loan for the rest of the season,0,50,False
2026-09-10,Leeds,Jack Harrison,u,0.0,Has joined New England Revolution permanently,0,50,False
2026-09-10,Leeds,Daniel James,a,,,22,50,False
2026-09-10,Leeds,Ilia Gruev,d,25.0,Knee injury - 25% chance of playing,0,50,False
2026-09-10,Leeds,Tanaka Ao,a,,,117,49,False
2026-09-10,Leeds,Dominic Calvert-Lewin,a,,,252,60,True
2026-09-10,Leeds,Lukas Nmecha,a,,,38,54,False
2026-09-10,Leeds,Joël Piroe,u,0.0,Has joined West Ham United on loan for the rest of the season,0,50,False
2026-09-10,Leeds,Mateo Joseph Fernández-Regatillo,i,0.0,Knee injury - Unknown return date,0,45,False
2026-09-10,Leeds,James Trafford,a,,,270,50,True
2026-09-10,Leeds,Nico Elvedi,a,,,146,45,True
2026-09-10,Leeds,Jayden Lienou,a,,,0,40,False
2026-09-10,Leeds,Alfie Cresswell,a,,,0,45,False
2026-09-10,Leeds,Alex Cairns,a,,,0,40,False
2026-09-10,Leeds,Michael Zetterer,a,,,0,40,False
2026-09-10,Leeds,Melvin Bard,a,,,0,45,False
2026-09-10,Leeds,Jean-Mattéo Bahoya,a,,,0,50,False
2026-09-10,Liverpool,Alisson Becker,a,,,270,55,True
2026-09-10,Liverpool,Giorgi Mamardashvili,a,,,0,49,False
2026-09-10,Liverpool,Freddie Woodman,a,,,0,40,False
2026-09-10,Liverpool,Armin Pecsi,u,0.0,Has joined TSV Hartberg on loan for the rest of the season,0,40,False
2026-09-10,Liverpool,Vitezslav Jaros,i,0.0,Knee injury - Unknown return date,0,40,False
2026-09-10,Liverpool,Harvey Davies,a,,,0,40,False
2026-09-10,Liverpool,Virgil van Dijk,a,,,270,65,True
2026-09-10,Liverpool,Jeremie Frimpong,a,,,160,54,True
2026-09-10,Liverpool,Milos Kerkez,a,,,250,54,True
2026-09-10,Liverpool,Joe Gomez,i,0.0,Muscular injury - Unknown return date,0,50,False
2026-09-10,Liverpool,Conor Bradley,i,0.0,Knee injury - Unknown return date,0,50,False
2026-09-10,Liverpool,Wellity Lucky,a,,,0,40,False
2026-09-10,Liverpool,Jeremy Jacquet,a,100.0,,235,50,True
2026-09-10,Liverpool,Giovanni Leoni,i,0.0,Knee injury - Unknown return date,0,40,False
2026-09-10,Liverpool,Kostas Tsimikas,a,,,19,49,False
2026-09-10,Liverpool,Calvin Ramsay,u,0.0,Has joined St Mirren on loan for the rest of the season,0,40,False
2026-09-10,Liverpool,Florian Wirtz,a,,,242,74,True
2026-09-10,Liverpool,Cody Gakpo,d,75.0,Thigh injury - 75% chance of playing,250,72,True
2026-09-10,Liverpool,Dominik Szoboszlai,a,,,270,70,True
2026-09-10,Liverpool,Rio Ngumoha,a,,,81,58,False
2026-09-10,Liverpool,Federico Chiesa,i,0.0,Back injury - Unknown return date,0,54,False
2026-09-10,Liverpool,Ryan Gravenberch,a,,,122,59,False
2026-09-10,Liverpool,Alexis Mac Allister,a,,,186,54,True
2026-09-10,Liverpool,Curtis Jones,u,0.0,Has joined Internazionale permanently,0,55,False
2026-09-10,Liverpool,Endo Wataru,a,100.0,,0,50,False
2026-09-10,Liverpool,Trey Nyoni,a,,,19,49,False
2026-09-10,Liverpool,Stefan Bajčetić Maquieira,u,0.0,Has joined Celta Vigo permanently,0,50,False
2026-09-10,Liverpool,Victor Munoz,a,,,180,65,True
2026-09-10,Liverpool,James McConnell,a,,,0,45,False
2026-09-10,Liverpool,Alexander Isak,a,,,243,91,True
2026-09-10,Liverpool,Hugo Ekitiké,i,0.0,Achilles injury - Unknown return date,0,74,False
2026-09-10,Liverpool,Lewis Koumas,a,,,13,50,False
2026-09-10,Liverpool,Jayden Danns,a,100.0,,0,45,False
2026-09-10,Liverpool,Harvey Elliott,u,0.0,Has joined Valencia on loan for the rest of the season,0,54,False
2026-09-10,Liverpool,Ronald Araujo,a,,,123,54,False
2026-09-10,Liverpool,Bradley Barcola,a,,,26,80,False
2026-09-10,Man City,Enzo Fernández,a,,,100,69,False
2026-09-10,Man City,Iliman Ndiaye,a,,,266,59,True
2026-09-10,Man City,Gianluigi Donnarumma,a,,,270,55,True
2026-09-10,Man City,Marcus Bettinelli,a,,,0,45,False
2026-09-10,Man City,Nico O'Reilly,d,75.0,Back injury - 75% chance of playing,150,65,True
2026-09-10,Man City,Marc Guéhi,a,,,270,60,True
2026-09-10,Man City,Matheus Nunes,a,100.0,,33,59,False
2026-09-10,Man City,Rúben dos Santos Gato Alves Dias,a,,,270,55,True
2026-09-10,Man City,Joško Gvardiol,a,,,254,56,True
2026-09-10,Man City,Rayan Aït-Nouri,a,,,0,53,False
2026-09-10,Man City,Abdukodir Khusanov,a,,,268,55,True
2026-09-10,Man City,Max Alleyne,u,0.0,Has joined Burnley on loan for the rest of the season,0,50,False
2026-09-10,Man City,Rico Lewis,a,,,56,45,False
2026-09-10,Man City,Vitor de Oliveira Nunes dos Reis,a,,,1,45,False
2026-09-10,Man City,Antoine Semenyo,a,,,270,84,True
2026-09-10,Man City,Phil Foden,a,,,195,70,True
2026-09-10,Man City,Rayan Cherki,a,,,173,78,True
2026-09-10,Man City,Jérémy Doku,i,0.0,Calf injury - Expected back 13 Sep,0,74,False
2026-09-10,Man City,Rodrigo 'Rodri' Hernandez Cascante,u,0.0,Has joined Barcelona permanently,0,65,False
2026-09-10,Man City,Tijjani Reijnders,u,0.0,Has joined Al Qadsiah permanently,0,60,False
2026-09-10,Man City,Mateo Kovačić,a,,,42,54,False
2026-09-10,Man City,Claudio Echeverri,u,0.0,Has joined Benfica on loan for the rest of the season,0,49,False
2026-09-10,Man City,Kalvin Phillips,u,0.0,Has joined Sheffield United on loan for the rest of the season,0,50,False
2026-09-10,Man City,Divine Mukasa,u,0.0,has joined West Ham on loan for the rest of the seaon.,0,45,False
2026-09-10,Man City,Jeremy Monga,u,0.0,Has joined Swansea City on loan for the rest of the season,0,49,False
2026-09-10,Man City,Erling Haaland,a,,,270,155,True
2026-09-10,Man City,Elliot Anderson,a,100.0,,233,63,True
2026-09-10,Man City,Gerónimo Rulli,a,,,0,50,False
2026-09-10,Man City,Ayyoub Bouaddi,a,,,22,55,False
2026-09-10,Man City,Ryan McAidoo,a,,,11,45,False
2026-09-10,Man City,Kaden Braithwaite,a,,,1,40,False
2026-09-10,Man City,Allan Andrade Elias,a,,,0,60,False
2026-09-10,Man City,Floyd Samba,a,,,0,45,False
2026-09-10,Man United,Youri Tielemans,a,100.0,,246,59,True
2026-09-10,Man United,Carlos Baleba,i,0.0,Ankle injury - Expected back 19 Sep,0,50,False
2026-09-10,Man United,Andrey Nascimento dos Santos,a,,,82,49,False
2026-09-10,Man United,Karl Darlow,a,100.0,,0,45,False
2026-09-10,Man United,Senne Lammens,a,,,270,50,True
2026-09-10,Man United,Altay Bayındır,u,0.0,Has joined Celta Vigo on loan for the rest of the season,0,45,False
2026-09-10,Man United,Tom Heaton,i,0.0,Hamstring injury - Unknown return date,0,40,False
2026-09-10,Man United,Patrick Dorgu,a,,,75,58,False
2026-09-10,Man United,Matthijs de Ligt,i,0.0,Back injury - Unknown return date,0,50,False
2026-09-10,Man United,Diogo Dalot Teixeira,a,,,166,49,True
2026-09-10,Man United,Harry Maguire,a,,,270,49,True
2026-09-10,Man United,Lisandro Martínez,a,100.0,,180,50,True
2026-09-10,Man United,Leny Yoro,a,,,22,49,False
2026-09-10,Man United,Ayden Heaven,a,,,90,44,False
2026-09-10,Man United,Noussair Mazraoui,a,,,97,44,False
2026-09-10,Man United,Luke Shaw,a,,,252,44,True
2026-09-10,Man United,Harry Amass,a,,,0,40,False
2026-09-10,Man United,Tyler Fredricson,u,0.0,Has joined Lausanne-Sport permanently,0,40,False
2026-09-10,Man United,Bruno Borges Fernandes,a,,,270,120,True
2026-09-10,Man United,Bryan Mbeumo,a,,,270,79,True
2026-09-10,Man United,Matheus Santos Carneiro da Cunha,a,,,227,79,True
2026-09-10,Man United,Marcus Rashford,a,,,193,70,True
2026-09-10,Man United,Mason Mount,a,100.0,,0,54,False
2026-09-10,Man United,Amad Diallo,i,0.0,Unspecified injury - Unknown return date,0,58,False
2026-09-10,Man United,Kobbie Mainoo,a,,,185,55,True
2026-09-10,Man United,Manuel Ugarte Ribeiro,i,0.0,Knee injury - Unknown return date,0,50,False
2026-09-10,Man United,Jack Fletcher,a,,,0,49,False
2026-09-10,Man United,Shea Lacey,a,,,10,49,False
2026-09-10,Man United,Toby Collyer,u,0.0,Has joined West Brom permanently,0,50,False
2026-09-10,Man United,Bendito Mantato,a,,,0,45,False
2026-09-10,Man United,Tyler Fletcher,a,,,0,45,False
2026-09-10,Man United,Benjamin Sesko,a,100.0,,53,70,False
2026-09-10,Man United,Joshua Zirkzee,a,,,0,54,False
2026-09-10,Man United,Chido Obi,a,,,0,45,False
2026-09-10,Newcastle,Nico González Iglesias,a,,,146,55,True
2026-09-10,Newcastle,Nick Pope,a,,,0,49,False
2026-09-10,Newcastle,Mark Gillespie,a,,,0,45,False
2026-09-10,Newcastle,Ewen Jaouen,a,,,0,45,False
2026-09-10,Newcastle,Malick Thiaw,a,,,270,50,True
2026-09-10,Newcastle,Fabian Schär,a,100.0,,1,50,False
2026-09-10,Newcastle,Sven Botman,a,,,270,50,True
2026-09-10,Newcastle,Dan Burn,i,0.0,Ankle injury - Expected back 14 Sep,0,49,False
2026-09-10,Newcastle,Lewis Hall,a,,,269,51,True
2026-09-10,Newcastle,Tino Livramento,a,100.0,,1,49,False
2026-09-10,Newcastle,Alex Murphy,u,0.0,Has joined FC Kaiserslautern on loan for the rest of the season,0,40,False
2026-09-10,Newcastle,Harvey Barnes,a,,,270,60,True
2026-09-10,Newcastle,Anthony Elanga,a,,,232,61,True
2026-09-10,Newcastle,Jacob Ramsey,a,,,69,49,False
2026-09-10,Newcastle,Jacob Murphy,a,,,35,59,False
2026-09-10,Newcastle,Joelinton Cássio Apolinário de Lira,i,0.0,Unspecified injury - Unknown return date,0,54,False
2026-09-10,Newcastle,Lewis Miley,a,100.0,,227,55,True
2026-09-10,Newcastle,Joe Willock,a,,,166,50,True
2026-09-10,Newcastle,Bazoumana Touré,a,,,1,58,False
2026-09-10,Newcastle,Sean Steur,a,,,87,49,False
2026-09-10,Newcastle,Nick Woltemade,u,0.0,Has joined Juventus on loan for the rest of the season,19,59,False
2026-09-10,Newcastle,Yoane Wissa,a,,,261,62,True
2026-09-10,Newcastle,William Osula,i,0.0,Foot injury - Unknown return date,55,59,False
2026-09-10,Newcastle,Sean Neave,u,0.0,Has joined Wolves on loan for the rest of the season,0,45,False
2026-09-10,Newcastle,Aladji Bamba,a,,,14,49,False
2026-09-10,Newcastle,Lukás Hornícek,a,,,270,50,True
2026-09-10,Newcastle,Amar Dedic,d,75.0,Hamstring injury - 75% chance of playing,270,45,True
2026-09-10,Newcastle,Leo Shahar,a,,,0,40,False
2026-09-10,Newcastle,Matias Fernandez-Pardo,a,,,27,60,False
2026-09-10,Nott'm Forest,Liam Delap,a,,,97,55,False
2026-09-10,Nott'm Forest,Daniel Muñoz Mejía,a,,,85,54,False
2026-09-10,Nott'm Forest,Matz Sels,a,,,270,50,True
2026-09-10,Nott'm Forest,John Victor Maciel Furtado,a,,,0,45,False
2026-09-10,Nott'm Forest,Neco Williams,a,,,270,50,True
2026-09-10,Nott'm Forest,Felipe Rodrigues da Silva,u,0.0,Has joined West Ham on loan for the rest of the season,0,50,False
2026-09-10,Nott'm Forest,Nikola Milenković,a,,,270,55,True
2026-09-10,Nott'm Forest,Murillo Costa dos Santos,a,100.0,,269,55,True
2026-09-10,Nott'm Forest,Ola Aina,a,,,216,45,True
2026-09-10,Nott'm Forest,Jair Paula da Cunha Filho,a,,,270,45,True
2026-09-10,Nott'm Forest,Nicolò Savona,i,0.0,Knee injury - Unknown return date,0,45,False
2026-09-10,Nott'm Forest,Omar Richards,a,,,0,40,False
2026-09-10,Nott'm Forest,Zach Abbott,u,0.0,Has joined Southampton on loan for the rest of the season,0,40,False
2026-09-10,Nott'm Forest,Luca Netz,a,,,20,45,False
2026-09-10,Nott'm Forest,Tyler Bindon,u,0.0,Has joined Charlton Athletic on loan for the rest of the season,0,40,False
2026-09-10,Nott'm Forest,Morgan Gibbs-White,a,100.0,,270,79,True
2026-09-10,Nott'm Forest,Callum Hudson-Odoi,a,100.0,,1,59,False
2026-09-10,Nott'm Forest,Dan Ndoye,a,,,184,55,True
2026-09-10,Nott'm Forest,Omari Hutchinson,u,0.0,Has joined AC Milan on loan for the rest of the season,0,54,False
2026-09-10,Nott'm Forest,Dilane Bakwa,u,0.0,Has joined Lille on loan for the rest of the season,0,55,False
2026-09-10,Nott'm Forest,James McAtee,a,,,253,55,True
2026-09-10,Nott'm Forest,Nicolás Domínguez,a,,,1,49,False
2026-09-10,Nott'm Forest,Ibrahim Sangaré,a,100.0,,90,49,False
2026-09-10,Nott'm Forest,Ryan Yates,a,100.0,,0,45,False
2026-09-10,Nott'm Forest,Chris Wood,a,,,44,59,False
2026-09-10,Nott'm Forest,Igor Jesus Maciel da Cruz,a,,,211,59,True
2026-09-10,Nott'm Forest,Arnaud Kalimuendo,a,,,1,54,False
2026-09-10,Nott'm Forest,Xaver Schlager,a,,,196,50,True
2026-09-10,Nott'm Forest,Ousmane Diomande,a,,,1,54,False
2026-09-10,Nott'm Forest,Steven Benda,a,,,0,45,False
2026-09-10,Tottenham,Jan Paul van Hecke,a,,,270,49,True
2026-09-10,Tottenham,Tosin Adarabioyo,a,,,0,44,False
2026-09-10,Tottenham,Omar Marmoush,a,,,173,70,True
2026-09-10,Tottenham,Sávio Moreira de Oliveira,a,100.0,,60,65,False
2026-09-10,Tottenham,Sandro Tonali,a,,,254,54,True
2026-09-10,Tottenham,Guglielmo Vicario,u,0.0,Has joined Juventus on loan for the rest of the season,0,45,False
2026-09-10,Tottenham,Brandon Austin,a,,,0,40,False
2026-09-10,Tottenham,Antonín Kinský,a,,,270,45,True
2026-09-10,Tottenham,Martin Dubravka,a,,,0,40,False
2026-09-10,Tottenham,Marcos Senesi Barón,a,,,90,59,False
2026-09-10,Tottenham,Pedro Porro Sauceda,a,100.0,,180,55,True
2026-09-10,Tottenham,Cristian Romero,u,0.0,Has joined Atletico Madrid permanently,0,50,False
2026-09-10,Tottenham,Andrew Robertson,a,,,186,45,True
2026-09-10,Tottenham,Micky van de Ven,a,100.0,,180,50,True
2026-09-10,Tottenham,Djed Spence,u,0.0,Has joined Internazionale permanently,0,45,False
2026-09-10,Tottenham,Destiny Udogie,a,,,86,45,False
2026-09-10,Tottenham,Ashley Phillips,u,0.0,Has joined Middlesbrough permanently,0,45,False
2026-09-10,Tottenham,Ben Davies,a,,,0,40,False
2026-09-10,Tottenham,Jun'ai Byfield,a,,,0,40,False
2026-09-10,Tottenham,James Rowswell,a,,,0,40,False
2026-09-10,Tottenham,João Victor de Souza Menezes,u,0.0,Has joined FC Porto on loan for the rest of the season,0,40,False
2026-09-10,Tottenham,Mohammed Kudus,a,100.0,,51,65,False
2026-09-10,Tottenham,Xavi Simons,i,0.0,Knee injury - Unknown return date,0,60,False
2026-09-10,Tottenham,Mathys Tel,a,,,230,58,True
2026-09-10,Tottenham,James Maddison,d,75.0,Shoulder injury - 75% chance of playing,22,63,False
2026-09-10,Tottenham,Rodrigo Bentancur,a,,,225,55,True
2026-09-10,Tottenham,Wilson Odobert,i,0.0,Knee injury - Unknown return date,0,55,False
2026-09-10,Tottenham,Pape Matar Sarr,u,0.0,Has joined Juventus on loan for the rest of the season,0,49,False
2026-09-10,Tottenham,Conor Gallagher,a,,,128,54,False
2026-09-10,Tottenham,Lucas Bergvall,a,,,45,54,False
2026-09-10,Tottenham,Dejan Kulusevski,i,0.0,Knee injury - Unknown return date,0,65,False
2026-09-10,Tottenham,Archie Gray,a,,,152,50,True
2026-09-10,Tottenham,Mikey Moore,u,0.0,Has joined FC Köln on loan for the rest of the season,89,50,False
2026-09-10,Tottenham,Callum Olusesi,a,,,0,45,False
2026-09-10,Tottenham,Mateus Fernandes,a,,,142,58,True
2026-09-10,Tottenham,Dominic Solanke-Mitchell,a,,,43,59,False
2026-09-10,Tottenham,Richarlison de Andrade,u,0.0,not included in squad.,67,59,False
2026-09-10,Tottenham,Dane Scarlett,u,0.0,Has joined Leyton Orient permanently,0,45,False
2026-09-10,Tottenham,Mykhailo Mudryk,a,,,16,54,False
2026-09-10,Tottenham,Luca Williams-Barnett,a,,,0,45,False
2026-09-10,Sunderland,Kevin Danso,a,,,90,50,False
2026-09-10,Sunderland,Robin Roefs,a,,,270,50,True
2026-09-10,Sunderland,Anthony Patterson,u,0.0,Has joined Wrexham permanently,0,40,False
2026-09-10,Sunderland,Melker Ellborg,a,,,0,45,False
2026-09-10,Sunderland,Daniel Ballard,a,,,270,49,True
2026-09-10,Sunderland,Nordi Mukiele,a,100.0,,180,55,True
2026-09-10,Sunderland,Trai Hume,a,,,195,45,True
2026-09-10,Sunderland,Omar Alderete,a,100.0,,23,49,False
2026-09-10,Sunderland,Reinildo Mandava,a,,,270,45,True
2026-09-10,Sunderland,Jenson Seelt,u,0.0,Has joined Swansea City on loan for the rest of the season,0,45,False
2026-09-10,Sunderland,Leo Fuhr Hjelde,u,0.0,Has joined KV Mechelen on loan for the rest of the season,0,40,False
2026-09-10,Sunderland,Luke O'Nien,a,,,66,40,False
2026-09-10,Sunderland,Arthur Masuaku,u,0.0,Has joined Konyaspor permanently,0,40,False
2026-09-10,Sunderland,Thomas Meunier,a,100.0,,243,45,True
2026-09-10,Sunderland,Enzo Le Fée,a,,,258,59,True
2026-09-10,Sunderland,Habib Diarra,i,0.0,Hamstring injury - Unknown return date,28,54,False
2026-09-10,Sunderland,Granit Xhaka,a,,,270,55,True
2026-09-10,Sunderland,Noah Sadiki,a,,,253,49,True
2026-09-10,Sunderland,Simon Adingra,u,0.0,Has joined Ajax on loan for the rest of the season,0,49,False
2026-09-10,Sunderland,Romaine Mundle,i,0.0,Knee injury - Unknown return date,1,49,False
2026-09-10,Sunderland,Chris Rigg,a,,,17,49,False
2026-09-10,Sunderland,Chemsdine Talbi,a,,,31,54,False
2026-09-10,Sunderland,Djiamgone Jocelin Ta Bi,a,,,0,50,False
2026-09-10,Sunderland,Nilson Angulo,a,,,185,50,True
2026-09-10,Sunderland,Brian Brobbey,a,,,219,59,True
2026-09-10,Sunderland,Wilson Isidor,a,,,75,55,False
2026-09-10,Sunderland,Dayann Méthalie,a,100.0,,0,45,False
2026-09-10,Sunderland,Jules Ahoka,a,,,0,45,False
2026-09-10,Sunderland,Malick Fofana,a,,,16,55,False
2026-09-10,Sunderland,Juan Angulo,a,,,0,45,False
