id,minute,result,X,Y,xG,player,h_a,player_id,situation,season,shotType,match_id,h_team,a_team,h_goals,a_goals,date,player_assisted,lastAction,team_side,team,is_goal,high_xg_chance
688493,4,MissedShots,0.8419999694824218,0.58,0.0775462538003921,Christos Tzolis,h,9746,OpenPlay,2026,RightFoot,31180,Arsenal,Coventry,3,0,2026-08-21 19:00:00,Martin Odegaard,Pass,home,Arsenal,0,0
688494,6,BlockedShot,0.9080000305175782,0.4179999923706055,0.0958008468151092,Bukayo Saka,h,7322,OpenPlay,2026,RightFoot,31180,Arsenal,Coventry,3,0,2026-08-21 19:00:00,Christos Tzolis,Cross,home,Arsenal,0,0
688495,7,BlockedShot,0.845,0.505,0.0515222288668155,Christos Tzolis,h,9746,FromCorner,2026,LeftFoot,31180,Arsenal,Coventry,3,0,2026-08-21 19:00:00,Ben White,Pass,home,Arsenal,0,0
688496,8,MissedShots,0.7180000305175781,0.6609999847412109,0.0123015688732266,Declan Rice,h,5553,OpenPlay,2026,RightFoot,31180,Arsenal,Coventry,3,0,2026-08-21 19:00:00,Christos Tzolis,Pass,home,Arsenal,0,0
688498,14,Goal,0.8540000152587891,0.484000015258789,0.0983534529805183,Kai Havertz,h,5220,OpenPlay,2026,LeftFoot,31180,Arsenal,Coventry,3,0,2026-08-21 19:00:00,Riccardo Calafiori,Pass,home,Arsenal,1,0
688499,22,Goal,0.931999969482422,0.4490000152587891,0.6286753416061401,Bukayo Saka,h,7322,OpenPlay,2026,LeftFoot,31180,Arsenal,Coventry,3,0,2026-08-21 19:00:00,,,home,Arsenal,1,1
688500,32,BlockedShot,0.914000015258789,0.4070000076293945,0.1290393024682998,Ben White,h,7298,OpenPlay,2026,RightFoot,31180,Arsenal,Coventry,3,0,2026-08-21 19:00:00,Martin Odegaard,Pass,home,Arsenal,0,0
688501,37,BlockedShot,0.8240000152587891,0.5479999923706055,0.0837049335241317,Riccardo Calafiori,h,8129,OpenPlay,2026,LeftFoot,31180,Arsenal,Coventry,3,0,2026-08-21 19:00:00,Christos Tzolis,Pass,home,Arsenal,0,0
688503,45,BlockedShot,0.7980000305175782,0.2939999961853027,0.0193441659212112,Martin Odegaard,h,2517,FromCorner,2026,LeftFoot,31180,Arsenal,Coventry,3,0,2026-08-21 19:00:00,Bukayo Saka,Pass,home,Arsenal,0,0
688504,46,MissedShots,0.794000015258789,0.3929999923706054,0.0276397801935672,Declan Rice,h,5553,FromCorner,2026,LeftFoot,31180,Arsenal,Coventry,3,0,2026-08-21 19:00:00,Bukayo Saka,Pass,home,Arsenal,0,0
688505,48,Goal,0.9109999847412108,0.4009999847412109,0.1356574892997741,Martin Odegaard,h,2517,OpenPlay,2026,RightFoot,31180,Arsenal,Coventry,3,0,2026-08-21 19:00:00,Ben White,Pass,home,Arsenal,1,0
688506,51,MissedShots,0.82,0.3479999923706054,0.0477312244474887,Myles Lewis-Skelly,h,12272,OpenPlay,2026,LeftFoot,31180,Arsenal,Coventry,3,0,2026-08-21 19:00:00,Kai Havertz,Pass,home,Arsenal,0,0
688507,60,BlockedShot,0.8730000305175781,0.6329999923706054,0.0790039375424385,Christos Tzolis,h,9746,OpenPlay,2026,RightFoot,31180,Arsenal,Coventry,3,0,2026-08-21 19:00:00,Martin Odegaard,BallTouch,home,Arsenal,0,0
688508,61,BlockedShot,0.845,0.5379999923706055,0.0517841055989265,Bukayo Saka,h,7322,FromCorner,2026,LeftFoot,31180,Arsenal,Coventry,3,0,2026-08-21 19:00:00,Myles Lewis-Skelly,Pass,home,Arsenal,0,0
688509,64,SavedShot,0.8130000305175781,0.6029999923706054,0.0296010933816432,Christos Tzolis,h,9746,FromCorner,2026,RightFoot,31180,Arsenal,Coventry,3,0,2026-08-21 19:00:00,,,home,Arsenal,0,0
688511,71,BlockedShot,0.8090000152587891,0.4640000152587891,0.0759920850396156,Martin Odegaard,h,2517,OpenPlay,2026,LeftFoot,31180,Arsenal,Coventry,3,0,2026-08-21 19:00:00,Noni Madueke,Pass,home,Arsenal,0,0
688512,77,BlockedShot,0.8980000305175782,0.2660000038146972,0.1020832285284996,Mikel Merino,h,5304,OpenPlay,2026,LeftFoot,31180,Arsenal,Coventry,3,0,2026-08-21 19:00:00,Noni Madueke,Pass,home,Arsenal,0,0
688513,81,MissedShots,0.774000015258789,0.6359999847412109,0.0287130381911993,Gabriel,h,5613,OpenPlay,2026,LeftFoot,31180,Arsenal,Coventry,3,0,2026-08-21 19:00:00,Noni Madueke,Pass,home,Arsenal,0,0
688515,90,SavedShot,0.77,0.4409999847412109,0.042255014181137,Mikel Merino,h,5304,OpenPlay,2026,LeftFoot,31180,Arsenal,Coventry,3,0,2026-08-21 19:00:00,Noni Madueke,TakeOn,home,Arsenal,0,0
688516,94,MissedShots,0.6990000152587891,0.5259999847412109,0.0374864414334297,Eberechi Eze,h,8706,DirectFreekick,2026,RightFoot,31180,Arsenal,Coventry,3,0,2026-08-21 19:00:00,,Standard,home,Arsenal,0,0
688497,12,BlockedShot,0.715999984741211,0.3509999847412109,0.0127685405313968,Loum Tchaouna,a,9977,OpenPlay,2026,LeftFoot,31180,Arsenal,Coventry,3,0,2026-08-21 19:00:00,Ellis Simms,Pass,away,Coventry,0,0
688502,41,MissedShots,0.7880000305175782,0.5420000076293945,0.0323680825531482,Loum Tchaouna,a,9977,OpenPlay,2026,LeftFoot,31180,Arsenal,Coventry,3,0,2026-08-21 19:00:00,Bobby Thomas,HeadPass,away,Coventry,0,0
688510,66,MissedShots,0.7240000152587891,0.335,0.0078541673719882,Bobby Thomas,a,8483,OpenPlay,2026,RightFoot,31180,Arsenal,Coventry,3,0,2026-08-21 19:00:00,,,away,Coventry,0,0
688514,85,SavedShot,0.914000015258789,0.495,0.5053454041481018,Jack Rudoni,a,14747,OpenPlay,2026,Head,31180,Arsenal,Coventry,3,0,2026-08-21 19:00:00,Victor Torp,Aerial,away,Coventry,0,1
688538,14,SavedShot,0.874000015258789,0.474000015258789,0.0262772943824529,Oliver McBurnie,h,1736,OpenPlay,2026,Head,31181,Hull,Manchester United,2,0,2026-08-22 11:30:00,Ryan John Giles,Aerial,home,Hull,0,0
688539,16,SavedShot,0.9690000152587892,0.4029999923706054,0.4105294048786163,Oliver McBurnie,h,1736,FromCorner,2026,RightFoot,31181,Hull,Manchester United,2,0,2026-08-22 11:30:00,,,home,Hull,0,1
688540,16,Goal,0.9690000152587892,0.4679999923706054,0.7058625221252441,Semi Ajayi,h,4490,FromCorner,2026,RightFoot,31181,Hull,Manchester United,2,0,2026-08-22 11:30:00,,Rebound,home,Hull,1,1
688542,20,MissedShots,0.8540000152587891,0.3390000152587891,0.0173073709011077,Mohamed Belloumi,h,14760,SetPiece,2026,LeftFoot,31181,Hull,Manchester United,2,0,2026-08-22 11:30:00,,Aerial,home,Hull,0,0
688546,37,Goal,0.948000030517578,0.5029999923706054,0.5255845189094543,Nobel Mendy,h,12286,SetPiece,2026,Head,31181,Hull,Manchester United,2,0,2026-08-22 11:30:00,Regan Slater,Cross,home,Hull,1,1
688552,61,MissedShots,0.7769999694824219,0.2770000076293945,0.0290341842919588,Mohamed Belloumi,h,14760,OpenPlay,2026,LeftFoot,31181,Hull,Manchester United,2,0,2026-08-22 11:30:00,Lewie Coyle,Pass,home,Hull,0,0
688555,72,MissedShots,0.8219999694824218,0.3110000038146973,0.0413598306477069,Cody Drameh,h,9499,OpenPlay,2026,RightFoot,31181,Hull,Manchester United,2,0,2026-08-22 11:30:00,Oliver McBurnie,Pass,home,Hull,0,0
688556,74,BlockedShot,0.7919999694824219,0.72,0.0300956219434738,Ryan John Giles,h,7277,OpenPlay,2026,LeftFoot,31181,Hull,Manchester United,2,0,2026-08-22 11:30:00,Oliver McBurnie,Pass,home,Hull,0,0
688536,12,SavedShot,0.899000015258789,0.315,0.0238108076155185,Bryan Mbeumo,a,6552,OpenPlay,2026,RightFoot,31181,Hull,Manchester United,2,0,2026-08-22 11:30:00,Luke Shaw,Cross,away,Manchester United,0,0
688537,13,SavedShot,0.8469999694824218,0.3609999847412109,0.0567409060895442,Matheus Cunha,a,7080,OpenPlay,2026,LeftFoot,31181,Hull,Manchester United,2,0,2026-08-22 11:30:00,Noussair Mazraoui,Pass,away,Manchester United,0,0
688541,19,BlockedShot,0.7809999847412109,0.439000015258789,0.030788455158472,Youri Tielemans,a,5956,OpenPlay,2026,RightFoot,31181,Hull,Manchester United,2,0,2026-08-22 11:30:00,,,away,Manchester United,0,0
688543,24,MissedShots,0.909000015258789,0.64,0.0607052966952323,Patrick Dorgu,a,11944,OpenPlay,2026,LeftFoot,31181,Hull,Manchester United,2,0,2026-08-22 11:30:00,,,away,Manchester United,0,0
688544,28,MissedShots,0.9390000152587892,0.5420000076293945,0.4420271813869476,Patrick Dorgu,a,11944,OpenPlay,2026,LeftFoot,31181,Hull,Manchester United,2,0,2026-08-22 11:30:00,Harry Maguire,Cross,away,Manchester United,0,1
688545,34,BlockedShot,0.9059999847412108,0.3520000076293945,0.0497775897383689,Bryan Mbeumo,a,6552,OpenPlay,2026,LeftFoot,31181,Hull,Manchester United,2,0,2026-08-22 11:30:00,Luke Shaw,Cross,away,Manchester United,0,0
688547,43,MissedShots,0.9280000305175782,0.5590000152587891,0.121299885213375,Patrick Dorgu,a,11944,OpenPlay,2026,Head,31181,Hull,Manchester United,2,0,2026-08-22 11:30:00,Bryan Mbeumo,Cross,away,Manchester United,0,0
688548,46,BlockedShot,0.7659999847412109,0.6179999923706054,0.0225461926311254,Bruno Fernandes,a,1228,OpenPlay,2026,RightFoot,31181,Hull,Manchester United,2,0,2026-08-22 11:30:00,Matheus Cunha,Pass,away,Manchester United,0,0
688549,50,MissedShots,0.855,0.485,0.0198018103837966,Ayden Heaven,a,13080,OpenPlay,2026,Head,31181,Hull,Manchester United,2,0,2026-08-22 11:30:00,Bruno Fernandes,Cross,away,Manchester United,0,0
688550,55,BlockedShot,0.9259999847412108,0.4979999923706055,0.1123661920428276,Ayden Heaven,a,13080,FromCorner,2026,Head,31181,Hull,Manchester United,2,0,2026-08-22 11:30:00,Bruno Fernandes,Cross,away,Manchester United,0,0
688551,58,SavedShot,0.6940000152587891,0.6780000305175782,0.0072764181531965,Bruno Fernandes,a,1228,OpenPlay,2026,RightFoot,31181,Hull,Manchester United,2,0,2026-08-22 11:30:00,Marcus Rashford,Pass,away,Manchester United,0,0
688553,65,BlockedShot,0.8669999694824219,0.6320000076293946,0.0659835264086723,Matheus Cunha,a,7080,OpenPlay,2026,RightFoot,31181,Hull,Manchester United,2,0,2026-08-22 11:30:00,Luke Shaw,Pass,away,Manchester United,0,0
688554,66,MissedShots,0.9569999694824218,0.4309999847412109,0.0905937775969505,Noussair Mazraoui,a,10696,OpenPlay,2026,RightFoot,31181,Hull,Manchester United,2,0,2026-08-22 11:30:00,Luke Shaw,Cross,away,Manchester United,0,0
688557,75,MissedShots,0.8830000305175781,0.2989999961853027,0.0487500801682472,Bryan Mbeumo,a,6552,OpenPlay,2026,LeftFoot,31181,Hull,Manchester United,2,0,2026-08-22 11:30:00,Noussair Mazraoui,Pass,away,Manchester United,0,0
688558,77,SavedShot,0.855,0.4359999847412109,0.4281644225120544,Bryan Mbeumo,a,6552,OpenPlay,2026,RightFoot,31181,Hull,Manchester United,2,0,2026-08-22 11:30:00,Matheus Cunha,Throughball,away,Manchester United,0,1
688559,78,MissedShots,0.9540000152587892,0.435,0.0633055716753006,Matheus Cunha,a,7080,FromCorner,2026,Head,31181,Hull,Manchester United,2,0,2026-08-22 11:30:00,Harry Maguire,HeadPass,away,Manchester United,0,0
688560,83,BlockedShot,0.8119999694824219,0.6569999694824219,0.026342200115323,Kobbie Mainoo,a,11174,OpenPlay,2026,RightFoot,31181,Hull,Manchester United,2,0,2026-08-22 11:30:00,Marcus Rashford,Pass,away,Manchester United,0,0
688561,83,SavedShot,0.8069999694824219,0.33,0.0239013321697711,Harry Maguire,a,1687,OpenPlay,2026,LeftFoot,31181,Hull,Manchester United,2,0,2026-08-22 11:30:00,Diogo Dalot,TakeOn,away,Manchester United,0,0
688562,88,BlockedShot,0.7969999694824219,0.750999984741211,0.0111452136188745,Bruno Fernandes,a,1228,OpenPlay,2026,LeftFoot,31181,Hull,Manchester United,2,0,2026-08-22 11:30:00,Marcus Rashford,Pass,away,Manchester United,0,0
688563,92,BlockedShot,0.889000015258789,0.46,0.0396449118852615,Benjamin Sesko,a,11974,OpenPlay,2026,Head,31181,Hull,Manchester United,2,0,2026-08-22 11:30:00,Marcus Rashford,Aerial,away,Manchester United,0,0
688564,94,MissedShots,0.92,0.7069999694824218,0.0337711162865161,Harry Maguire,a,1687,OpenPlay,2026,RightFoot,31181,Hull,Manchester United,2,0,2026-08-22 11:30:00,Bruno Fernandes,Chipped,away,Manchester United,0,0
688587,11,SavedShot,0.8640000152587891,0.3940000152587891,0.0854983851313591,Iliman Ndiaye,h,9307,OpenPlay,2026,RightFoot,31182,Everton,Crystal Palace,2,0,2026-08-22 14:00:00,Merlin Röhl,Pass,home,Everton,0,0
688589,17,MissedShots,0.830999984741211,0.7240000152587891,0.0280860438942909,Tyrique George,h,12573,OpenPlay,2026,RightFoot,31182,Everton,Crystal Palace,2,0,2026-08-22 14:00:00,Vitalii Mykolenko,Pass,home,Everton,0,0
688590,30,MissedShots,0.906999969482422,0.4109999847412109,0.048587717115879,James Tarkowski,h,1665,SetPiece,2026,Head,31182,Everton,Crystal Palace,2,0,2026-08-22 14:00:00,Kiernan Dewsbury-Hall,Chipped,home,Everton,0,0
688591,33,BlockedShot,0.7930000305175782,0.6619999694824219,0.0266912803053855,Tyrique George,h,12573,OpenPlay,2026,LeftFoot,31182,Everton,Crystal Palace,2,0,2026-08-22 14:00:00,Iliman Ndiaye,Pass,home,Everton,0,0
688593,41,BlockedShot,0.916999969482422,0.66,0.0968610718846321,Kiernan Dewsbury-Hall,h,9739,OpenPlay,2026,LeftFoot,31182,Everton,Crystal Palace,2,0,2026-08-22 14:00:00,Tyrique George,TakeOn,home,Everton,0,0
688594,41,Goal,0.885,0.6719999694824219,0.0690635815262794,Kiernan Dewsbury-Hall,h,9739,OpenPlay,2026,LeftFoot,31182,Everton,Crystal Palace,2,0,2026-08-22 14:00:00,Harrison Armstrong,Pass,home,Everton,1,0
688596,46,BlockedShot,0.7430000305175781,0.500999984741211,0.0316711217164993,Thierno Barry,h,12916,OpenPlay,2026,RightFoot,31182,Everton,Crystal Palace,2,0,2026-08-22 14:00:00,Hayden Hackney,BallRecovery,home,Everton,0,0
688597,47,BlockedShot,0.78,0.625999984741211,0.0189747605472803,Tyrique George,h,12573,FromCorner,2026,RightFoot,31182,Everton,Crystal Palace,2,0,2026-08-22 14:00:00,,,home,Everton,0,0
688598,48,BlockedShot,0.895,0.7559999847412109,0.0381052009761333,Hayden Hackney,h,14769,FromCorner,2026,RightFoot,31182,Everton,Crystal Palace,2,0,2026-08-22 14:00:00,Tyrique George,Pass,home,Everton,0,0
688599,50,MissedShots,0.7709999847412109,0.6830000305175781,0.0254814773797988,Kiernan Dewsbury-Hall,h,9739,OpenPlay,2026,LeftFoot,31182,Everton,Crystal Palace,2,0,2026-08-22 14:00:00,Iliman Ndiaye,Pass,home,Everton,0,0
688600,52,Goal,0.95,0.5159999847412109,0.5571271181106567,Thierno Barry,h,12916,SetPiece,2026,Head,31182,Everton,Crystal Palace,2,0,2026-08-22 14:00:00,Iliman Ndiaye,Cross,home,Everton,1,1
688601,55,SavedShot,0.874000015258789,0.4659999847412109,0.1336148530244827,Iliman Ndiaye,h,9307,OpenPlay,2026,RightFoot,31182,Everton,Crystal Palace,2,0,2026-08-22 14:00:00,Thierno Barry,Cross,home,Everton,0,0
688604,72,BlockedShot,0.875,0.6959999847412109,0.0703062489628791,Tyrique George,h,12573,OpenPlay,2026,RightFoot,31182,Everton,Crystal Palace,2,0,2026-08-22 14:00:00,Kiernan Dewsbury-Hall,Pass,home,Everton,0,0
688605,72,MissedShots,0.935,0.6519999694824219,0.09607944637537,Tyrique George,h,12573,OpenPlay,2026,LeftFoot,31182,Everton,Crystal Palace,2,0,2026-08-22 14:00:00,,Dispossessed,home,Everton,0,0
688608,92,BlockedShot,0.8240000152587891,0.4720000076293945,0.0653562098741531,Beto,h,9983,OpenPlay,2026,RightFoot,31182,Everton,Crystal Palace,2,0,2026-08-22 14:00:00,,,home,Everton,0,0
688609,95,SavedShot,0.8530000305175781,0.6730000305175782,0.0593440569937229,Carlos Alcaraz,h,11297,OpenPlay,2026,RightFoot,31182,Everton,Crystal Palace,2,0,2026-08-22 14:00:00,James Garner,Pass,home,Everton,0,0
688584,2,MissedShots,0.9669999694824218,0.5479999923706055,0.7940734624862671,Jean-Philippe Mateta,a,5735,OpenPlay,2026,RightFoot,31182,Everton,Crystal Palace,2,0,2026-08-22 14:00:00,Eddie Nketiah,Pass,away,Crystal Palace,0,1
688585,9,BlockedShot,0.7569999694824219,0.505,0.0249885991215705,Dwight McNeil,a,6756,OpenPlay,2026,LeftFoot,31182,Everton,Crystal Palace,2,0,2026-08-22 14:00:00,Jean-Philippe Mateta,Pass,away,Crystal Palace,0,0
688586,11,SavedShot,0.8930000305175781,0.3759999847412109,0.0714331120252609,Daniel Muñoz,a,12408,OpenPlay,2026,LeftFoot,31182,Everton,Crystal Palace,2,0,2026-08-22 14:00:00,,,away,Crystal Palace,0,0
688588,16,SavedShot,0.9080000305175782,0.5770000076293945,0.3071564733982086,Eddie Nketiah,a,6482,OpenPlay,2026,RightFoot,31182,Everton,Crystal Palace,2,0,2026-08-22 14:00:00,Adam Wharton,Chipped,away,Crystal Palace,0,1
688592,37,ShotOnPost,0.8919999694824219,0.4620000076293945,0.5248755812644958,Jean-Philippe Mateta,a,5735,OpenPlay,2026,RightFoot,31182,Everton,Crystal Palace,2,0,2026-08-22 14:00:00,Eddie Nketiah,Pass,away,Crystal Palace,0,1
688595,48,MissedShots,0.92,0.4590000152587891,0.2571656405925751,Daniel Muñoz,a,12408,OpenPlay,2026,Head,31182,Everton,Crystal Palace,2,0,2026-08-22 14:00:00,Daichi Kamada,Cross,away,Crystal Palace,0,1
688602,61,BlockedShot,0.7419999694824219,0.5629999923706055,0.0194392167031765,Yeremi Pino,a,9024,OpenPlay,2026,RightFoot,31182,Everton,Crystal Palace,2,0,2026-08-22 14:00:00,Adam Wharton,BallRecovery,away,Crystal Palace,0,0
688603,65,SavedShot,0.7880000305175782,0.4359999847412109,0.0400747209787368,Evann Guessand,a,8006,OpenPlay,2026,RightFoot,31182,Everton,Crystal Palace,2,0,2026-08-22 14:00:00,Daichi Kamada,Pass,away,Crystal Palace,0,0
688606,82,BlockedShot,0.855999984741211,0.3559999847412109,0.0194436479359865,Jaydee Canvot,a,13091,OpenPlay,2026,RightFoot,31182,Everton,Crystal Palace,2,0,2026-08-22 14:00:00,Anan Khalaili,HeadPass,away,Crystal Palace,0,0
688607,92,SavedShot,0.93,0.47,0.1436384618282318,Jørgen Strand Larsen,a,11070,OpenPlay,2026,Head,31182,Everton,Crystal Palace,2,0,2026-08-22 14:00:00,Anan Khalaili,Cross,away,Crystal Palace,0,0
688610,95,MissedShots,0.8630000305175781,0.725999984741211,0.028658203780651,Yeremi Pino,a,9024,OpenPlay,2026,RightFoot,31182,Everton,Crystal Palace,2,0,2026-08-22 14:00:00,Tyrick Mitchell,Pass,away,Crystal Palace,0,0
688613,6,BlockedShot,0.749000015258789,0.3609999847412109,0.0215945541858673,Julio Enciso,h,11058,OpenPlay,2026,RightFoot,31183,Ipswich,Sunderland,2,1,2026-08-22 14:00:00,Emersonn,Pass,home,Ipswich,0,0
688614,6,SavedShot,0.840999984741211,0.5329999923706055,0.0106583833694458,Emersonn,h,14082,OpenPlay,2026,Head,31183,Ipswich,Sunderland,2,1,2026-08-22 14:00:00,Dara O'Shea,Aerial,home,Ipswich,0,0
688615,23,Goal,0.8959999847412109,0.5170000076293946,0.5669058561325073,Emersonn,h,14082,OpenPlay,2026,RightFoot,31183,Ipswich,Sunderland,2,1,2026-08-22 14:00:00,Julio Enciso,Pass,home,Ipswich,1,1
688616,26,MissedShots,0.9,0.5459999847412109,0.0372440367937088,Emersonn,h,14082,SetPiece,2026,Head,31183,Ipswich,Sunderland,2,1,2026-08-22 14:00:00,Dara O'Shea,Aerial,home,Ipswich,0,0
688620,30,MissedShots,0.906999969482422,0.580999984741211,0.1084802448749542,Julio Enciso,h,11058,OpenPlay,2026,LeftFoot,31183,Ipswich,Sunderland,2,1,2026-08-22 14:00:00,Emersonn,Cross,home,Ipswich,0,0
688624,49,MissedShots,0.9590000152587892,0.5159999847412109,0.6158341765403748,Daizen Maeda,h,14772,OpenPlay,2026,Head,31183,Ipswich,Sunderland,2,1,2026-08-22 14:00:00,Abdul Fatawu,Cross,home,Ipswich,0,1
688625,50,MissedShots,0.8919999694824219,0.4179999923706055,0.0732707604765892,Julio Enciso,h,11058,OpenPlay,2026,RightFoot,31183,Ipswich,Sunderland,2,1,2026-08-22 14:00:00,Abdul Fatawu,Cross,home,Ipswich,0,0
688627,64,MissedShots,0.8769999694824219,0.624000015258789,0.0554595366120338,Marcelino Núñez,h,14771,FromCorner,2026,RightFoot,31183,Ipswich,Sunderland,2,1,2026-08-22 14:00:00,,,home,Ipswich,0,0
688629,89,Goal,0.8440000152587891,0.625,0.0642563849687576,Jack Clarke,h,13019,OpenPlay,2026,RightFoot,31183,Ipswich,Sunderland,2,1,2026-08-22 14:00:00,Sasa Lukic,Pass,home,Ipswich,1,0
688630,91,MissedShots,0.674000015258789,0.6170000076293946,0.0308203268796205,Jack Clarke,h,13019,OpenPlay,2026,RightFoot,31183,Ipswich,Sunderland,2,1,2026-08-22 14:00:00,Guemissongui Ouattara,Pass,home,Ipswich,0,0
688611,3,BlockedShot,0.8619999694824219,0.3920000076293945,0.4977636039257049,Brian Brobbey,a,9789,OpenPlay,2026,RightFoot,31183,Ipswich,Sunderland,2,1,2026-08-22 14:00:00,Trai Hume,Throughball,away,Sunderland,0,1
688612,3,MissedShots,0.7580000305175781,0.5309999847412109,0.0199598222970962,Trai Hume,a,13713,FromCorner,2026,RightFoot,31183,Ipswich,Sunderland,2,1,2026-08-22 14:00:00,Noah Sadiki,BallTouch,away,Sunderland,0,0
688617,28,SavedShot,0.905,0.4420000076293945,0.288067489862442,Noah Sadiki,a,13716,OpenPlay,2026,Head,31183,Ipswich,Sunderland,2,1,2026-08-22 14:00:00,Trai Hume,Aerial,away,Sunderland,0,1
688618,28,BlockedShot,0.715999984741211,0.4970000076293945,0.0211695246398448,Luke O'Nien,a,14099,FromCorner,2026,LeftFoot,31183,Ipswich,Sunderland,2,1,2026-08-22 14:00:00,Trai Hume,Pass,away,Sunderland,0,0
688619,29,MissedShots,0.960999984741211,0.4170000076293945,0.0378102287650108,Nilson Angulo,a,14424,FromCorner,2026,Head,31183,Ipswich,Sunderland,2,1,2026-08-22 14:00:00,Granit Xhaka,Aerial,away,Sunderland,0,0
688621,37,BlockedShot,0.8230000305175781,0.4209999847412109,0.0357858575880527,Thomas Meunier,a,5680,OpenPlay,2026,RightFoot,31183,Ipswich,Sunderland,2,1,2026-08-22 14:00:00,Noah Sadiki,Cross,away,Sunderland,0,0
688622,38,Goal,0.794000015258789,0.6519999694824219,0.0791553929448127,Nilson Angulo,a,14424,DirectFreekick,2026,RightFoot,31183,Ipswich,Sunderland,2,1,2026-08-22 14:00:00,,Standard,away,Sunderland,1,0
688623,46,MissedShots,0.9180000305175782,0.3840000152587891,0.0337547063827514,Trai Hume,a,13713,OpenPlay,2026,Head,31183,Ipswich,Sunderland,2,1,2026-08-22 14:00:00,Reinildo,Cross,away,Sunderland,0,0
688626,52,BlockedShot,0.91,0.4859999847412109,0.1381070166826248,Brian Brobbey,a,9789,OpenPlay,2026,RightFoot,31183,Ipswich,Sunderland,2,1,2026-08-22 14:00:00,Reinildo,Pass,away,Sunderland,0,0
688628,81,SavedShot,0.840999984741211,0.1389999961853027,0.0104889385402202,Thomas Meunier,a,5680,OpenPlay,2026,RightFoot,31183,Ipswich,Sunderland,2,1,2026-08-22 14:00:00,Granit Xhaka,HeadPass,away,Sunderland,0,0
688631,93,BlockedShot,0.745999984741211,0.6480000305175782,0.0153624014928936,Habib Diarra,a,9767,OpenPlay,2026,RightFoot,31183,Ipswich,Sunderland,2,1,2026-08-22 14:00:00,,,away,Sunderland,0,0
688633,16,SavedShot,0.9030000305175782,0.4829999923706055,0.0597473308444023,Igor Jesus,h,13778,OpenPlay,2026,Head,31184,Nottingham Forest,Leeds,0,1,2026-08-22 14:00:00,Ola Aina,Pass,home,Nottingham Forest,0,0
688636,28,MissedShots,0.7430000305175781,0.64,0.0140003021806478,Morgan Gibbs-White,h,6857,SetPiece,2026,RightFoot,31184,Nottingham Forest,Leeds,0,1,2026-08-22 14:00:00,,BallTouch,home,Nottingham Forest,0,0
688637,32,MissedShots,0.9009999847412108,0.484000015258789,0.0463663414120674,Nikola Milenkovic,h,6174,OpenPlay,2026,Head,31184,Nottingham Forest,Leeds,0,1,2026-08-22 14:00:00,Murillo,Aerial,home,Nottingham Forest,0,0
688638,35,SavedShot,0.765,0.3240000152587891,0.0197952706366777,Ola Aina,h,725,OpenPlay,2026,LeftFoot,31184,Nottingham Forest,Leeds,0,1,2026-08-22 14:00:00,James McAtee,Pass,home,Nottingham Forest,0,0
688639,40,ShotOnPost,0.905,0.489000015258789,0.0774973928928375,Nikola Milenkovic,h,6174,FromCorner,2026,Head,31184,Nottingham Forest,Leeds,0,1,2026-08-22 14:00:00,James McAtee,Cross,home,Nottingham Forest,0,0
688644,54,MissedShots,0.933000030517578,0.53,0.1359360367059707,Igor Jesus,h,13778,SetPiece,2026,Head,31184,Nottingham Forest,Leeds,0,1,2026-08-22 14:00:00,Ola Aina,Cross,home,Nottingham Forest,0,0
688646,61,MissedShots,0.7119999694824218,0.4270000076293945,0.0148224933072924,Ibrahim Sangare,h,5722,OpenPlay,2026,RightFoot,31184,Nottingham Forest,Leeds,0,1,2026-08-22 14:00:00,Ola Aina,Pass,home,Nottingham Forest,0,0
688647,62,BlockedShot,0.759000015258789,0.31,0.017668368294835,Ola Aina,h,725,OpenPlay,2026,RightFoot,31184,Nottingham Forest,Leeds,0,1,2026-08-22 14:00:00,Ibrahim Sangare,Pass,home,Nottingham Forest,0,0
688648,63,MissedShots,0.8819999694824219,0.534000015258789,0.0558714717626571,Morgan Gibbs-White,h,6857,OpenPlay,2026,RightFoot,31184,Nottingham Forest,Leeds,0,1,2026-08-22 14:00:00,,Aerial,home,Nottingham Forest,0,0
688649,64,MissedShots,0.8159999847412109,0.5170000076293946,0.0588695593178272,Chris Wood,h,4456,OpenPlay,2026,RightFoot,31184,Nottingham Forest,Leeds,0,1,2026-08-22 14:00:00,Murillo,Pass,home,Nottingham Forest,0,0
688651,73,BlockedShot,0.9180000305175782,0.455,0.0825096294283866,Igor Jesus,h,13778,FromCorner,2026,Head,31184,Nottingham Forest,Leeds,0,1,2026-08-22 14:00:00,James McAtee,Cross,home,Nottingham Forest,0,0
688654,92,MissedShots,0.7609999847412109,0.4709999847412109,0.0735972747206687,Morgan Gibbs-White,h,6857,DirectFreekick,2026,RightFoot,31184,Nottingham Forest,Leeds,0,1,2026-08-22 14:00:00,,Standard,home,Nottingham Forest,0,0
688632,0,BlockedShot,0.7519999694824219,0.4809999847412109,0.0120504992082715,Anton Stach,a,9910,OpenPlay,2026,RightFoot,31184,Nottingham Forest,Leeds,0,1,2026-08-22 14:00:00,,Aerial,away,Leeds,0,0
688634,19,BlockedShot,0.899000015258789,0.429000015258789,0.0335895232856273,Joe Rodon,a,6377,OpenPlay,2026,Head,31184,Nottingham Forest,Leeds,0,1,2026-08-22 14:00:00,Ethan Ampadu,Pass,away,Leeds,0,0
688635,19,BlockedShot,0.968000030517578,0.3970000076293945,0.0378367602825164,Jaka Bijol,a,6807,OpenPlay,2026,Head,31184,Nottingham Forest,Leeds,0,1,2026-08-22 14:00:00,,Aerial,away,Leeds,0,0
688640,45,BlockedShot,0.8980000305175782,0.3920000076293945,0.0453074015676975,Jaka Bijol,a,6807,OpenPlay,2026,LeftFoot,31184,Nottingham Forest,Leeds,0,1,2026-08-22 14:00:00,,Aerial,away,Leeds,0,0
688641,46,SavedShot,0.7819999694824219,0.735,0.0185040533542633,Brenden Aaronson,a,10751,OpenPlay,2026,RightFoot,31184,Nottingham Forest,Leeds,0,1,2026-08-22 14:00:00,Harry Wilson,Pass,away,Leeds,0,0
688642,51,MissedShots,0.92,0.735999984741211,0.0461628437042236,Dominic Calvert-Lewin,a,5555,OpenPlay,2026,LeftFoot,31184,Nottingham Forest,Leeds,0,1,2026-08-22 14:00:00,Ethan Ampadu,BallRecovery,away,Leeds,0,0
688643,52,MissedShots,0.921999969482422,0.83,0.0592155344784259,Anton Stach,a,9910,DirectFreekick,2026,RightFoot,31184,Nottingham Forest,Leeds,0,1,2026-08-22 14:00:00,,Standard,away,Leeds,0,0
688645,55,BlockedShot,0.740999984741211,0.5209999847412109,0.0163692459464073,Dominic Calvert-Lewin,a,5555,OpenPlay,2026,RightFoot,31184,Nottingham Forest,Leeds,0,1,2026-08-22 14:00:00,,,away,Leeds,0,0
688650,69,SavedShot,0.921999969482422,0.5279999923706055,0.0601546838879585,Tarik Muharemovic,a,13879,OpenPlay,2026,Head,31184,Nottingham Forest,Leeds,0,1,2026-08-22 14:00:00,Noah Okafor,Aerial,away,Leeds,0,0
688652,85,BlockedShot,0.916999969482422,0.4209999847412109,0.0978372022509574,Dominic Calvert-Lewin,a,5555,OpenPlay,2026,LeftFoot,31184,Nottingham Forest,Leeds,0,1,2026-08-22 14:00:00,Joe Rodon,Cross,away,Leeds,0,0
688653,87,Goal,0.7930000305175782,0.8030000305175782,0.0392190665006637,Anton Stach,a,9910,DirectFreekick,2026,RightFoot,31184,Nottingham Forest,Leeds,0,1,2026-08-22 14:00:00,,Standard,away,Leeds,1,0
688731,2,BlockedShot,0.89,0.8490000152587891,0.048717264086008,Mathias Jensen,h,7166,DirectFreekick,2026,RightFoot,31185,Brentford,Tottenham,3,0,2026-08-22 16:30:00,,Standard,home,Brentford,0,0
688732,3,BlockedShot,0.8109999847412109,0.4479999923706054,0.0339069738984108,Keane Lewis-Potter,h,10809,FromCorner,2026,RightFoot,31185,Brentford,Tottenham,3,0,2026-08-22 16:30:00,Mathias Jensen,Cross,home,Brentford,0,0
688733,3,MissedShots,0.950999984741211,0.509000015258789,0.485587477684021,Nathan Collins,h,9733,FromCorner,2026,Head,31185,Brentford,Tottenham,3,0,2026-08-22 16:30:00,Mathias Jensen,Cross,home,Brentford,0,1
688734,7,MissedShots,0.941999969482422,0.6790000152587891,0.0093104746192693,Dango Ouattara,h,9662,FromCorner,2026,Head,31185,Brentford,Tottenham,3,0,2026-08-22 16:30:00,Vitaly Janelt,Cross,home,Brentford,0,0
688736,11,Goal,0.925,0.494000015258789,0.5437885522842407,Keane Lewis-Potter,h,10809,OpenPlay,2026,RightFoot,31185,Brentford,Tottenham,3,0,2026-08-22 16:30:00,Mamadou Sangaré,Pass,home,Brentford,1,1
688738,28,MissedShots,0.89,0.4829999923706055,0.0754970088601112,Michael Kayode,h,11281,SetPiece,2026,Head,31185,Brentford,Tottenham,3,0,2026-08-22 16:30:00,Mathias Jensen,Cross,home,Brentford,0,0
688739,32,SavedShot,0.7930000305175782,0.344000015258789,0.0387292802333831,Mathias Jensen,h,7166,OpenPlay,2026,RightFoot,31185,Brentford,Tottenham,3,0,2026-08-22 16:30:00,,BallRecovery,home,Brentford,0,0
688740,32,Goal,0.9130000305175782,0.4640000152587891,0.4441548585891723,Vitaly Janelt,h,9680,OpenPlay,2026,RightFoot,31185,Brentford,Tottenham,3,0,2026-08-22 16:30:00,,Rebound,home,Brentford,1,1
688741,35,BlockedShot,0.8959999847412109,0.42,0.0178575068712234,Michael Kayode,h,11281,OpenPlay,2026,Head,31185,Brentford,Tottenham,3,0,2026-08-22 16:30:00,Keane Lewis-Potter,Aerial,home,Brentford,0,0
688743,42,MissedShots,0.7430000305175781,0.435,0.0204527284950017,Dango Ouattara,h,9662,OpenPlay,2026,LeftFoot,31185,Brentford,Tottenham,3,0,2026-08-22 16:30:00,Mamadou Sangaré,Pass,home,Brentford,0,0
688744,44,MissedShots,0.919000015258789,0.469000015258789,0.0553391054272651,Michael Kayode,h,11281,OpenPlay,2026,Head,31185,Brentford,Tottenham,3,0,2026-08-22 16:30:00,Dango Ouattara,Aerial,home,Brentford,0,0
688745,47,BlockedShot,0.95,0.3820000076293945,0.1102980002760887,Kevin Schade,h,9156,OpenPlay,2026,RightFoot,31185,Brentford,Tottenham,3,0,2026-08-22 16:30:00,Dango Ouattara,HeadPass,home,Brentford,0,0
688746,47,SavedShot,0.8569999694824219,0.55,0.0391997434198856,Mamadou Sangaré,h,13917,FromCorner,2026,LeftFoot,31185,Brentford,Tottenham,3,0,2026-08-22 16:30:00,Nathan Collins,HeadPass,home,Brentford,0,0
688747,48,Goal,0.9619999694824218,0.4779999923706055,0.667422354221344,Michael Kayode,h,11281,FromCorner,2026,RightFoot,31185,Brentford,Tottenham,3,0,2026-08-22 16:30:00,,Rebound,home,Brentford,1,1
688750,52,MissedShots,0.8569999694824219,0.5629999923706055,0.0843982249498367,Kevin Schade,h,9156,OpenPlay,2026,RightFoot,31185,Brentford,Tottenham,3,0,2026-08-22 16:30:00,,,home,Brentford,0,0
688751,52,BlockedShot,0.8930000305175781,0.6580000305175782,0.0438849031925201,Vitaly Janelt,h,9680,OpenPlay,2026,LeftFoot,31185,Brentford,Tottenham,3,0,2026-08-22 16:30:00,Kevin Schade,Rebound,home,Brentford,0,0
688752,54,ShotOnPost,0.885,0.5,0.7611688375473022,Thiago,h,13222,Penalty,2026,RightFoot,31185,Brentford,Tottenham,3,0,2026-08-22 16:30:00,,Standard,home,Brentford,0,1
688755,68,SavedShot,0.87,0.5790000152587891,0.0234020836651325,Kevin Schade,h,9156,OpenPlay,2026,Head,31185,Brentford,Tottenham,3,0,2026-08-22 16:30:00,Jaidon Anthony,Cross,home,Brentford,0,0
688756,75,MissedShots,0.805,0.4979999923706055,0.0161793027073144,Jaidon Anthony,h,10746,FromCorner,2026,LeftFoot,31185,Brentford,Tottenham,3,0,2026-08-22 16:30:00,Nathan Collins,HeadPass,home,Brentford,0,0
688757,76,MissedShots,0.933000030517578,0.4590000152587891,0.1450777351856231,Thiago,h,13222,OpenPlay,2026,LeftFoot,31185,Brentford,Tottenham,3,0,2026-08-22 16:30:00,Jaidon Anthony,Pass,home,Brentford,0,0
688758,77,BlockedShot,0.9159999847412108,0.4,0.0187356136739254,Nathan Collins,h,9733,OpenPlay,2026,Head,31185,Brentford,Tottenham,3,0,2026-08-22 16:30:00,Jaidon Anthony,Aerial,home,Brentford,0,0
688760,84,SavedShot,0.965,0.5559999847412109,0.0753327682614326,Kristoffer Ajer,h,9677,FromCorner,2026,Head,31185,Brentford,Tottenham,3,0,2026-08-22 16:30:00,Mikkel Damsgaard,Aerial,home,Brentford,0,0
688762,87,SavedShot,0.8980000305175782,0.4270000076293945,0.1435260325670242,Kevin Schade,h,9156,OpenPlay,2026,RightFoot,31185,Brentford,Tottenham,3,0,2026-08-22 16:30:00,Callum Wilson,Pass,home,Brentford,0,0
688763,90,BlockedShot,0.963000030517578,0.3420000076293945,0.0846927389502525,Callum Wilson,h,468,OpenPlay,2026,RightFoot,31185,Brentford,Tottenham,3,0,2026-08-22 16:30:00,Mikkel Damsgaard,Pass,home,Brentford,0,0
688764,90,MissedShots,0.9519999694824218,0.4659999847412109,0.0743473544716835,Kevin Schade,h,9156,FromCorner,2026,Head,31185,Brentford,Tottenham,3,0,2026-08-22 16:30:00,Vitaly Janelt,Aerial,home,Brentford,0,0
688765,92,MissedShots,0.82,0.364000015258789,0.0276122987270355,Yehor Yarmolyuk,h,11772,FromCorner,2026,RightFoot,31185,Brentford,Tottenham,3,0,2026-08-22 16:30:00,,,home,Brentford,0,0
688735,9,MissedShots,0.7190000152587891,0.6329999923706054,0.0167681723833084,Conor Gallagher,a,9040,OpenPlay,2026,RightFoot,31185,Brentford,Tottenham,3,0,2026-08-22 16:30:00,Mathys Tel,Pass,away,Tottenham,0,0
688737,14,BlockedShot,0.7190000152587891,0.6370000076293946,0.03921889513731,Mathys Tel,a,9780,DirectFreekick,2026,RightFoot,31185,Brentford,Tottenham,3,0,2026-08-22 16:30:00,,Standard,away,Tottenham,0,0
688742,39,MissedShots,0.795,0.4640000152587891,0.0170009192079305,Sandro Tonali,a,7958,OpenPlay,2026,RightFoot,31185,Brentford,Tottenham,3,0,2026-08-22 16:30:00,Mikey Moore,HeadPass,away,Tottenham,0,0
688748,49,SavedShot,0.8769999694824219,0.364000015258789,0.0878963097929954,Mikey Moore,a,12603,OpenPlay,2026,RightFoot,31185,Brentford,Tottenham,3,0,2026-08-22 16:30:00,Mateus Fernandes,Pass,away,Tottenham,0,0
688749,51,SavedShot,0.899000015258789,0.3359999847412109,0.2465199083089828,Mikey Moore,a,12603,OpenPlay,2026,RightFoot,31185,Brentford,Tottenham,3,0,2026-08-22 16:30:00,Andrew Robertson,Cross,away,Tottenham,0,1
688753,58,SavedShot,0.715,0.644000015258789,0.0097628664225339,Sandro Tonali,a,7958,OpenPlay,2026,RightFoot,31185,Brentford,Tottenham,3,0,2026-08-22 16:30:00,Mathys Tel,Pass,away,Tottenham,0,0
688754,61,SavedShot,0.916999969482422,0.3160000038146973,0.2751875221729278,Mikey Moore,a,12603,OpenPlay,2026,RightFoot,31185,Brentford,Tottenham,3,0,2026-08-22 16:30:00,Mateus Fernandes,Chipped,away,Tottenham,0,1
688759,81,MissedShots,0.745999984741211,0.5,0.0221979115158319,Mathys Tel,a,9780,OpenPlay,2026,LeftFoot,31185,Brentford,Tottenham,3,0,2026-08-22 16:30:00,Rodrigo Bentancur,Pass,away,Tottenham,0,0
688761,86,BlockedShot,0.84,0.6,0.0417319573462009,Dominic Solanke,a,1679,OpenPlay,2026,LeftFoot,31185,Brentford,Tottenham,3,0,2026-08-22 16:30:00,,,away,Tottenham,0,0
689207,7,ShotOnPost,0.9359999847412108,0.2970000076293945,0.3025970757007599,Maxim De Cuyper,h,13711,OpenPlay,2026,RightFoot,31186,Brighton,Aston Villa,4,0,2026-08-23 13:00:00,,BallRecovery,home,Brighton,0,1
689210,17,Goal,0.975,0.5079999923706054,0.9075709581375122,Maxim De Cuyper,h,13711,OpenPlay,2026,LeftFoot,31186,Brighton,Aston Villa,4,0,2026-08-23 13:00:00,Georginio Rutter,Pass,home,Brighton,1,1
689211,23,MissedShots,0.7609999847412109,0.285,0.0165679361671209,Georginio Rutter,h,6937,OpenPlay,2026,RightFoot,31186,Brighton,Aston Villa,4,0,2026-08-23 13:00:00,Diego Gómez,BallRecovery,home,Brighton,0,0
689212,29,Goal,0.975,0.5220000076293946,0.79644775390625,Jack Hinshelwood,h,11269,OpenPlay,2026,Head,31186,Brighton,Aston Villa,4,0,2026-08-23 13:00:00,Diego Gómez,HeadPass,home,Brighton,1,1
689213,30,Goal,0.8869999694824219,0.5609999847412109,0.4964374303817749,Jack Hinshelwood,h,11269,OpenPlay,2026,RightFoot,31186,Brighton,Aston Villa,4,0,2026-08-23 13:00:00,,,home,Brighton,1,1
689214,41,BlockedShot,0.7909999847412109,0.4659999847412109,0.0367711074650287,Yasin Ayari,h,11385,OpenPlay,2026,RightFoot,31186,Brighton,Aston Villa,4,0,2026-08-23 13:00:00,,,home,Brighton,0,0
689215,41,MissedShots,0.8330000305175781,0.3929999923706054,0.0813549607992172,Mats Wieffer,h,12758,OpenPlay,2026,RightFoot,31186,Brighton,Aston Villa,4,0,2026-08-23 13:00:00,Maxim De Cuyper,Pass,home,Brighton,0,0
689216,42,MissedShots,0.8180000305175781,0.56,0.0755562484264373,Maxim De Cuyper,h,13711,OpenPlay,2026,LeftFoot,31186,Brighton,Aston Villa,4,0,2026-08-23 13:00:00,Pascal Groß,Chipped,home,Brighton,0,0
689217,43,BlockedShot,0.874000015258789,0.6519999694824219,0.0938028320670127,Maxim De Cuyper,h,13711,OpenPlay,2026,LeftFoot,31186,Brighton,Aston Villa,4,0,2026-08-23 13:00:00,Pascal Groß,Pass,home,Brighton,0,0
689218,44,SavedShot,0.88,0.55,0.100886195898056,Diego Gómez,h,13364,OpenPlay,2026,RightFoot,31186,Brighton,Aston Villa,4,0,2026-08-23 13:00:00,Jack Hinshelwood,Tackle,home,Brighton,0,0
689219,48,MissedShots,0.6919999694824219,0.539000015258789,0.0139982849359512,Luka Vuskovic,h,13725,OpenPlay,2026,RightFoot,31186,Brighton,Aston Villa,4,0,2026-08-23 13:00:00,Maxim De Cuyper,Pass,home,Brighton,0,0
689220,50,MissedShots,0.8719999694824219,0.5570000076293945,0.0457170158624649,Yasin Ayari,h,11385,FromCorner,2026,RightFoot,31186,Brighton,Aston Villa,4,0,2026-08-23 13:00:00,Maxim De Cuyper,Chipped,home,Brighton,0,0
689222,53,MissedShots,0.97,0.4229999923706055,0.3531570434570312,Luka Vuskovic,h,13725,FromCorner,2026,LeftFoot,31186,Brighton,Aston Villa,4,0,2026-08-23 13:00:00,,Aerial,home,Brighton,0,1
689223,56,SavedShot,0.924000015258789,0.3520000076293945,0.1103139445185661,Diego Gómez,h,13364,OpenPlay,2026,RightFoot,31186,Brighton,Aston Villa,4,0,2026-08-23 13:00:00,Yasin Ayari,Chipped,home,Brighton,0,0
689224,57,BlockedShot,0.8769999694824219,0.499000015258789,0.1085255146026611,Jack Hinshelwood,h,11269,OpenPlay,2026,RightFoot,31186,Brighton,Aston Villa,4,0,2026-08-23 13:00:00,,,home,Brighton,0,0
689225,60,MissedShots,0.9180000305175782,0.655,0.0528862066566944,Georginio Rutter,h,6937,FromCorner,2026,RightFoot,31186,Brighton,Aston Villa,4,0,2026-08-23 13:00:00,Mats Wieffer,HeadPass,home,Brighton,0,0
689226,64,ShotOnPost,0.76,0.4590000152587891,0.023927055299282,Costinha,h,14854,OpenPlay,2026,RightFoot,31186,Brighton,Aston Villa,4,0,2026-08-23 13:00:00,Pascal Groß,Pass,home,Brighton,0,0
689228,70,MissedShots,0.7319999694824219,0.3909999847412109,0.0204671546816825,Diego Gómez,h,13364,OpenPlay,2026,RightFoot,31186,Brighton,Aston Villa,4,0,2026-08-23 13:00:00,Mats Wieffer,Pass,home,Brighton,0,0
689229,76,MissedShots,0.8680000305175781,0.4009999847412109,0.0543114729225635,Charalampos Kostoulas,h,14118,OpenPlay,2026,RightFoot,31186,Brighton,Aston Villa,4,0,2026-08-23 13:00:00,,Aerial,home,Brighton,0,0
689230,89,SavedShot,0.87,0.509000015258789,0.0280558001250028,Costinha,h,14854,OpenPlay,2026,Head,31186,Brighton,Aston Villa,4,0,2026-08-23 13:00:00,Ibrahim Osman,Cross,home,Brighton,0,0
689231,93,MissedShots,0.9080000305175782,0.5609999847412109,0.2839152812957763,Charalampos Kostoulas,h,14118,OpenPlay,2026,Head,31186,Brighton,Aston Villa,4,0,2026-08-23 13:00:00,Pascal Groß,Chipped,home,Brighton,0,1
689204,3,MissedShots,0.7719999694824219,0.5529999923706055,0.0201286356896162,Emiliano Buendía,a,2203,SetPiece,2026,RightFoot,31186,Brighton,Aston Villa,4,0,2026-08-23 13:00:00,,,away,Aston Villa,0,0
689205,4,MissedShots,0.8230000305175781,0.3609999847412109,0.0454123355448246,Emiliano Buendía,a,2203,OpenPlay,2026,LeftFoot,31186,Brighton,Aston Villa,4,0,2026-08-23 13:00:00,Ross Barkley,BlockedPass,away,Aston Villa,0,0
689206,6,MissedShots,0.88,0.6630000305175782,0.0519704781472682,Emiliano Buendía,a,2203,OpenPlay,2026,LeftFoot,31186,Brighton,Aston Villa,4,0,2026-08-23 13:00:00,Ross Barkley,Chipped,away,Aston Villa,0,0
689208,7,OwnGoal,0.015,0.5359999847412109,0.0,Victor Lindelöf,a,6080,OpenPlay,2026,OtherBodyPart,31186,Brighton,Aston Villa,4,0,2026-08-23 13:00:00,,,away,Aston Villa,0,0
689209,16,MissedShots,0.7959999847412109,0.385,0.0346206352114677,John McGinn,a,7723,OpenPlay,2026,LeftFoot,31186,Brighton,Aston Villa,4,0,2026-08-23 13:00:00,João Gomes,Pass,away,Aston Villa,0,0
689221,51,MissedShots,0.7859999847412109,0.6480000305175782,0.0254403371363878,Ian Maatsen,a,11807,OpenPlay,2026,LeftFoot,31186,Brighton,Aston Villa,4,0,2026-08-23 13:00:00,George Hemmings,Pass,away,Aston Villa,0,0
689227,67,MissedShots,0.955999984741211,0.5779999923706055,0.0976761132478714,Ross Barkley,a,592,FromCorner,2026,Head,31186,Brighton,Aston Villa,4,0,2026-08-23 13:00:00,Emiliano Buendía,Cross,away,Aston Villa,0,0
689232,3,SavedShot,0.965999984741211,0.3890000152587891,0.3493589162826538,Rico Lewis,h,10847,OpenPlay,2026,RightFoot,31187,Manchester City,Bournemouth,2,1,2026-08-23 13:00:00,Phil Foden,Pass,home,Manchester City,0,1
689233,4,MissedShots,0.960999984741211,0.6129999923706054,0.1630208939313888,Nico O'Reilly,h,11592,FromCorner,2026,Head,31187,Manchester City,Bournemouth,2,1,2026-08-23 13:00:00,Phil Foden,Cross,home,Manchester City,0,0
689234,7,BlockedShot,0.911999969482422,0.3659999847412109,0.0556046552956104,Phil Foden,h,6055,OpenPlay,2026,LeftFoot,31187,Manchester City,Bournemouth,2,1,2026-08-23 13:00:00,Nico O'Reilly,Cross,home,Manchester City,0,0
689237,32,BlockedShot,0.8190000152587891,0.4809999847412109,0.0481747947633266,Erling Haaland,h,8260,OpenPlay,2026,LeftFoot,31187,Manchester City,Bournemouth,2,1,2026-08-23 13:00:00,,,home,Manchester City,0,0
689238,38,SavedShot,0.889000015258789,0.479000015258789,0.0266998689621686,Erling Haaland,h,8260,OpenPlay,2026,Head,31187,Manchester City,Bournemouth,2,1,2026-08-23 13:00:00,Rúben Dias,Aerial,home,Manchester City,0,0
689241,43,MissedShots,0.914000015258789,0.495,0.1113013327121734,Erling Haaland,h,8260,FromCorner,2026,LeftFoot,31187,Manchester City,Bournemouth,2,1,2026-08-23 13:00:00,,,home,Manchester City,0,0
689242,50,MissedShots,0.975999984741211,0.46,0.532733678817749,Marc Guehi,h,7603,FromCorner,2026,Head,31187,Manchester City,Bournemouth,2,1,2026-08-23 13:00:00,Elliot Anderson,Cross,home,Manchester City,0,1
689243,66,SavedShot,0.926999969482422,0.6769999694824219,0.0513458102941513,Antoine Semenyo,h,11363,OpenPlay,2026,LeftFoot,31187,Manchester City,Bournemouth,2,1,2026-08-23 13:00:00,,,home,Manchester City,0,0
689244,67,BlockedShot,0.8219999694824218,0.36,0.0453963465988636,Phil Foden,h,6055,OpenPlay,2026,LeftFoot,31187,Manchester City,Bournemouth,2,1,2026-08-23 13:00:00,Mathis Cherki,Pass,home,Manchester City,0,0
689245,71,MissedShots,0.895,0.610999984741211,0.0876687243580818,Erling Haaland,h,8260,OpenPlay,2026,LeftFoot,31187,Manchester City,Bournemouth,2,1,2026-08-23 13:00:00,Mathis Cherki,Pass,home,Manchester City,0,0
689246,74,SavedShot,0.9180000305175782,0.4620000076293945,0.4801578819751739,Erling Haaland,h,8260,OpenPlay,2026,RightFoot,31187,Manchester City,Bournemouth,2,1,2026-08-23 13:00:00,Marc Guehi,Pass,home,Manchester City,0,1
689248,83,Goal,0.9290000152587892,0.5170000076293946,0.1141254007816314,Marc Guehi,h,7603,FromCorner,2026,Head,31187,Manchester City,Bournemouth,2,1,2026-08-23 13:00:00,Mathis Cherki,Cross,home,Manchester City,1,0
689249,90,Goal,0.8919999694824219,0.4579999923706054,0.4088468253612518,Josko Gvardiol,h,9790,OpenPlay,2026,RightFoot,31187,Manchester City,Bournemouth,2,1,2026-08-23 13:00:00,Mathis Cherki,Throughball,home,Manchester City,1,1
689235,13,SavedShot,0.9230000305175782,0.3290000152587891,0.0670793354511261,Rayan,a,14395,OpenPlay,2026,RightFoot,31187,Manchester City,Bournemouth,2,1,2026-08-23 13:00:00,,Foul,away,Bournemouth,0,0
689236,25,Goal,0.9259999847412108,0.57,0.4407866895198822,Marcus Tavernier,a,10741,OpenPlay,2026,LeftFoot,31187,Manchester City,Bournemouth,2,1,2026-08-23 13:00:00,Evanilson,Pass,away,Bournemouth,1,1
689239,39,MissedShots,0.745999984741211,0.425,0.0385570153594017,Marcus Tavernier,a,10741,OpenPlay,2026,LeftFoot,31187,Manchester City,Bournemouth,2,1,2026-08-23 13:00:00,Justin Kluivert,Pass,away,Bournemouth,0,0
689240,40,SavedShot,0.855,0.6320000076293946,0.0786404460668563,Justin Kluivert,a,6963,OpenPlay,2026,RightFoot,31187,Manchester City,Bournemouth,2,1,2026-08-23 13:00:00,Rayan,Pass,away,Bournemouth,0,0
689247,78,SavedShot,0.901999969482422,0.5540000152587891,0.0824772268533706,Daniel Jebbison,a,9509,SetPiece,2026,Head,31187,Manchester City,Bournemouth,2,1,2026-08-23 13:00:00,Marcus Tavernier,Cross,away,Bournemouth,0,0
689362,4,Goal,0.8569999694824219,0.3279999923706054,0.2569243609905243,Anthony Elanga,h,9524,OpenPlay,2026,RightFoot,31188,Newcastle United,Liverpool,2,2,2026-08-23 15:30:00,William Osula,Pass,home,Newcastle United,1,1
689365,11,MissedShots,0.695,0.5659999847412109,0.0138255469501018,Yoane Wissa,h,5786,OpenPlay,2026,LeftFoot,31188,Newcastle United,Liverpool,2,2,2026-08-23 15:30:00,,,home,Newcastle United,0,0
689368,21,BlockedShot,0.936999969482422,0.2820000076293945,0.0579833500087261,Amar Dedic,h,13456,OpenPlay,2026,RightFoot,31188,Newcastle United,Liverpool,2,2,2026-08-23 15:30:00,Lewis Miley,Chipped,home,Newcastle United,0,0
689372,30,BlockedShot,0.7119999694824218,0.485,0.0426560901105403,William Osula,h,9556,DirectFreekick,2026,RightFoot,31188,Newcastle United,Liverpool,2,2,2026-08-23 15:30:00,,Standard,home,Newcastle United,0,0
689373,31,BlockedShot,0.7559999847412109,0.515,0.0163018330931663,William Osula,h,9556,SetPiece,2026,LeftFoot,31188,Newcastle United,Liverpool,2,2,2026-08-23 15:30:00,,Rebound,home,Newcastle United,0,0
689375,43,MissedShots,0.795,0.2710000038146972,0.0247930884361267,Yoane Wissa,h,5786,OpenPlay,2026,RightFoot,31188,Newcastle United,Liverpool,2,2,2026-08-23 15:30:00,,,home,Newcastle United,0,0
689379,47,MissedShots,0.7980000305175782,0.6,0.0498530454933643,Lewis Miley,h,11386,OpenPlay,2026,RightFoot,31188,Newcastle United,Liverpool,2,2,2026-08-23 15:30:00,,,home,Newcastle United,0,0
689385,56,Goal,0.8219999694824218,0.63,0.0722352340817451,Joe Willock,h,6630,OpenPlay,2026,RightFoot,31188,Newcastle United,Liverpool,2,2,2026-08-23 15:30:00,Yoane Wissa,Pass,home,Newcastle United,1,0
689388,66,MissedShots,0.9490000152587892,0.5179999923706055,0.6304523944854736,Yoane Wissa,h,5786,OpenPlay,2026,RightFoot,31188,Newcastle United,Liverpool,2,2,2026-08-23 15:30:00,Lewis Hall,Rebound,home,Newcastle United,0,1
689389,67,SavedShot,0.7719999694824219,0.2760000038146972,0.024337962269783,Anthony Elanga,h,9524,OpenPlay,2026,LeftFoot,31188,Newcastle United,Liverpool,2,2,2026-08-23 15:30:00,Lewis Miley,Pass,home,Newcastle United,0,0
689391,69,MissedShots,0.85,0.5370000076293945,0.0904521122574806,Jacob Ramsey,h,8941,OpenPlay,2026,LeftFoot,31188,Newcastle United,Liverpool,2,2,2026-08-23 15:30:00,,,home,Newcastle United,0,0
689395,85,SavedShot,0.8959999847412109,0.3820000076293945,0.3008303940296173,Yoane Wissa,h,5786,OpenPlay,2026,RightFoot,31188,Newcastle United,Liverpool,2,2,2026-08-23 15:30:00,Joe Willock,Chipped,home,Newcastle United,0,1
689397,89,BlockedShot,0.8340000152587891,0.65,0.0602452978491783,Harvey Barnes,h,6681,OpenPlay,2026,RightFoot,31188,Newcastle United,Liverpool,2,2,2026-08-23 15:30:00,,Dispossessed,home,Newcastle United,0,0
689361,1,BlockedShot,0.855,0.4209999847412109,0.0932812988758087,Florian Wirtz,a,8397,OpenPlay,2026,RightFoot,31188,Newcastle United,Liverpool,2,2,2026-08-23 15:30:00,Cody Gakpo,Pass,away,Liverpool,0,0
689363,8,BlockedShot,0.9309999847412108,0.5109999847412109,0.0573056153953075,Virgil van Dijk,a,833,SetPiece,2026,Head,31188,Newcastle United,Liverpool,2,2,2026-08-23 15:30:00,Dominik Szoboszlai,CornerAwarded,away,Liverpool,0,0
689364,8,BlockedShot,0.889000015258789,0.6370000076293946,0.0556577555835247,Cody Gakpo,a,11296,FromCorner,2026,LeftFoot,31188,Newcastle United,Liverpool,2,2,2026-08-23 15:30:00,,,away,Liverpool,0,0
689366,17,SavedShot,0.879000015258789,0.6359999847412109,0.0553515143692493,Florian Wirtz,a,8397,OpenPlay,2026,LeftFoot,31188,Newcastle United,Liverpool,2,2,2026-08-23 15:30:00,,,away,Liverpool,0,0
689367,17,MissedShots,0.7959999847412109,0.745,0.0224274657666683,Milos Kerkez,a,11709,FromCorner,2026,LeftFoot,31188,Newcastle United,Liverpool,2,2,2026-08-23 15:30:00,Dominik Szoboszlai,Cross,away,Liverpool,0,0
689369,25,BlockedShot,0.6769999694824219,0.3370000076293945,0.0277287662029266,Dominik Szoboszlai,a,9788,DirectFreekick,2026,RightFoot,31188,Newcastle United,Liverpool,2,2,2026-08-23 15:30:00,,Standard,away,Liverpool,0,0
689370,26,BlockedShot,0.8030000305175782,0.6819999694824219,0.0271535851061344,Cody Gakpo,a,11296,OpenPlay,2026,RightFoot,31188,Newcastle United,Liverpool,2,2,2026-08-23 15:30:00,Florian Wirtz,Pass,away,Liverpool,0,0
689371,28,SavedShot,0.7330000305175781,0.6580000305175782,0.0158837977796793,Milos Kerkez,a,11709,OpenPlay,2026,LeftFoot,31188,Newcastle United,Liverpool,2,2,2026-08-23 15:30:00,Jérémy Jacquet,Pass,away,Liverpool,0,0
689374,40,BlockedShot,0.7319999694824219,0.5409999847412109,0.0152013404294848,Ryan Gravenberch,a,10697,OpenPlay,2026,RightFoot,31188,Newcastle United,Liverpool,2,2,2026-08-23 15:30:00,,BallRecovery,away,Liverpool,0,0
689376,46,BlockedShot,0.988000030517578,0.4620000076293945,0.5037542581558228,Alexander Isak,a,5232,FromCorner,2026,Head,31188,Newcastle United,Liverpool,2,2,2026-08-23 15:30:00,,BallRecovery,away,Liverpool,0,1
689377,46,SavedShot,0.988000030517578,0.4720000076293945,0.7861687541007996,Alexander Isak,a,5232,FromCorner,2026,Head,31188,Newcastle United,Liverpool,2,2,2026-08-23 15:30:00,,,away,Liverpool,0,1
689378,46,BlockedShot,0.8719999694824219,0.4659999847412109,0.0764011815190315,Florian Wirtz,a,8397,FromCorner,2026,RightFoot,31188,Newcastle United,Liverpool,2,2,2026-08-23 15:30:00,,,away,Liverpool,0,0
689380,52,MissedShots,0.7719999694824219,0.620999984741211,0.0242525562644004,Cody Gakpo,a,11296,OpenPlay,2026,RightFoot,31188,Newcastle United,Liverpool,2,2,2026-08-23 15:30:00,Milos Kerkez,Pass,away,Liverpool,0,0
689381,54,Goal,0.71,0.3559999847412109,0.0148727931082248,Cody Gakpo,a,11296,OpenPlay,2026,RightFoot,31188,Newcastle United,Liverpool,2,2,2026-08-23 15:30:00,Ryan Gravenberch,Pass,away,Liverpool,1,0
689382,56,BlockedShot,0.850999984741211,0.3279999923706054,0.0507392734289169,Rio Ngumoha,a,13692,OpenPlay,2026,LeftFoot,31188,Newcastle United,Liverpool,2,2,2026-08-23 15:30:00,Jeremie Frimpong,Pass,away,Liverpool,0,0
689383,56,BlockedShot,0.870999984741211,0.539000015258789,0.0838644355535507,Cody Gakpo,a,11296,OpenPlay,2026,LeftFoot,31188,Newcastle United,Liverpool,2,2,2026-08-23 15:30:00,,Rebound,away,Liverpool,0,0
689384,56,BlockedShot,0.789000015258789,0.4520000076293945,0.0404612980782985,Ryan Gravenberch,a,10697,OpenPlay,2026,LeftFoot,31188,Newcastle United,Liverpool,2,2,2026-08-23 15:30:00,Alexander Isak,BallTouch,away,Liverpool,0,0
689386,59,MissedShots,0.77,0.6480000305175782,0.0199996493756771,Cody Gakpo,a,11296,OpenPlay,2026,RightFoot,31188,Newcastle United,Liverpool,2,2,2026-08-23 15:30:00,,,away,Liverpool,0,0
689387,65,SavedShot,0.924000015258789,0.654000015258789,0.0656249970197677,Virgil van Dijk,a,833,SetPiece,2026,RightFoot,31188,Newcastle United,Liverpool,2,2,2026-08-23 15:30:00,Dominik Szoboszlai,Chipped,away,Liverpool,0,0
689390,68,MissedShots,0.8619999694824219,0.5270000076293946,0.0866192802786827,Alexander Isak,a,5232,OpenPlay,2026,LeftFoot,31188,Newcastle United,Liverpool,2,2,2026-08-23 15:30:00,Cody Gakpo,Pass,away,Liverpool,0,0
689392,77,BlockedShot,0.904000015258789,0.3070000076293945,0.026911349967122,Víctor Muñoz,a,13279,OpenPlay,2026,RightFoot,31188,Newcastle United,Liverpool,2,2,2026-08-23 15:30:00,Jeremie Frimpong,HeadPass,away,Liverpool,0,0
689393,79,BlockedShot,0.7230000305175781,0.6140000152587891,0.0426426418125629,Dominik Szoboszlai,a,9788,DirectFreekick,2026,RightFoot,31188,Newcastle United,Liverpool,2,2,2026-08-23 15:30:00,,Standard,away,Liverpool,0,0
689394,84,SavedShot,0.8980000305175782,0.519000015258789,0.0341177210211753,Alexander Isak,a,5232,OpenPlay,2026,Head,31188,Newcastle United,Liverpool,2,2,2026-08-23 15:30:00,Jeremie Frimpong,Aerial,away,Liverpool,0,0
689396,85,BlockedShot,0.914000015258789,0.315,0.0824937745928764,Víctor Muñoz,a,13279,OpenPlay,2026,RightFoot,31188,Newcastle United,Liverpool,2,2,2026-08-23 15:30:00,,,away,Liverpool,0,0
689398,90,BlockedShot,0.9009999847412108,0.76,0.0520099736750125,Lewis Koumas,a,12434,OpenPlay,2026,LeftFoot,31188,Newcastle United,Liverpool,2,2,2026-08-23 15:30:00,Cody Gakpo,Pass,away,Liverpool,0,0
689399,91,BlockedShot,0.7369999694824219,0.33,0.0134936962276697,Jeremie Frimpong,a,9328,FromCorner,2026,LeftFoot,31188,Newcastle United,Liverpool,2,2,2026-08-23 15:30:00,,,away,Liverpool,0,0
689400,98,Goal,0.885,0.5,0.7611688375473022,Dominik Szoboszlai,a,9788,Penalty,2026,RightFoot,31188,Newcastle United,Liverpool,2,2,2026-08-23 15:30:00,,Standard,away,Liverpool,1,1
689753,19,SavedShot,0.7619999694824219,0.3570000076293945,0.0221200175583362,Joshua King,h,12410,OpenPlay,2026,RightFoot,31189,Fulham,Chelsea,2,3,2026-08-24 19:00:00,Sander Berge,Pass,home,Fulham,0,0
689754,20,MissedShots,0.8109999847412109,0.5259999847412109,0.03983810916543,César Palacios,h,14352,FromCorner,2026,RightFoot,31189,Fulham,Chelsea,2,3,2026-08-24 19:00:00,Joshua King,Pass,home,Fulham,0,0
689755,21,BlockedShot,0.830999984741211,0.34,0.0369189530611038,Sander Berge,h,8285,OpenPlay,2026,RightFoot,31189,Fulham,Chelsea,2,3,2026-08-24 19:00:00,,,home,Fulham,0,0
689756,22,Goal,0.889000015258789,0.29,0.048884131014347,Joshua King,h,12410,OpenPlay,2026,RightFoot,31189,Fulham,Chelsea,2,3,2026-08-24 19:00:00,Timothy Castagne,Pass,home,Fulham,1,0
689757,26,BlockedShot,0.9209999847412108,0.5509999847412109,0.1201341897249221,César Palacios,h,14352,OpenPlay,2026,RightFoot,31189,Fulham,Chelsea,2,3,2026-08-24 19:00:00,Timothy Castagne,Cross,home,Fulham,0,0
689758,26,BlockedShot,0.914000015258789,0.4859999847412109,0.1412597000598907,Gonzalo García,h,12035,OpenPlay,2026,RightFoot,31189,Fulham,Chelsea,2,3,2026-08-24 19:00:00,Oscar Bobb,Pass,home,Fulham,0,0
689764,38,BlockedShot,0.7519999694824219,0.3879999923706054,0.0178664028644561,Calvin Bassey,h,11728,OpenPlay,2026,LeftFoot,31189,Fulham,Chelsea,2,3,2026-08-24 19:00:00,Sander Berge,Pass,home,Fulham,0,0
689770,53,SavedShot,0.8880000305175781,0.4329999923706055,0.0721329897642135,Timothy Castagne,h,6157,OpenPlay,2026,LeftFoot,31189,Fulham,Chelsea,2,3,2026-08-24 19:00:00,,,home,Fulham,0,0
689771,53,Goal,0.955,0.484000015258789,0.6358720660209656,Gonzalo García,h,12035,OpenPlay,2026,Head,31189,Fulham,Chelsea,2,3,2026-08-24 19:00:00,,Rebound,home,Fulham,1,1
689773,71,MissedShots,0.8180000305175781,0.615999984741211,0.0477439239621162,Joshua King,h,12410,OpenPlay,2026,RightFoot,31189,Fulham,Chelsea,2,3,2026-08-24 19:00:00,Antonee Robinson,Pass,home,Fulham,0,0
689774,77,MissedShots,0.8080000305175781,0.5679999923706055,0.2031559944152832,Antonee Robinson,h,8940,OpenPlay,2026,RightFoot,31189,Fulham,Chelsea,2,3,2026-08-24 19:00:00,Jorge Cuenca,Chipped,home,Fulham,0,1
689775,83,SavedShot,0.953000030517578,0.6880000305175781,0.0380625538527965,Ryan Sessegnon,h,6837,OpenPlay,2026,LeftFoot,31189,Fulham,Chelsea,2,3,2026-08-24 19:00:00,Jorge Cuenca,TakeOn,home,Fulham,0,0
689776,92,BlockedShot,0.75,0.51,0.0233231913298368,Gonzalo García,h,12035,OpenPlay,2026,RightFoot,31189,Fulham,Chelsea,2,3,2026-08-24 19:00:00,Rodrigo Muniz,LayOff,home,Fulham,0,0
689778,94,SavedShot,0.7340000152587891,0.5820000076293945,0.0156241785734891,Rodrigo Muniz,h,10717,OpenPlay,2026,RightFoot,31189,Fulham,Chelsea,2,3,2026-08-24 19:00:00,,,home,Fulham,0,0
689747,0,Goal,0.8719999694824219,0.3970000076293945,0.4277187585830688,João Pedro,a,8272,OpenPlay,2026,RightFoot,31189,Fulham,Chelsea,2,3,2026-08-24 19:00:00,Cole Palmer,BallRecovery,away,Chelsea,1,1
689748,3,BlockedShot,0.7580000305175781,0.4870000076293945,0.0371079184114933,Morgan Rogers,a,12412,OpenPlay,2026,RightFoot,31189,Fulham,Chelsea,2,3,2026-08-24 19:00:00,Cole Palmer,Chipped,away,Chelsea,0,0
689749,3,BlockedShot,0.82,0.3940000152587891,0.0170089080929756,Reece James,a,8067,FromCorner,2026,RightFoot,31189,Fulham,Chelsea,2,3,2026-08-24 19:00:00,Morgan Rogers,Chipped,away,Chelsea,0,0
689750,5,BlockedShot,0.8880000305175781,0.7469999694824219,0.0462870895862579,Levi Colwill,a,10805,OpenPlay,2026,LeftFoot,31189,Fulham,Chelsea,2,3,2026-08-24 19:00:00,,,away,Chelsea,0,0
689751,7,SavedShot,0.9209999847412108,0.2789999961853027,0.0856238976120948,Cole Palmer,a,8497,OpenPlay,2026,RightFoot,31189,Fulham,Chelsea,2,3,2026-08-24 19:00:00,Morgan Rogers,Pass,away,Chelsea,0,0
689752,18,BlockedShot,0.855999984741211,0.455,0.1077765673398971,Cole Palmer,a,8497,OpenPlay,2026,LeftFoot,31189,Fulham,Chelsea,2,3,2026-08-24 19:00:00,Morgan Rogers,Pass,away,Chelsea,0,0
689759,29,MissedShots,0.894000015258789,0.4929999923706055,0.1026612669229507,João Pedro,a,8272,OpenPlay,2026,RightFoot,31189,Fulham,Chelsea,2,3,2026-08-24 19:00:00,Cole Palmer,Cross,away,Chelsea,0,0
689760,32,BlockedShot,0.8030000305175782,0.5459999847412109,0.0740267634391784,Morgan Rogers,a,12412,OpenPlay,2026,RightFoot,31189,Fulham,Chelsea,2,3,2026-08-24 19:00:00,João Pedro,Pass,away,Chelsea,0,0
689761,32,SavedShot,0.84,0.3579999923706055,0.0660815238952636,Reece James,a,8067,OpenPlay,2026,LeftFoot,31189,Fulham,Chelsea,2,3,2026-08-24 19:00:00,,Rebound,away,Chelsea,0,0
689762,35,BlockedShot,0.915,0.6170000076293946,0.0349031090736389,Jorrel Hato,a,13776,FromCorner,2026,Head,31189,Fulham,Chelsea,2,3,2026-08-24 19:00:00,Reece James,Cross,away,Chelsea,0,0
689763,35,SavedShot,0.9540000152587892,0.5409999847412109,0.5850690603256226,Romeo Lavia,a,10004,FromCorner,2026,RightFoot,31189,Fulham,Chelsea,2,3,2026-08-24 19:00:00,Jorrel Hato,Rebound,away,Chelsea,0,1
689765,40,Goal,0.9109999847412108,0.5470000076293945,0.4455546438694,Morgan Rogers,a,12412,OpenPlay,2026,RightFoot,31189,Fulham,Chelsea,2,3,2026-08-24 19:00:00,Maxence Lacroix,Pass,away,Chelsea,1,1
689766,43,MissedShots,0.8,0.325,0.0282382406294345,Cole Palmer,a,8497,OpenPlay,2026,LeftFoot,31189,Fulham,Chelsea,2,3,2026-08-24 19:00:00,Morgan Rogers,Pass,away,Chelsea,0,0
689767,46,BlockedShot,0.8980000305175782,0.634000015258789,0.1059963330626487,João Pedro,a,8272,OpenPlay,2026,LeftFoot,31189,Fulham,Chelsea,2,3,2026-08-24 19:00:00,Romeo Lavia,Pass,away,Chelsea,0,0
689768,47,MissedShots,0.8819999694824219,0.3229999923706054,0.0705757662653923,Cole Palmer,a,8497,OpenPlay,2026,LeftFoot,31189,Fulham,Chelsea,2,3,2026-08-24 19:00:00,Romeo Lavia,TakeOn,away,Chelsea,0,0
689769,48,Goal,0.9690000152587892,0.65,0.280918151140213,Cole Palmer,a,8497,OpenPlay,2026,LeftFoot,31189,Fulham,Chelsea,2,3,2026-08-24 19:00:00,João Pedro,Pass,away,Chelsea,1,1
689772,62,MissedShots,0.764000015258789,0.5070000076293946,0.0382880605757236,João Pedro,a,8272,OpenPlay,2026,RightFoot,31189,Fulham,Chelsea,2,3,2026-08-24 19:00:00,Morgan Rogers,BallTouch,away,Chelsea,0,0
689777,93,MissedShots,0.968000030517578,0.3039999961853027,0.0553183108568191,Pedro Neto,a,6382,OpenPlay,2026,LeftFoot,31189,Fulham,Chelsea,2,3,2026-08-24 19:00:00,Enzo Fernández,TakeOn,away,Chelsea,0,0
690072,1,MissedShots,0.935,0.6569999694824219,0.0647137761116027,Eddie Nketiah,h,6482,OpenPlay,2026,LeftFoot,31190,Crystal Palace,Manchester City,1,4,2026-08-28 19:00:00,Adam Wharton,Pass,home,Crystal Palace,0,0
690073,2,BlockedShot,0.8590000152587891,0.685,0.0434533543884754,Daichi Kamada,h,6145,FromCorner,2026,RightFoot,31190,Crystal Palace,Manchester City,1,4,2026-08-28 19:00:00,Tyrick Mitchell,Pass,home,Crystal Palace,0,0
690074,4,MissedShots,0.749000015258789,0.4979999923706055,0.0119455559179186,Tyrick Mitchell,h,8214,OpenPlay,2026,LeftFoot,31190,Crystal Palace,Manchester City,1,4,2026-08-28 19:00:00,,Aerial,home,Crystal Palace,0,0
690083,32,MissedShots,0.875,0.4470000076293945,0.0409182831645011,Jørgen Strand Larsen,h,11070,SetPiece,2026,Head,31190,Crystal Palace,Manchester City,1,4,2026-08-28 19:00:00,Yeremi Pino,Cross,home,Crystal Palace,0,0
690084,33,MissedShots,0.8969999694824219,0.555,0.2251808196306228,Tyrick Mitchell,h,8214,OpenPlay,2026,Head,31190,Crystal Palace,Manchester City,1,4,2026-08-28 19:00:00,Adam Wharton,Cross,home,Crystal Palace,0,1
690086,38,SavedShot,0.8769999694824219,0.4029999923706054,0.0242751687765121,Chris Richards,h,8430,SetPiece,2026,Head,31190,Crystal Palace,Manchester City,1,4,2026-08-28 19:00:00,Yeremi Pino,Cross,home,Crystal Palace,0,0
690088,44,MissedShots,0.7780000305175782,0.22,0.0159562937915325,Anan Khalaili,h,14770,OpenPlay,2026,LeftFoot,31190,Crystal Palace,Manchester City,1,4,2026-08-28 19:00:00,Eddie Nketiah,Pass,home,Crystal Palace,0,0
690092,49,MissedShots,0.933000030517578,0.5820000076293945,0.4464495480060577,Eddie Nketiah,h,6482,OpenPlay,2026,LeftFoot,31190,Crystal Palace,Manchester City,1,4,2026-08-28 19:00:00,Tyrick Mitchell,Pass,home,Crystal Palace,0,1
690095,55,ShotOnPost,0.7440000152587891,0.395,0.053731083869934,Yeremi Pino,h,9024,DirectFreekick,2026,RightFoot,31190,Crystal Palace,Manchester City,1,4,2026-08-28 19:00:00,,Standard,home,Crystal Palace,0,0
690075,6,SavedShot,0.8119999694824219,0.6880000305175781,0.0268435906618833,Elliot Anderson,a,9154,FromCorner,2026,RightFoot,31190,Crystal Palace,Manchester City,1,4,2026-08-28 19:00:00,Mathis Cherki,Pass,away,Manchester City,0,0
690076,6,SavedShot,0.904000015258789,0.3879999923706054,0.077885590493679,Rúben Dias,a,8961,FromCorner,2026,RightFoot,31190,Crystal Palace,Manchester City,1,4,2026-08-28 19:00:00,,Rebound,away,Manchester City,0,0
690077,6,BlockedShot,0.8969999694824219,0.4590000152587891,0.0880731344223022,Erling Haaland,a,8260,FromCorner,2026,LeftFoot,31190,Crystal Palace,Manchester City,1,4,2026-08-28 19:00:00,Rúben Dias,Pass,away,Manchester City,0,0
690078,7,MissedShots,0.9109999847412108,0.5820000076293945,0.1272879838943481,Erling Haaland,a,8260,OpenPlay,2026,LeftFoot,31190,Crystal Palace,Manchester City,1,4,2026-08-28 19:00:00,Antoine Semenyo,Pass,away,Manchester City,0,0
690079,16,Goal,0.914000015258789,0.45,0.2870340645313263,Erling Haaland,a,8260,OpenPlay,2026,Head,31190,Crystal Palace,Manchester City,1,4,2026-08-28 19:00:00,Antoine Semenyo,Cross,away,Manchester City,1,1
690080,20,MissedShots,0.8640000152587891,0.3959999847412109,0.3418318033218384,Phil Foden,a,6055,OpenPlay,2026,LeftFoot,31190,Crystal Palace,Manchester City,1,4,2026-08-28 19:00:00,Elliot Anderson,Pass,away,Manchester City,0,1
690081,21,MissedShots,0.6840000152587891,0.514000015258789,0.0095858937129378,Nico O'Reilly,a,11592,OpenPlay,2026,LeftFoot,31190,Crystal Palace,Manchester City,1,4,2026-08-28 19:00:00,,TakeOn,away,Manchester City,0,0
690082,27,MissedShots,0.93,0.4640000152587891,0.4552260041236877,Phil Foden,a,6055,OpenPlay,2026,OtherBodyPart,31190,Crystal Palace,Manchester City,1,4,2026-08-28 19:00:00,Mathis Cherki,Pass,away,Manchester City,0,1
690085,37,SavedShot,0.889000015258789,0.7419999694824219,0.0437023900449276,Antoine Semenyo,a,11363,OpenPlay,2026,LeftFoot,31190,Crystal Palace,Manchester City,1,4,2026-08-28 19:00:00,Josko Gvardiol,Pass,away,Manchester City,0,0
690087,43,MissedShots,0.924000015258789,0.5679999923706055,0.0596751496195793,Erling Haaland,a,8260,OpenPlay,2026,Head,31190,Crystal Palace,Manchester City,1,4,2026-08-28 19:00:00,Phil Foden,Aerial,away,Manchester City,0,0
690089,46,SavedShot,0.8280000305175781,0.5679999923706055,0.0766773000359535,Mathis Cherki,a,8094,OpenPlay,2026,RightFoot,31190,Crystal Palace,Manchester City,1,4,2026-08-28 19:00:00,Antoine Semenyo,Pass,away,Manchester City,0,0
690090,46,BlockedShot,0.931999969482422,0.6819999694824219,0.083951897919178,Antoine Semenyo,a,11363,OpenPlay,2026,LeftFoot,31190,Crystal Palace,Manchester City,1,4,2026-08-28 19:00:00,Mathis Cherki,Pass,away,Manchester City,0,0
690091,47,BlockedShot,0.794000015258789,0.665,0.0367813892662525,Phil Foden,a,6055,FromCorner,2026,LeftFoot,31190,Crystal Palace,Manchester City,1,4,2026-08-28 19:00:00,Marc Guehi,Pass,away,Manchester City,0,0
690093,52,MissedShots,0.8730000305175781,0.3629999923706055,0.0229245759546756,Elliot Anderson,a,9154,FromCorner,2026,RightFoot,31190,Crystal Palace,Manchester City,1,4,2026-08-28 19:00:00,,Aerial,away,Manchester City,0,0
690094,53,Goal,0.9309999847412108,0.4509999847412109,0.4971903860569,Mathis Cherki,a,8094,OpenPlay,2026,LeftFoot,31190,Crystal Palace,Manchester City,1,4,2026-08-28 19:00:00,Phil Foden,TakeOn,away,Manchester City,1,1
690096,55,OwnGoal,0.0189999997615814,0.5129999923706055,0.0,Gianluigi Donnarumma,a,1116,SetPiece,2026,OtherBodyPart,31190,Crystal Palace,Manchester City,1,4,2026-08-28 19:00:00,,Card,away,Manchester City,0,0
690097,58,Goal,0.7730000305175782,0.349000015258789,0.0283662267029285,Mathis Cherki,a,8094,OpenPlay,2026,RightFoot,31190,Crystal Palace,Manchester City,1,4,2026-08-28 19:00:00,Josko Gvardiol,Pass,away,Manchester City,1,0
690098,82,MissedShots,0.7959999847412109,0.3820000076293945,0.18103788793087,Ryan McAidoo,a,14097,OpenPlay,2026,LeftFoot,31190,Crystal Palace,Manchester City,1,4,2026-08-28 19:00:00,Rúben Dias,TakeOn,away,Manchester City,0,0
690099,83,Goal,0.936999969482422,0.6129999923706054,0.124633714556694,Erling Haaland,a,8260,OpenPlay,2026,LeftFoot,31190,Crystal Palace,Manchester City,1,4,2026-08-28 19:00:00,Phil Foden,Pass,away,Manchester City,1,0
690165,21,MissedShots,0.7859999847412109,0.8280000305175781,0.0160569157451391,Víctor Muñoz,h,13279,OpenPlay,2026,RightFoot,31191,Liverpool,Nottingham Forest,2,2,2026-08-29 11:30:00,Milos Kerkez,Pass,home,Liverpool,0,0
690168,28,BlockedShot,0.8180000305175781,0.3879999923706054,0.0431804358959198,Dominik Szoboszlai,h,9788,OpenPlay,2026,RightFoot,31191,Liverpool,Nottingham Forest,2,2,2026-08-29 11:30:00,Jeremie Frimpong,Pass,home,Liverpool,0,0
690169,38,SavedShot,0.9109999847412108,0.5559999847412109,0.0803582519292831,Florian Wirtz,h,8397,OpenPlay,2026,Head,31191,Liverpool,Nottingham Forest,2,2,2026-08-29 11:30:00,Cody Gakpo,Cross,home,Liverpool,0,0
690170,44,MissedShots,0.8769999694824219,0.6179999923706054,0.0618557333946228,Víctor Muñoz,h,13279,OpenPlay,2026,RightFoot,31191,Liverpool,Nottingham Forest,2,2,2026-08-29 11:30:00,Alexander Isak,BallTouch,home,Liverpool,0,0
690173,46,BlockedShot,0.926999969482422,0.4029999923706054,0.0452694855630397,Alexander Isak,h,5232,FromCorner,2026,Head,31191,Liverpool,Nottingham Forest,2,2,2026-08-29 11:30:00,Dominik Szoboszlai,Cross,home,Liverpool,0,0
690174,47,BlockedShot,0.9259999847412108,0.519000015258789,0.1024511158466339,Florian Wirtz,h,8397,OpenPlay,2026,RightFoot,31191,Liverpool,Nottingham Forest,2,2,2026-08-29 11:30:00,Víctor Muñoz,Cross,home,Liverpool,0,0
690176,59,Goal,0.965,0.5359999847412109,0.6440567374229431,Alexander Isak,h,5232,OpenPlay,2026,LeftFoot,31191,Liverpool,Nottingham Forest,2,2,2026-08-29 11:30:00,Cody Gakpo,Pass,home,Liverpool,1,1
690177,62,MissedShots,0.6940000152587891,0.4859999847412109,0.0135188996791839,Dominik Szoboszlai,h,9788,OpenPlay,2026,RightFoot,31191,Liverpool,Nottingham Forest,2,2,2026-08-29 11:30:00,Jérémy Jacquet,Pass,home,Liverpool,0,0
690180,73,SavedShot,0.81,0.5220000076293946,0.0443882532417774,Konstantinos Tsimikas,h,8852,OpenPlay,2026,RightFoot,31191,Liverpool,Nottingham Forest,2,2,2026-08-29 11:30:00,,,home,Liverpool,0,0
690181,77,MissedShots,0.895,0.4379999923706055,0.0749301388859748,Alexander Isak,h,5232,OpenPlay,2026,LeftFoot,31191,Liverpool,Nottingham Forest,2,2,2026-08-29 11:30:00,Dominik Szoboszlai,Cross,home,Liverpool,0,0
690182,78,BlockedShot,0.845999984741211,0.37,0.0477874092757701,Víctor Muñoz,h,13279,OpenPlay,2026,LeftFoot,31191,Liverpool,Nottingham Forest,2,2,2026-08-29 11:30:00,Ryan Gravenberch,Chipped,home,Liverpool,0,0
690183,81,Goal,0.8869999694824219,0.3359999847412109,0.0612611249089241,Víctor Muñoz,h,13279,OpenPlay,2026,RightFoot,31191,Liverpool,Nottingham Forest,2,2,2026-08-29 11:30:00,Florian Wirtz,Pass,home,Liverpool,1,0
690185,85,MissedShots,0.7580000305175781,0.7140000152587891,0.0440908670425415,Dominik Szoboszlai,h,9788,DirectFreekick,2026,RightFoot,31191,Liverpool,Nottingham Forest,2,2,2026-08-29 11:30:00,,Standard,home,Liverpool,0,0
690161,10,BlockedShot,0.9769999694824218,0.5109999847412109,0.8410946726799011,Igor Jesus,a,13778,OpenPlay,2026,RightFoot,31191,Liverpool,Nottingham Forest,2,2,2026-08-29 11:30:00,Dan Ndoye,HeadPass,away,Nottingham Forest,0,1
690162,15,BlockedShot,0.8930000305175781,0.3509999847412109,0.09403857588768,Igor Jesus,a,13778,OpenPlay,2026,RightFoot,31191,Liverpool,Nottingham Forest,2,2,2026-08-29 11:30:00,Dan Ndoye,LayOff,away,Nottingham Forest,0,0
690163,16,BlockedShot,0.799000015258789,0.4379999923706055,0.0279943738132715,Xaver Schlager,a,7783,FromCorner,2026,LeftFoot,31191,Liverpool,Nottingham Forest,2,2,2026-08-29 11:30:00,,,away,Nottingham Forest,0,0
690164,18,MissedShots,0.9519999694824218,0.6029999923706054,0.2299349457025528,Dan Ndoye,a,8662,OpenPlay,2026,Head,31191,Liverpool,Nottingham Forest,2,2,2026-08-29 11:30:00,James McAtee,Chipped,away,Nottingham Forest,0,1
690166,23,BlockedShot,0.87,0.2910000038146972,0.0161962863057851,Xaver Schlager,a,7783,OpenPlay,2026,RightFoot,31191,Liverpool,Nottingham Forest,2,2,2026-08-29 11:30:00,,Aerial,away,Nottingham Forest,0,0
690167,23,Goal,0.8930000305175781,0.664000015258789,0.2842428684234619,Dan Ndoye,a,8662,OpenPlay,2026,RightFoot,31191,Liverpool,Nottingham Forest,2,2,2026-08-29 11:30:00,Morgan Gibbs-White,Pass,away,Nottingham Forest,1,1
690171,47,SavedShot,0.8730000305175781,0.4259999847412109,0.1072202175855636,Igor Jesus,a,13778,OpenPlay,2026,RightFoot,31191,Liverpool,Nottingham Forest,2,2,2026-08-29 11:30:00,Ola Aina,Pass,away,Nottingham Forest,0,0
690172,48,BlockedShot,0.953000030517578,0.4659999847412109,0.0761319920420646,Murillo,a,12123,FromCorner,2026,Head,31191,Liverpool,Nottingham Forest,2,2,2026-08-29 11:30:00,Neco Williams,Aerial,away,Nottingham Forest,0,0
690175,47,MissedShots,0.8630000305175781,0.375,0.1330655366182327,Dan Ndoye,a,8662,OpenPlay,2026,LeftFoot,31191,Liverpool,Nottingham Forest,2,2,2026-08-29 11:30:00,Igor Jesus,TakeOn,away,Nottingham Forest,0,0
690178,67,MissedShots,0.915,0.6790000152587891,0.2364779859781265,Neco Williams,a,8204,OpenPlay,2026,RightFoot,31191,Liverpool,Nottingham Forest,2,2,2026-08-29 11:30:00,Liam Delap,Pass,away,Nottingham Forest,0,1
690179,69,Goal,0.885,0.5,0.7611688375473022,Morgan Gibbs-White,a,6857,Penalty,2026,RightFoot,31191,Liverpool,Nottingham Forest,2,2,2026-08-29 11:30:00,,Standard,away,Nottingham Forest,1,1
690184,82,BlockedShot,0.8590000152587891,0.6409999847412109,0.0718021094799041,Liam Delap,a,8868,OpenPlay,2026,LeftFoot,31191,Liverpool,Nottingham Forest,2,2,2026-08-29 11:30:00,Neco Williams,Pass,away,Nottingham Forest,0,0
690383,3,BlockedShot,0.9230000305175782,0.7030000305175781,0.1120223850011825,Taiwo Awoniyi,h,7814,OpenPlay,2026,LeftFoot,31192,Coventry,Hull,0,1,2026-08-29 14:00:00,Jack Rudoni,Throughball,home,Coventry,0,0
690384,5,MissedShots,0.7809999847412109,0.3890000152587891,0.0280903149396181,Loum Tchaouna,h,9977,OpenPlay,2026,LeftFoot,31192,Coventry,Hull,0,1,2026-08-29 14:00:00,Jack Rudoni,Pass,home,Coventry,0,0
690385,6,BlockedShot,0.7669999694824219,0.5220000076293946,0.0253368876874446,Jack Rudoni,h,14747,OpenPlay,2026,LeftFoot,31192,Coventry,Hull,0,1,2026-08-29 14:00:00,Taiwo Awoniyi,Pass,home,Coventry,0,0
690386,17,BlockedShot,0.8930000305175781,0.4420000076293945,0.0297570321708917,Caleb Yirenkyi,h,14744,OpenPlay,2026,Head,31192,Coventry,Hull,0,1,2026-08-29 14:00:00,Ephron Mason-Clark,Aerial,home,Coventry,0,0
690388,21,SavedShot,0.91,0.5159999847412109,0.0581655465066432,Taiwo Awoniyi,h,7814,OpenPlay,2026,Head,31192,Coventry,Hull,0,1,2026-08-29 14:00:00,Caleb Yirenkyi,Aerial,home,Coventry,0,0
690389,21,MissedShots,0.6730000305175782,0.54,0.011054546572268,Aurèle Amenda,h,12955,OpenPlay,2026,RightFoot,31192,Coventry,Hull,0,1,2026-08-29 14:00:00,Matt Grimes,Pass,home,Coventry,0,0
690390,34,MissedShots,0.9309999847412108,0.56,0.129779428243637,Taiwo Awoniyi,h,7814,OpenPlay,2026,Head,31192,Coventry,Hull,0,1,2026-08-29 14:00:00,Loum Tchaouna,Cross,home,Coventry,0,0
690391,37,SavedShot,0.96,0.519000015258789,0.639894962310791,Taiwo Awoniyi,h,7814,OpenPlay,2026,LeftFoot,31192,Coventry,Hull,0,1,2026-08-29 14:00:00,,,home,Coventry,0,1
690393,69,BlockedShot,0.8319999694824218,0.27,0.0278062783181667,Tatsuhiro Sakamoto,h,14749,OpenPlay,2026,LeftFoot,31192,Coventry,Hull,0,1,2026-08-29 14:00:00,Milan van Ewijk,Pass,home,Coventry,0,0
690394,70,BlockedShot,0.8269999694824218,0.255,0.0250027533620595,Matt Grimes,h,1045,FromCorner,2026,LeftFoot,31192,Coventry,Hull,0,1,2026-08-29 14:00:00,Taiwo Awoniyi,Pass,home,Coventry,0,0
690398,90,SavedShot,0.9159999847412108,0.524000015258789,0.0954192206263542,Jay Dasilva,h,14743,OpenPlay,2026,Head,31192,Coventry,Hull,0,1,2026-08-29 14:00:00,Milan van Ewijk,Cross,home,Coventry,0,0
690387,20,MissedShots,0.7330000305175781,0.6120000076293945,0.0186402760446071,Elliot Stroud,a,14763,OpenPlay,2026,LeftFoot,31192,Coventry,Hull,0,1,2026-08-29 14:00:00,Hidemasa Morita,Pass,away,Hull,0,0
690392,49,SavedShot,0.7319999694824219,0.5329999923706055,0.0109622105956077,Nobel Mendy,a,12286,OpenPlay,2026,LeftFoot,31192,Coventry,Hull,0,1,2026-08-29 14:00:00,,Aerial,away,Hull,0,0
690395,73,MissedShots,0.830999984741211,0.5379999923706055,0.0933418348431587,Liam Millar,a,14764,OpenPlay,2026,RightFoot,31192,Coventry,Hull,0,1,2026-08-29 14:00:00,Oliver McBurnie,Pass,away,Hull,0,0
690396,78,MissedShots,0.9840000152587892,0.4059999847412109,0.0720405653119087,Mohamed Belloumi,a,14760,OpenPlay,2026,RightFoot,31192,Coventry,Hull,0,1,2026-08-29 14:00:00,Ryan John Giles,Cross,away,Hull,0,0
690397,81,Goal,0.8190000152587891,0.51,0.2582585215568542,Liam Millar,a,14764,OpenPlay,2026,RightFoot,31192,Coventry,Hull,0,1,2026-08-29 14:00:00,Mohamed Belloumi,Pass,away,Hull,1,1
690399,94,MissedShots,0.474000015258789,0.9440000152587892,0.0064826589077711,Liam Millar,a,14764,OpenPlay,2026,LeftFoot,31192,Coventry,Hull,0,1,2026-08-29 14:00:00,,,away,Hull,0,0
690400,3,MissedShots,0.8569999694824219,0.4279999923706055,0.0554989390075206,Justin Kluivert,h,6963,OpenPlay,2026,RightFoot,31193,Bournemouth,Everton,1,1,2026-08-29 14:00:00,Adam Smith,Cross,home,Bournemouth,0,0
690404,14,SavedShot,0.9540000152587892,0.3520000076293945,0.2741532027721405,Rayan,h,14395,OpenPlay,2026,LeftFoot,31193,Bournemouth,Everton,1,1,2026-08-29 14:00:00,Evanilson,Pass,home,Bournemouth,0,1
690409,21,MissedShots,0.7630000305175781,0.2739999961853027,0.0155473258346319,Rayan,h,14395,OpenPlay,2026,LeftFoot,31193,Bournemouth,Everton,1,1,2026-08-29 14:00:00,Justin Kluivert,Pass,home,Bournemouth,0,0
690410,24,SavedShot,0.8109999847412109,0.3620000076293945,0.0377788357436656,Justin Kluivert,h,6963,OpenPlay,2026,RightFoot,31193,Bournemouth,Everton,1,1,2026-08-29 14:00:00,Marcus Tavernier,Pass,home,Bournemouth,0,0
690412,32,BlockedShot,0.8119999694824219,0.2860000038146972,0.0255504697561264,Rayan,h,14395,OpenPlay,2026,LeftFoot,31193,Bournemouth,Everton,1,1,2026-08-29 14:00:00,Lewis Cook,Pass,home,Bournemouth,0,0
690413,33,MissedShots,0.840999984741211,0.6509999847412109,0.0776574090123176,Marcus Tavernier,h,10741,OpenPlay,2026,RightFoot,31193,Bournemouth,Everton,1,1,2026-08-29 14:00:00,Alex Scott,Pass,home,Bournemouth,0,0
690414,40,Goal,0.840999984741211,0.429000015258789,0.1141183078289032,Alex Scott,h,12149,OpenPlay,2026,RightFoot,31193,Bournemouth,Everton,1,1,2026-08-29 14:00:00,Evanilson,Pass,home,Bournemouth,1,0
690417,56,BlockedShot,0.8440000152587891,0.4420000076293945,0.0908557921648025,Justin Kluivert,h,6963,OpenPlay,2026,LeftFoot,31193,Bournemouth,Everton,1,1,2026-08-29 14:00:00,Adrien Truffert,Pass,home,Bournemouth,0,0
690418,71,MissedShots,0.975999984741211,0.539000015258789,0.1402372866868972,António Silva,h,14859,FromCorner,2026,Head,31193,Bournemouth,Everton,1,1,2026-08-29 14:00:00,Alex Scott,Cross,home,Bournemouth,0,0
690419,74,BlockedShot,0.8540000152587891,0.6940000152587891,0.0478125810623168,Marcus Tavernier,h,10741,OpenPlay,2026,LeftFoot,31193,Bournemouth,Everton,1,1,2026-08-29 14:00:00,Adrien Truffert,Pass,home,Bournemouth,0,0
690420,75,SavedShot,0.973000030517578,0.515,0.6308985948562622,Justin Kluivert,h,6963,FromCorner,2026,OtherBodyPart,31193,Bournemouth,Everton,1,1,2026-08-29 14:00:00,James Hill,BallTouch,home,Bournemouth,0,1
690421,78,SavedShot,0.889000015258789,0.4070000076293945,0.1459019631147384,Rayan,h,14395,OpenPlay,2026,LeftFoot,31193,Bournemouth,Everton,1,1,2026-08-29 14:00:00,Justin Kluivert,Pass,home,Bournemouth,0,0
690422,78,BlockedShot,0.8569999694824219,0.5790000152587891,0.1356477588415146,Evanilson,h,12963,OpenPlay,2026,LeftFoot,31193,Bournemouth,Everton,1,1,2026-08-29 14:00:00,,Rebound,home,Bournemouth,0,0
690423,79,BlockedShot,0.960999984741211,0.5029999923706054,0.061676301062107,Evanilson,h,12963,FromCorner,2026,Head,31193,Bournemouth,Everton,1,1,2026-08-29 14:00:00,James Hill,CornerAwarded,home,Bournemouth,0,0
690424,79,MissedShots,0.9619999694824218,0.425,0.0510593317449092,Evanilson,h,12963,FromCorner,2026,Head,31193,Bournemouth,Everton,1,1,2026-08-29 14:00:00,Marcus Tavernier,Aerial,home,Bournemouth,0,0
690426,84,BlockedShot,0.885,0.3629999923706055,0.3410933911800384,Rayan,h,14395,OpenPlay,2026,LeftFoot,31193,Bournemouth,Everton,1,1,2026-08-29 14:00:00,,,home,Bournemouth,0,1
690427,84,BlockedShot,0.8040000152587891,0.5029999923706054,0.0490709766745567,Alex Scott,h,12149,OpenPlay,2026,RightFoot,31193,Bournemouth,Everton,1,1,2026-08-29 14:00:00,,Rebound,home,Bournemouth,0,0
690401,8,MissedShots,0.7430000305175781,0.349000015258789,0.0140266856178641,Iliman Ndiaye,a,9307,SetPiece,2026,RightFoot,31193,Bournemouth,Everton,1,1,2026-08-29 14:00:00,James Tarkowski,HeadPass,away,Everton,0,0
690402,9,SavedShot,0.95,0.3979999923706054,0.2326006144285202,Jarrad Branthwaite,a,8476,FromCorner,2026,Head,31193,Bournemouth,Everton,1,1,2026-08-29 14:00:00,Kiernan Dewsbury-Hall,Cross,away,Everton,0,1
690403,10,BlockedShot,0.8419999694824218,0.354000015258789,0.0336471907794475,Kiernan Dewsbury-Hall,a,9739,FromCorner,2026,LeftFoot,31193,Bournemouth,Everton,1,1,2026-08-29 14:00:00,,,away,Everton,0,0
690405,16,SavedShot,0.755,0.66,0.0149348778650164,Iliman Ndiaye,a,9307,OpenPlay,2026,RightFoot,31193,Bournemouth,Everton,1,1,2026-08-29 14:00:00,Tyrique George,Pass,away,Everton,0,0
690406,17,MissedShots,0.7619999694824219,0.374000015258789,0.0165326818823814,Kiernan Dewsbury-Hall,a,9739,FromCorner,2026,LeftFoot,31193,Bournemouth,Everton,1,1,2026-08-29 14:00:00,Thierno Barry,,away,Everton,0,0
690407,19,SavedShot,0.7530000305175781,0.6370000076293946,0.0155806709080934,Tyrique George,a,12573,OpenPlay,2026,RightFoot,31193,Bournemouth,Everton,1,1,2026-08-29 14:00:00,Kiernan Dewsbury-Hall,Pass,away,Everton,0,0
690408,19,SavedShot,0.945,0.4870000076293945,0.628536581993103,Thierno Barry,a,12916,OpenPlay,2026,RightFoot,31193,Bournemouth,Everton,1,1,2026-08-29 14:00:00,,Rebound,away,Everton,0,1
690411,28,MissedShots,0.644000015258789,0.6880000305175781,0.0101963225752115,Tyrique George,a,12573,OpenPlay,2026,RightFoot,31193,Bournemouth,Everton,1,1,2026-08-29 14:00:00,Iliman Ndiaye,Pass,away,Everton,0,0
690415,45,MissedShots,0.894000015258789,0.3579999923706055,0.1114577203989029,Thierno Barry,a,12916,OpenPlay,2026,RightFoot,31193,Bournemouth,Everton,1,1,2026-08-29 14:00:00,Kiernan Dewsbury-Hall,Pass,away,Everton,0,0
690416,48,SavedShot,0.8819999694824219,0.4259999847412109,0.4050018787384033,Thierno Barry,a,12916,OpenPlay,2026,LeftFoot,31193,Bournemouth,Everton,1,1,2026-08-29 14:00:00,Harrison Armstrong,TakeOn,away,Everton,0,1
690425,83,MissedShots,0.7880000305175782,0.3390000152587891,0.044290542602539,Beto,a,9983,OpenPlay,2026,RightFoot,31193,Bournemouth,Everton,1,1,2026-08-29 14:00:00,Kiernan Dewsbury-Hall,Pass,away,Everton,0,0
690428,90,Goal,0.916999969482422,0.3679999923706055,0.066868707537651,James Tarkowski,a,1665,FromCorner,2026,RightFoot,31193,Bournemouth,Everton,1,1,2026-08-29 14:00:00,,,away,Everton,1,0
690429,92,MissedShots,0.933000030517578,0.69,0.0796412378549575,Carlos Alcaraz,a,11297,OpenPlay,2026,LeftFoot,31193,Bournemouth,Everton,1,1,2026-08-29 14:00:00,,TakeOn,away,Everton,0,0
690570,14,SavedShot,0.8490000152587891,0.6659999847412109,0.0477955527603626,Mathys Tel,h,9780,OpenPlay,2026,RightFoot,31194,Tottenham,Newcastle United,0,2,2026-08-29 16:30:00,Omar Marmoush,Pass,home,Tottenham,0,0
690571,16,MissedShots,0.8669999694824219,0.629000015258789,0.0614457428455352,Sandro Tonali,h,7958,OpenPlay,2026,LeftFoot,31194,Tottenham,Newcastle United,0,2,2026-08-29 16:30:00,,,home,Tottenham,0,0
690572,16,BlockedShot,0.9009999847412108,0.4909999847412109,0.1286534816026687,Pedro Porro,h,6912,OpenPlay,2026,RightFoot,31194,Tottenham,Newcastle United,0,2,2026-08-29 16:30:00,Sandro Tonali,Rebound,home,Tottenham,0,0
690573,21,MissedShots,0.799000015258789,0.62,0.0232895147055387,Pedro Porro,h,6912,FromCorner,2026,LeftFoot,31194,Tottenham,Newcastle United,0,2,2026-08-29 16:30:00,,,home,Tottenham,0,0
690575,32,MissedShots,0.9669999694824218,0.6619999694824219,0.0353402569890022,Omar Marmoush,h,8393,FromCorner,2026,RightFoot,31194,Tottenham,Newcastle United,0,2,2026-08-29 16:30:00,Andrew Robertson,Cross,home,Tottenham,0,0
690578,35,SavedShot,0.9569999694824218,0.6809999847412109,0.0637315958738327,Andrew Robertson,h,1688,OpenPlay,2026,LeftFoot,31194,Tottenham,Newcastle United,0,2,2026-08-29 16:30:00,Omar Marmoush,Pass,home,Tottenham,0,0
690579,36,SavedShot,0.9590000152587892,0.4259999847412109,0.2979277670383453,Jan Paul van Hecke,h,10807,FromCorner,2026,Head,31194,Tottenham,Newcastle United,0,2,2026-08-29 16:30:00,Mateus Fernandes,Cross,home,Tottenham,0,1
690580,43,BlockedShot,0.8540000152587891,0.2820000076293945,0.0332690887153148,Pedro Porro,h,6912,OpenPlay,2026,RightFoot,31194,Tottenham,Newcastle United,0,2,2026-08-29 16:30:00,Sandro Tonali,Pass,home,Tottenham,0,0
690582,49,BlockedShot,0.8209999847412109,0.61,0.0489121861755847,Mathys Tel,h,9780,OpenPlay,2026,RightFoot,31194,Tottenham,Newcastle United,0,2,2026-08-29 16:30:00,Omar Marmoush,Pass,home,Tottenham,0,0
690584,59,MissedShots,0.67,0.4809999847412109,0.0108256842941045,Omar Marmoush,h,8393,OpenPlay,2026,RightFoot,31194,Tottenham,Newcastle United,0,2,2026-08-29 16:30:00,,GoodSkill,home,Tottenham,0,0
690587,66,MissedShots,0.7630000305175781,0.54,0.0746768191456794,Mathys Tel,h,9780,DirectFreekick,2026,RightFoot,31194,Tottenham,Newcastle United,0,2,2026-08-29 16:30:00,,Standard,home,Tottenham,0,0
690588,69,MissedShots,0.7930000305175782,0.31,0.0213641356676816,Pedro Porro,h,6912,OpenPlay,2026,RightFoot,31194,Tottenham,Newcastle United,0,2,2026-08-29 16:30:00,,,home,Tottenham,0,0
690589,70,MissedShots,0.7619999694824219,0.4670000076293945,0.0188446994870901,Mateus Fernandes,h,12948,FromCorner,2026,RightFoot,31194,Tottenham,Newcastle United,0,2,2026-08-29 16:30:00,,,home,Tottenham,0,0
690592,84,MissedShots,0.815,0.7709999847412109,0.0171677116304636,Mikey Moore,h,12603,OpenPlay,2026,RightFoot,31194,Tottenham,Newcastle United,0,2,2026-08-29 16:30:00,Mateus Fernandes,Pass,home,Tottenham,0,0
690593,86,SavedShot,0.906999969482422,0.5990000152587891,0.0628811866044998,Omar Marmoush,h,8393,OpenPlay,2026,LeftFoot,31194,Tottenham,Newcastle United,0,2,2026-08-29 16:30:00,Mateus Fernandes,Cross,home,Tottenham,0,0
690594,87,BlockedShot,0.8780000305175781,0.31,0.054617989808321,Mohammed Kudus,h,12027,OpenPlay,2026,LeftFoot,31194,Tottenham,Newcastle United,0,2,2026-08-29 16:30:00,Jan Paul van Hecke,Pass,home,Tottenham,0,0
690595,91,BlockedShot,0.91,0.529000015258789,0.1275281012058258,Dominic Solanke,h,1679,OpenPlay,2026,LeftFoot,31194,Tottenham,Newcastle United,0,2,2026-08-29 16:30:00,Iyenoma Destiny Udogie,Pass,home,Tottenham,0,0
690568,0,MissedShots,0.948000030517578,0.325,0.063580073416233,Anthony Elanga,a,9524,OpenPlay,2026,RightFoot,31194,Tottenham,Newcastle United,0,2,2026-08-29 16:30:00,Amar Dedic,HeadPass,away,Newcastle United,0,0
690569,8,MissedShots,0.8109999847412109,0.5220000076293946,0.055010974407196,Harvey Barnes,a,6681,OpenPlay,2026,RightFoot,31194,Tottenham,Newcastle United,0,2,2026-08-29 16:30:00,Yoane Wissa,BallTouch,away,Newcastle United,0,0
690574,23,MissedShots,0.799000015258789,0.5840000152587891,0.0403080731630325,Joe Willock,a,6630,OpenPlay,2026,RightFoot,31194,Tottenham,Newcastle United,0,2,2026-08-29 16:30:00,Lewis Miley,Pass,away,Newcastle United,0,0
690576,32,MissedShots,0.9569999694824218,0.6930000305175781,0.05648835003376,Joe Willock,a,6630,OpenPlay,2026,RightFoot,31194,Tottenham,Newcastle United,0,2,2026-08-29 16:30:00,Harvey Barnes,Pass,away,Newcastle United,0,0
690577,33,MissedShots,0.9590000152587892,0.435,0.1150919497013092,Yoane Wissa,a,5786,FromCorner,2026,Head,31194,Tottenham,Newcastle United,0,2,2026-08-29 16:30:00,Anthony Elanga,Cross,away,Newcastle United,0,0
690581,48,MissedShots,0.845999984741211,0.6379999923706055,0.0563934743404388,Lewis Hall,a,10216,OpenPlay,2026,RightFoot,31194,Tottenham,Newcastle United,0,2,2026-08-29 16:30:00,Harvey Barnes,BallTouch,away,Newcastle United,0,0
690583,54,BlockedShot,0.7080000305175781,0.6,0.0146792773157358,Sven Botman,a,8635,OpenPlay,2026,LeftFoot,31194,Tottenham,Newcastle United,0,2,2026-08-29 16:30:00,Nico González,Pass,away,Newcastle United,0,0
690585,60,MissedShots,0.74,0.2489999961853027,0.0136191947385668,Joe Willock,a,6630,OpenPlay,2026,RightFoot,31194,Tottenham,Newcastle United,0,2,2026-08-29 16:30:00,Nico González,Pass,away,Newcastle United,0,0
690586,61,Goal,0.8730000305175781,0.4309999847412109,0.0775765255093574,Anthony Elanga,a,9524,OpenPlay,2026,LeftFoot,31194,Tottenham,Newcastle United,0,2,2026-08-29 16:30:00,Amar Dedic,HeadPass,away,Newcastle United,1,0
690590,71,BlockedShot,0.91,0.6220000076293946,0.0189082399010658,Nick Woltemade,a,8117,FromCorner,2026,Head,31194,Tottenham,Newcastle United,0,2,2026-08-29 16:30:00,Lewis Hall,Cross,away,Newcastle United,0,0
690591,71,Goal,0.975,0.5729999923706055,0.5074549913406372,Yoane Wissa,a,5786,FromCorner,2026,RightFoot,31194,Tottenham,Newcastle United,0,2,2026-08-29 16:30:00,Nick Woltemade,Rebound,away,Newcastle United,1,1
691039,5,MissedShots,0.9159999847412108,0.705999984741211,0.0488846004009246,Enzo Le Fée,h,8651,OpenPlay,2026,LeftFoot,31195,Sunderland,Fulham,1,0,2026-08-30 13:00:00,Nilson Angulo,Pass,home,Sunderland,0,0
691041,16,SavedShot,0.74,0.3010000038146972,0.0135626308619976,Thomas Meunier,h,5680,OpenPlay,2026,RightFoot,31195,Sunderland,Fulham,1,0,2026-08-30 13:00:00,Trai Hume,Pass,home,Sunderland,0,0
691043,31,MissedShots,0.7140000152587891,0.5670000076293945,0.0121025536209344,Enzo Le Fée,h,8651,OpenPlay,2026,RightFoot,31195,Sunderland,Fulham,1,0,2026-08-30 13:00:00,,,home,Sunderland,0,0
691044,36,BlockedShot,0.8119999694824219,0.529000015258789,0.019362611696124,Noah Sadiki,h,13716,FromCorner,2026,RightFoot,31195,Sunderland,Fulham,1,0,2026-08-30 13:00:00,,Aerial,home,Sunderland,0,0
691045,45,MissedShots,0.9640000152587892,0.3370000076293945,0.0596764050424099,Enzo Le Fée,h,8651,OpenPlay,2026,RightFoot,31195,Sunderland,Fulham,1,0,2026-08-30 13:00:00,,,home,Sunderland,0,0
691046,51,MissedShots,0.8969999694824219,0.4540000152587891,0.0340768359601497,Brian Brobbey,h,9789,OpenPlay,2026,Head,31195,Sunderland,Fulham,1,0,2026-08-30 13:00:00,Granit Xhaka,Aerial,home,Sunderland,0,0
691049,66,MissedShots,0.875,0.5890000152587891,0.0281492453068494,Wilson Isidor,h,7148,SetPiece,2026,Head,31195,Sunderland,Fulham,1,0,2026-08-30 13:00:00,Granit Xhaka,Cross,home,Sunderland,0,0
691050,66,BlockedShot,0.8630000305175781,0.52,0.0114439595490694,Dan Ballard,h,13715,SetPiece,2026,Head,31195,Sunderland,Fulham,1,0,2026-08-30 13:00:00,Thomas Meunier,Aerial,home,Sunderland,0,0
691051,70,ShotOnPost,0.906999969482422,0.435,0.5389295220375061,Wilson Isidor,h,7148,OpenPlay,2026,RightFoot,31195,Sunderland,Fulham,1,0,2026-08-30 13:00:00,Enzo Le Fée,Pass,home,Sunderland,0,1
691053,74,Goal,0.9080000305175782,0.4959999847412109,0.4507821798324585,Wilson Isidor,h,7148,OpenPlay,2026,RightFoot,31195,Sunderland,Fulham,1,0,2026-08-30 13:00:00,Habib Diarra,Pass,home,Sunderland,1,1
691054,80,SavedShot,0.9390000152587892,0.655,0.0818414762616157,Enzo Le Fée,h,8651,OpenPlay,2026,LeftFoot,31195,Sunderland,Fulham,1,0,2026-08-30 13:00:00,Granit Xhaka,Chipped,home,Sunderland,0,0
691061,92,SavedShot,0.9109999847412108,0.7080000305175781,0.2634761333465576,Romaine Mundle,h,11461,SetPiece,2026,RightFoot,31195,Sunderland,Fulham,1,0,2026-08-30 13:00:00,Granit Xhaka,Chipped,home,Sunderland,0,1
691040,14,BlockedShot,0.754000015258789,0.6940000152587891,0.0127433408051729,Alex Iwobi,a,500,FromCorner,2026,RightFoot,31195,Sunderland,Fulham,1,0,2026-08-30 13:00:00,,Aerial,away,Fulham,0,0
691042,25,MissedShots,0.914000015258789,0.6409999847412109,0.2936722934246063,Joshua King,a,12410,OpenPlay,2026,LeftFoot,31195,Sunderland,Fulham,1,0,2026-08-30 13:00:00,Alex Iwobi,Chipped,away,Fulham,0,1
691047,56,BlockedShot,0.8969999694824219,0.629000015258789,0.323523610830307,Gonzalo García,a,12035,OpenPlay,2026,LeftFoot,31195,Sunderland,Fulham,1,0,2026-08-30 13:00:00,Sander Berge,Throughball,away,Fulham,0,1
691048,57,MissedShots,0.7680000305175781,0.469000015258789,0.0296333245933055,César Palacios,a,14352,OpenPlay,2026,LeftFoot,31195,Sunderland,Fulham,1,0,2026-08-30 13:00:00,Oscar Bobb,Pass,away,Fulham,0,0
691052,74,BlockedShot,0.745999984741211,0.415,0.0195380803197622,Shea Charles,a,11594,OpenPlay,2026,RightFoot,31195,Sunderland,Fulham,1,0,2026-08-30 13:00:00,Sander Berge,Pass,away,Fulham,0,0
691055,83,BlockedShot,0.825999984741211,0.2860000038146972,0.0300161857157945,Ryan Sessegnon,a,6837,OpenPlay,2026,LeftFoot,31195,Sunderland,Fulham,1,0,2026-08-30 13:00:00,Emile Smith-Rowe,Pass,away,Fulham,0,0
691056,86,BlockedShot,0.955,0.549000015258789,0.1291707456111908,Gonzalo García,a,12035,FromCorner,2026,Head,31195,Sunderland,Fulham,1,0,2026-08-30 13:00:00,Alex Iwobi,Cross,away,Fulham,0,0
691057,86,BlockedShot,0.8590000152587891,0.580999984741211,0.0257647149264812,Joshua King,a,12410,FromCorner,2026,RightFoot,31195,Sunderland,Fulham,1,0,2026-08-30 13:00:00,,Aerial,away,Fulham,0,0
691058,86,MissedShots,0.916999969482422,0.4909999847412109,0.0429061762988567,Shea Charles,a,11594,OpenPlay,2026,Head,31195,Sunderland,Fulham,1,0,2026-08-30 13:00:00,,,away,Fulham,0,0
691059,90,BlockedShot,0.855,0.4670000076293945,0.0605926103889942,Emile Smith-Rowe,a,7230,OpenPlay,2026,LeftFoot,31195,Sunderland,Fulham,1,0,2026-08-30 13:00:00,Joachim Andersen,HeadPass,away,Fulham,0,0
691060,90,BlockedShot,0.8859999847412109,0.37,0.0601308085024356,Gonzalo García,a,12035,OpenPlay,2026,RightFoot,31195,Sunderland,Fulham,1,0,2026-08-30 13:00:00,Emile Smith-Rowe,Rebound,away,Fulham,0,0
691577,3,BlockedShot,0.97,0.4470000076293945,0.1320731788873672,João Pedro,h,8272,FromCorner,2026,Head,31196,Chelsea,Brighton,4,3,2026-08-30 13:00:00,Pedro Neto,Cross,home,Chelsea,0,0
691578,3,Goal,0.960999984741211,0.5279999923706055,0.6448930501937866,Romeo Lavia,h,10004,FromCorner,2026,RightFoot,31196,Chelsea,Brighton,4,3,2026-08-30 13:00:00,,Rebound,home,Chelsea,1,1
691579,13,Goal,0.933000030517578,0.51,0.5985720157623291,Pedro Neto,h,6382,OpenPlay,2026,RightFoot,31196,Chelsea,Brighton,4,3,2026-08-30 13:00:00,Morgan Rogers,Pass,home,Chelsea,1,1
691581,24,MissedShots,0.905,0.47,0.5374264121055603,João Pedro,h,8272,OpenPlay,2026,RightFoot,31196,Chelsea,Brighton,4,3,2026-08-30 13:00:00,Pedro Neto,Pass,home,Chelsea,0,1
691583,31,Goal,0.9080000305175782,0.4559999847412109,0.5012772083282471,João Pedro,h,8272,OpenPlay,2026,RightFoot,31196,Chelsea,Brighton,4,3,2026-08-30 13:00:00,Jorrel Hato,Pass,home,Chelsea,1,1
691584,33,BlockedShot,0.960999984741211,0.685,0.0897343456745147,Cole Palmer,h,8497,OpenPlay,2026,LeftFoot,31196,Chelsea,Brighton,4,3,2026-08-30 13:00:00,Morgan Rogers,Pass,home,Chelsea,0,0
691587,40,BlockedShot,0.914000015258789,0.66,0.0866236314177513,João Pedro,h,8272,OpenPlay,2026,RightFoot,31196,Chelsea,Brighton,4,3,2026-08-30 13:00:00,Jorrel Hato,Pass,home,Chelsea,0,0
691588,40,BlockedShot,0.84,0.64,0.0306908413767814,Morgan Rogers,h,12412,OpenPlay,2026,RightFoot,31196,Chelsea,Brighton,4,3,2026-08-30 13:00:00,,Rebound,home,Chelsea,0,0
691589,41,MissedShots,0.8019999694824219,0.495,0.0483752638101577,Morgan Rogers,h,12412,OpenPlay,2026,LeftFoot,31196,Chelsea,Brighton,4,3,2026-08-30 13:00:00,,,home,Chelsea,0,0
691592,48,BlockedShot,0.8980000305175782,0.6029999923706054,0.1238317117094993,João Pedro,h,8272,OpenPlay,2026,RightFoot,31196,Chelsea,Brighton,4,3,2026-08-30 13:00:00,Emiliano Martinez,Pass,home,Chelsea,0,0
691595,56,BlockedShot,0.8909999847412109,0.6320000076293946,0.1014537140727043,Cole Palmer,h,8497,OpenPlay,2026,LeftFoot,31196,Chelsea,Brighton,4,3,2026-08-30 13:00:00,Morgan Rogers,Pass,home,Chelsea,0,0
691596,57,SavedShot,0.9740000152587892,0.3520000076293945,0.1158770099282264,Pedro Neto,h,6382,OpenPlay,2026,LeftFoot,31196,Chelsea,Brighton,4,3,2026-08-30 13:00:00,Emiliano Martinez,Pass,home,Chelsea,0,0
691597,57,MissedShots,0.9569999694824218,0.4679999923706054,0.6661861538887024,Cole Palmer,h,8497,OpenPlay,2026,LeftFoot,31196,Chelsea,Brighton,4,3,2026-08-30 13:00:00,Morgan Rogers,Pass,home,Chelsea,0,1
691600,62,OwnGoal,0.0889999961853027,0.65,0.0,João Pedro,h,8272,FromCorner,2026,LeftFoot,31196,Chelsea,Brighton,4,3,2026-08-30 13:00:00,,CornerAwarded,home,Chelsea,0,0
691603,70,MissedShots,0.8809999847412109,0.5620000076293945,0.0128172794356942,Maxence Lacroix,h,8853,SetPiece,2026,Head,31196,Chelsea,Brighton,4,3,2026-08-30 13:00:00,Cole Palmer,Aerial,home,Chelsea,0,0
691604,71,BlockedShot,0.8980000305175782,0.6459999847412109,0.1000471040606498,Morgan Rogers,h,12412,OpenPlay,2026,RightFoot,31196,Chelsea,Brighton,4,3,2026-08-30 13:00:00,Cole Palmer,Pass,home,Chelsea,0,0
691605,73,Goal,0.794000015258789,0.5170000076293946,0.0523955449461936,Cole Palmer,h,8497,OpenPlay,2026,LeftFoot,31196,Chelsea,Brighton,4,3,2026-08-30 13:00:00,João Pedro,Pass,home,Chelsea,1,0
691607,85,MissedShots,0.85,0.3359999847412109,0.0744595751166343,Valentín Barco,h,12498,OpenPlay,2026,LeftFoot,31196,Chelsea,Brighton,4,3,2026-08-30 13:00:00,João Pedro,Pass,home,Chelsea,0,0
691580,23,BlockedShot,0.8809999847412109,0.73,0.0438426360487937,Maxim De Cuyper,a,13711,OpenPlay,2026,LeftFoot,31196,Chelsea,Brighton,4,3,2026-08-30 13:00:00,Charalampos Kostoulas,Pass,away,Brighton,0,0
691582,28,SavedShot,0.924000015258789,0.519000015258789,0.3122384250164032,Malick Yalcouyé,a,14856,OpenPlay,2026,LeftFoot,31196,Chelsea,Brighton,4,3,2026-08-30 13:00:00,Diego Gómez,Cross,away,Brighton,0,1
691585,34,SavedShot,0.9290000152587892,0.349000015258789,0.2635147273540497,Charalampos Kostoulas,a,14118,OpenPlay,2026,RightFoot,31196,Chelsea,Brighton,4,3,2026-08-30 13:00:00,Malick Yalcouyé,Pass,away,Brighton,0,1
691586,34,Goal,0.914000015258789,0.4379999923706055,0.335125595331192,Malick Yalcouyé,a,14856,OpenPlay,2026,RightFoot,31196,Chelsea,Brighton,4,3,2026-08-30 13:00:00,,Rebound,away,Brighton,1,1
691590,44,MissedShots,0.914000015258789,0.4479999923706054,0.474634051322937,Diego Gómez,a,13364,OpenPlay,2026,Head,31196,Chelsea,Brighton,4,3,2026-08-30 13:00:00,Pascal Groß,Aerial,away,Brighton,0,1
691591,46,MissedShots,0.6969999694824218,0.4809999847412109,0.0097560072317719,Luka Vuskovic,a,13725,OpenPlay,2026,RightFoot,31196,Chelsea,Brighton,4,3,2026-08-30 13:00:00,Ferdi Kadioglu,Pass,away,Brighton,0,0
691593,53,MissedShots,0.8419999694824218,0.4559999847412109,0.0517529435455799,Diego Gómez,a,13364,OpenPlay,2026,RightFoot,31196,Chelsea,Brighton,4,3,2026-08-30 13:00:00,,,away,Brighton,0,0
691594,55,MissedShots,0.943000030517578,0.4029999923706054,0.1698360443115234,Diego Gómez,a,13364,SetPiece,2026,Head,31196,Chelsea,Brighton,4,3,2026-08-30 13:00:00,Olivier Boscagli,Cross,away,Brighton,0,0
691598,59,MissedShots,0.855999984741211,0.3420000076293945,0.0345139540731906,Mats Wieffer,a,12758,OpenPlay,2026,RightFoot,31196,Chelsea,Brighton,4,3,2026-08-30 13:00:00,,,away,Brighton,0,0
691599,61,SavedShot,0.8580000305175781,0.305,0.0202910490334033,Diego Gómez,a,13364,OpenPlay,2026,RightFoot,31196,Chelsea,Brighton,4,3,2026-08-30 13:00:00,Pascal Groß,Chipped,away,Brighton,0,0
691601,64,MissedShots,0.860999984741211,0.315,0.0399117618799209,Diego Gómez,a,13364,OpenPlay,2026,RightFoot,31196,Chelsea,Brighton,4,3,2026-08-30 13:00:00,,,away,Brighton,0,0
691602,68,SavedShot,0.8219999694824218,0.3990000152587891,0.0430318340659141,Olivier Boscagli,a,3645,OpenPlay,2026,RightFoot,31196,Chelsea,Brighton,4,3,2026-08-30 13:00:00,,,away,Brighton,0,0
691606,76,MissedShots,0.8669999694824219,0.3520000076293945,0.0212108809500932,Ferdi Kadioglu,a,13066,FromCorner,2026,RightFoot,31196,Chelsea,Brighton,4,3,2026-08-30 13:00:00,,Aerial,away,Brighton,0,0
691608,93,MissedShots,0.8330000305175781,0.4720000076293945,0.015044217929244,Luka Vuskovic,a,13725,SetPiece,2026,Head,31196,Chelsea,Brighton,4,3,2026-08-30 13:00:00,Maxim De Cuyper,Cross,away,Brighton,0,0
691609,95,Goal,0.8859999847412109,0.4540000152587891,0.0453363917768001,Pascal Groß,a,239,OpenPlay,2026,Head,31196,Chelsea,Brighton,4,3,2026-08-30 13:00:00,,Aerial,away,Brighton,1,0
691093,4,BlockedShot,0.8519999694824218,0.6840000152587891,0.0429679490625858,Noah Okafor,h,11966,OpenPlay,2026,RightFoot,31197,Leeds,Brentford,1,1,2026-08-30 13:00:00,James Justin,Pass,home,Leeds,0,0
691099,20,MissedShots,0.7190000152587891,0.4829999923706055,0.0133677246049046,Ethan Ampadu,h,6369,OpenPlay,2026,RightFoot,31197,Leeds,Brentford,1,1,2026-08-30 13:00:00,,,home,Leeds,0,0
691105,49,BlockedShot,0.8680000305175781,0.7130000305175781,0.0351286865770816,Noah Okafor,h,11966,OpenPlay,2026,RightFoot,31197,Leeds,Brentford,1,1,2026-08-30 13:00:00,,,home,Leeds,0,0
691110,62,BlockedShot,0.7130000305175781,0.3779999923706054,0.0126873375847935,Harry Wilson,h,5596,OpenPlay,2026,LeftFoot,31197,Leeds,Brentford,1,1,2026-08-30 13:00:00,,BallRecovery,home,Leeds,0,0
691111,63,SavedShot,0.77,0.6129999923706054,0.0174954924732446,James Justin,h,7753,OpenPlay,2026,RightFoot,31197,Leeds,Brentford,1,1,2026-08-30 13:00:00,Jayden Bogle,Chipped,home,Leeds,0,0
691112,68,BlockedShot,0.8230000305175781,0.5979999923706054,0.043002676218748,Daniel James,h,5595,OpenPlay,2026,LeftFoot,31197,Leeds,Brentford,1,1,2026-08-30 13:00:00,,,home,Leeds,0,0
691117,72,MissedShots,0.8519999694824218,0.325,0.087622083723545,Daniel James,h,5595,OpenPlay,2026,RightFoot,31197,Leeds,Brentford,1,1,2026-08-30 13:00:00,Lukas Nmecha,BallRecovery,home,Leeds,0,0
691118,76,BlockedShot,0.7440000152587891,0.5359999847412109,0.059730265289545,Anton Stach,h,9910,DirectFreekick,2026,RightFoot,31197,Leeds,Brentford,1,1,2026-08-30 13:00:00,,Standard,home,Leeds,0,0
691119,78,MissedShots,0.9669999694824218,0.3390000152587891,0.0393981784582138,Lukas Nmecha,h,6544,OpenPlay,2026,RightFoot,31197,Leeds,Brentford,1,1,2026-08-30 13:00:00,Ethan Ampadu,Cross,home,Leeds,0,0
691120,78,Goal,0.968000030517578,0.5079999923706054,0.7724223732948303,Dominic Calvert-Lewin,h,5555,OpenPlay,2026,LeftFoot,31197,Leeds,Brentford,1,1,2026-08-30 13:00:00,Lukas Nmecha,Rebound,home,Leeds,1,1
691123,81,MissedShots,0.8240000152587891,0.3179999923706054,0.0250732135027647,Daniel James,h,5595,FromCorner,2026,LeftFoot,31197,Leeds,Brentford,1,1,2026-08-30 13:00:00,Anton Stach,Pass,home,Leeds,0,0
691124,83,BlockedShot,0.865,0.2629999923706054,0.0314671769738197,Daniel James,h,5595,OpenPlay,2026,RightFoot,31197,Leeds,Brentford,1,1,2026-08-30 13:00:00,Harry Wilson,Pass,home,Leeds,0,0
691092,0,BlockedShot,0.914000015258789,0.46,0.1076071634888649,Kevin Schade,a,9156,OpenPlay,2026,RightFoot,31197,Leeds,Brentford,1,1,2026-08-30 13:00:00,,,away,Brentford,0,0
691094,7,SavedShot,0.9109999847412108,0.2710000038146972,0.0454157032072544,Thiago,a,13222,OpenPlay,2026,RightFoot,31197,Leeds,Brentford,1,1,2026-08-30 13:00:00,Mamadou Sangaré,BallTouch,away,Brentford,0,0
691095,8,BlockedShot,0.6969999694824218,0.654000015258789,0.0110522853210568,Keane Lewis-Potter,a,10809,OpenPlay,2026,RightFoot,31197,Leeds,Brentford,1,1,2026-08-30 13:00:00,Jaidon Anthony,Pass,away,Brentford,0,0
691096,9,SavedShot,0.8909999847412109,0.429000015258789,0.0434646792709827,Nathan Collins,a,9733,FromCorner,2026,Head,31197,Leeds,Brentford,1,1,2026-08-30 13:00:00,Mikkel Damsgaard,Cross,away,Brentford,0,0
691097,10,BlockedShot,0.865999984741211,0.404000015258789,0.076881006360054,Jaidon Anthony,a,10746,OpenPlay,2026,RightFoot,31197,Leeds,Brentford,1,1,2026-08-30 13:00:00,Kevin Schade,BallTouch,away,Brentford,0,0
691098,13,SavedShot,0.9180000305175782,0.7319999694824219,0.0429168827831745,Mikkel Damsgaard,a,8859,OpenPlay,2026,RightFoot,31197,Leeds,Brentford,1,1,2026-08-30 13:00:00,Keane Lewis-Potter,Pass,away,Brentford,0,0
691100,23,BlockedShot,0.860999984741211,0.409000015258789,0.0622817873954772,Mamadou Sangaré,a,13917,SetPiece,2026,RightFoot,31197,Leeds,Brentford,1,1,2026-08-30 13:00:00,,,away,Brentford,0,0
691101,39,MissedShots,0.9080000305175782,0.5929999923706055,0.0437756031751632,Kevin Schade,a,9156,OpenPlay,2026,Head,31197,Leeds,Brentford,1,1,2026-08-30 13:00:00,Jaidon Anthony,Cross,away,Brentford,0,0
691102,40,MissedShots,0.8490000152587891,0.5170000076293946,0.0985527783632278,Mamadou Sangaré,a,13917,OpenPlay,2026,LeftFoot,31197,Leeds,Brentford,1,1,2026-08-30 13:00:00,Mikkel Damsgaard,Pass,away,Brentford,0,0
691103,40,Goal,0.9109999847412108,0.5479999923706055,0.1079181134700775,Kevin Schade,a,9156,OpenPlay,2026,RightFoot,31197,Leeds,Brentford,1,1,2026-08-30 13:00:00,Keane Lewis-Potter,Cross,away,Brentford,1,0
691104,45,MissedShots,0.921999969482422,0.6580000305175782,0.010937426239252,Thiago,a,13222,FromCorner,2026,Head,31197,Leeds,Brentford,1,1,2026-08-30 13:00:00,Vitaly Janelt,Aerial,away,Brentford,0,0
691106,54,BlockedShot,0.805,0.2679999923706054,0.0288782902061939,Jaidon Anthony,a,10746,OpenPlay,2026,RightFoot,31197,Leeds,Brentford,1,1,2026-08-30 13:00:00,Kristoffer Ajer,Pass,away,Brentford,0,0
691107,55,BlockedShot,0.9309999847412108,0.335,0.0240955166518688,Nathan Collins,a,9733,OpenPlay,2026,Head,31197,Leeds,Brentford,1,1,2026-08-30 13:00:00,Kristoffer Ajer,BallTouch,away,Brentford,0,0
691108,56,BlockedShot,0.950999984741211,0.5879999923706055,0.0360872782766819,Nathan Collins,a,9733,FromCorner,2026,Head,31197,Leeds,Brentford,1,1,2026-08-30 13:00:00,Vitaly Janelt,Dispossessed,away,Brentford,0,0
691109,56,MissedShots,0.9,0.4159999847412109,0.0168210435658693,Mikkel Damsgaard,a,8859,FromCorner,2026,Head,31197,Leeds,Brentford,1,1,2026-08-30 13:00:00,Nathan Collins,Aerial,away,Brentford,0,0
691113,69,BlockedShot,0.7580000305175781,0.2870000076293945,0.0147544490173459,Dango Ouattara,a,9662,OpenPlay,2026,LeftFoot,31197,Leeds,Brentford,1,1,2026-08-30 13:00:00,Mamadou Sangaré,TakeOn,away,Brentford,0,0
691114,70,BlockedShot,0.845999984741211,0.515,0.043978277593851,Mamadou Sangaré,a,13917,OpenPlay,2026,LeftFoot,31197,Leeds,Brentford,1,1,2026-08-30 13:00:00,,Aerial,away,Brentford,0,0
691115,70,MissedShots,0.925,0.5070000076293946,0.0581752881407737,Thiago,a,13222,OpenPlay,2026,Head,31197,Leeds,Brentford,1,1,2026-08-30 13:00:00,Michael Kayode,CornerAwarded,away,Brentford,0,0
691116,71,BlockedShot,0.7380000305175781,0.4120000076293945,0.0229633934795856,Michael Kayode,a,11281,OpenPlay,2026,LeftFoot,31197,Leeds,Brentford,1,1,2026-08-30 13:00:00,Yehor Yarmolyuk,Pass,away,Brentford,0,0
691121,80,SavedShot,0.9009999847412108,0.4420000076293945,0.2324966341257095,Thiago,a,13222,OpenPlay,2026,Head,31197,Leeds,Brentford,1,1,2026-08-30 13:00:00,Dango Ouattara,Cross,away,Brentford,0,1
691122,80,MissedShots,0.9619999694824218,0.43,0.5443413257598877,Thiago,a,13222,OpenPlay,2026,RightFoot,31197,Leeds,Brentford,1,1,2026-08-30 13:00:00,,Rebound,away,Brentford,0,1
691125,90,BlockedShot,0.8440000152587891,0.4609999847412109,0.0666065290570259,Callum Wilson,a,468,OpenPlay,2026,RightFoot,31197,Leeds,Brentford,1,1,2026-08-30 13:00:00,,,away,Brentford,0,0
691310,5,SavedShot,0.7030000305175781,0.5729999923706055,0.0088778045028448,Marcus Rashford,h,556,OpenPlay,2026,RightFoot,31198,Manchester United,Ipswich,5,2,2026-08-30 15:30:00,,TakeOn,home,Manchester United,0,0
691311,6,MissedShots,0.815,0.6379999923706055,0.0305919423699378,Matheus Cunha,h,7080,OpenPlay,2026,RightFoot,31198,Manchester United,Ipswich,5,2,2026-08-30 15:30:00,Marcus Rashford,Pass,home,Manchester United,0,0
691312,11,SavedShot,0.855999984741211,0.3420000076293945,0.091075412929058,Diogo Dalot,h,7281,OpenPlay,2026,LeftFoot,31198,Manchester United,Ipswich,5,2,2026-08-30 15:30:00,Bryan Mbeumo,TakeOn,home,Manchester United,0,0
691314,13,BlockedShot,0.865,0.36,0.1043142154812812,Bruno Fernandes,h,1228,OpenPlay,2026,RightFoot,31198,Manchester United,Ipswich,5,2,2026-08-30 15:30:00,Diogo Dalot,Pass,home,Manchester United,0,0
691315,16,BlockedShot,0.785,0.2120000076293945,0.013249454088509,Youri Tielemans,h,5956,OpenPlay,2026,RightFoot,31198,Manchester United,Ipswich,5,2,2026-08-30 15:30:00,Matheus Cunha,Pass,home,Manchester United,0,0
691316,19,MissedShots,0.69,0.56,0.0339869409799575,Marcus Rashford,h,556,DirectFreekick,2026,RightFoot,31198,Manchester United,Ipswich,5,2,2026-08-30 15:30:00,,Standard,home,Manchester United,0,0
691319,25,BlockedShot,0.7269999694824218,0.620999984741211,0.0436957664787769,Bruno Fernandes,h,1228,DirectFreekick,2026,RightFoot,31198,Manchester United,Ipswich,5,2,2026-08-30 15:30:00,,Standard,home,Manchester United,0,0
691320,26,MissedShots,0.975999984741211,0.6029999923706054,0.0768578425049781,Marcus Rashford,h,556,OpenPlay,2026,RightFoot,31198,Manchester United,Ipswich,5,2,2026-08-30 15:30:00,Bryan Mbeumo,Cross,home,Manchester United,0,0
691324,39,Goal,0.8680000305175781,0.610999984741211,0.5706879496574402,Bruno Fernandes,h,1228,OpenPlay,2026,LeftFoot,31198,Manchester United,Ipswich,5,2,2026-08-30 15:30:00,Matheus Cunha,Throughball,home,Manchester United,1,1
691325,44,MissedShots,0.745,0.3390000152587891,0.0193642005324363,Diogo Dalot,h,7281,OpenPlay,2026,RightFoot,31198,Manchester United,Ipswich,5,2,2026-08-30 15:30:00,Youri Tielemans,Pass,home,Manchester United,0,0
691326,45,MissedShots,0.725,0.495,0.0149012766778469,Lisandro Martínez,h,10802,OpenPlay,2026,LeftFoot,31198,Manchester United,Ipswich,5,2,2026-08-30 15:30:00,Diogo Dalot,Pass,home,Manchester United,0,0
691328,51,ShotOnPost,0.988000030517578,0.469000015258789,0.9380573630332948,Bryan Mbeumo,h,6552,OpenPlay,2026,RightFoot,31198,Manchester United,Ipswich,5,2,2026-08-30 15:30:00,,,home,Manchester United,0,1
691329,51,BlockedShot,0.955,0.5270000076293946,0.1651834696531295,Youri Tielemans,h,5956,OpenPlay,2026,LeftFoot,31198,Manchester United,Ipswich,5,2,2026-08-30 15:30:00,,Rebound,home,Manchester United,0,0
691330,52,BlockedShot,0.860999984741211,0.5120000076293946,0.0697709619998931,Kobbie Mainoo,h,11174,FromCorner,2026,RightFoot,31198,Manchester United,Ipswich,5,2,2026-08-30 15:30:00,,,home,Manchester United,0,0
691331,52,BlockedShot,0.8490000152587891,0.495,0.0667065232992172,Diogo Dalot,h,7281,FromCorner,2026,RightFoot,31198,Manchester United,Ipswich,5,2,2026-08-30 15:30:00,,Rebound,home,Manchester United,0,0
691332,52,BlockedShot,0.8119999694824219,0.525,0.0359379388391971,Kobbie Mainoo,h,11174,FromCorner,2026,LeftFoot,31198,Manchester United,Ipswich,5,2,2026-08-30 15:30:00,Marcus Rashford,TakeOn,home,Manchester United,0,0
691333,53,SavedShot,0.749000015258789,0.4379999923706055,0.0207990109920501,Youri Tielemans,h,5956,OpenPlay,2026,RightFoot,31198,Manchester United,Ipswich,5,2,2026-08-30 15:30:00,Marcus Rashford,BallTouch,home,Manchester United,0,0
691334,55,BlockedShot,0.916999969482422,0.499000015258789,0.0678879544138908,Bryan Mbeumo,h,6552,OpenPlay,2026,Head,31198,Manchester United,Ipswich,5,2,2026-08-30 15:30:00,Bruno Fernandes,Aerial,home,Manchester United,0,0
691335,55,MissedShots,0.860999984741211,0.2720000076293945,0.0311234593391418,Harry Maguire,h,1687,OpenPlay,2026,RightFoot,31198,Manchester United,Ipswich,5,2,2026-08-30 15:30:00,,,home,Manchester United,0,0
691337,60,Goal,0.885,0.5,0.7611688375473022,Bruno Fernandes,h,1228,Penalty,2026,RightFoot,31198,Manchester United,Ipswich,5,2,2026-08-30 15:30:00,,Standard,home,Manchester United,1,1
691338,63,SavedShot,0.955999984741211,0.615,0.2959602475166321,Marcus Rashford,h,556,OpenPlay,2026,RightFoot,31198,Manchester United,Ipswich,5,2,2026-08-30 15:30:00,Diogo Dalot,Cross,home,Manchester United,0,1
691339,63,MissedShots,0.914000015258789,0.5790000152587891,0.049820564687252,Diogo Dalot,h,7281,FromCorner,2026,Head,31198,Manchester United,Ipswich,5,2,2026-08-30 15:30:00,Bruno Fernandes,Cross,home,Manchester United,0,0
691340,67,BlockedShot,0.774000015258789,0.6359999847412109,0.0225698985159397,Kobbie Mainoo,h,11174,OpenPlay,2026,RightFoot,31198,Manchester United,Ipswich,5,2,2026-08-30 15:30:00,,,home,Manchester United,0,0
691341,67,BlockedShot,0.8590000152587891,0.419000015258789,0.0610201880335807,Bryan Mbeumo,h,6552,OpenPlay,2026,LeftFoot,31198,Manchester United,Ipswich,5,2,2026-08-30 15:30:00,,Rebound,home,Manchester United,0,0
691342,67,Goal,0.936999969482422,0.5520000076293945,0.5881048440933228,Bruno Fernandes,h,1228,OpenPlay,2026,RightFoot,31198,Manchester United,Ipswich,5,2,2026-08-30 15:30:00,,Rebound,home,Manchester United,1,1
691343,69,MissedShots,0.52,0.435,0.0110314693301916,Bruno Fernandes,h,1228,OpenPlay,2026,RightFoot,31198,Manchester United,Ipswich,5,2,2026-08-30 15:30:00,Youri Tielemans,Goal,home,Manchester United,0,0
691344,75,BlockedShot,0.8859999847412109,0.2760000038146972,0.0500064231455326,Bryan Mbeumo,h,6552,OpenPlay,2026,LeftFoot,31198,Manchester United,Ipswich,5,2,2026-08-30 15:30:00,Youri Tielemans,Pass,home,Manchester United,0,0
691345,76,BlockedShot,0.779000015258789,0.654000015258789,0.0418671704828739,Bruno Fernandes,h,1228,OpenPlay,2026,RightFoot,31198,Manchester United,Ipswich,5,2,2026-08-30 15:30:00,,TakeOn,home,Manchester United,0,0
691346,76,SavedShot,0.901999969482422,0.3290000152587891,0.0839813873171806,Matheus Cunha,h,7080,OpenPlay,2026,RightFoot,31198,Manchester United,Ipswich,5,2,2026-08-30 15:30:00,Youri Tielemans,Pass,home,Manchester United,0,0
691347,80,BlockedShot,0.7669999694824219,0.3520000076293945,0.0854562148451805,Bruno Fernandes,h,1228,OpenPlay,2026,RightFoot,31198,Manchester United,Ipswich,5,2,2026-08-30 15:30:00,Patrick Dorgu,Chipped,home,Manchester United,0,0
691348,81,Goal,0.7719999694824219,0.3290000152587891,0.3359232246875763,Bryan Mbeumo,h,6552,OpenPlay,2026,LeftFoot,31198,Manchester United,Ipswich,5,2,2026-08-30 15:30:00,Bruno Fernandes,Chipped,home,Manchester United,1,1
691349,85,SavedShot,0.968000030517578,0.590999984741211,0.1869331896305084,Patrick Dorgu,h,11944,OpenPlay,2026,Head,31198,Manchester United,Ipswich,5,2,2026-08-30 15:30:00,Bryan Mbeumo,Cross,home,Manchester United,0,0
691352,96,SavedShot,0.855999984741211,0.695,0.0985427126288414,Patrick Dorgu,h,11944,OpenPlay,2026,LeftFoot,31198,Manchester United,Ipswich,5,2,2026-08-30 15:30:00,Benjamin Sesko,Pass,home,Manchester United,0,0
691313,12,SavedShot,0.8430000305175781,0.4909999847412109,0.5151225328445435,Julio Enciso,a,11058,OpenPlay,2026,LeftFoot,31198,Manchester United,Ipswich,5,2,2026-08-30 15:30:00,Emersonn,BallRecovery,away,Ipswich,0,1
691317,22,SavedShot,0.865999984741211,0.6930000305175781,0.1086564436554908,Daizen Maeda,a,14772,OpenPlay,2026,LeftFoot,31198,Manchester United,Ipswich,5,2,2026-08-30 15:30:00,Leif Davis,Throughball,away,Ipswich,0,0
691318,22,MissedShots,0.9790000152587892,0.6129999923706054,0.0188435949385166,Dara O'Shea,a,8756,FromCorner,2026,Head,31198,Manchester United,Ipswich,5,2,2026-08-30 15:30:00,Abdul Fatawu,Cross,away,Ipswich,0,0
691321,28,Goal,0.89,0.5929999923706055,0.3105922937393188,Leif Davis,a,8919,OpenPlay,2026,LeftFoot,31198,Manchester United,Ipswich,5,2,2026-08-30 15:30:00,Abdul Fatawu,Chipped,away,Ipswich,1,1
691322,30,SavedShot,0.970999984741211,0.5840000152587891,0.3500528335571289,Leif Davis,a,8919,OpenPlay,2026,LeftFoot,31198,Manchester United,Ipswich,5,2,2026-08-30 15:30:00,Abdul Fatawu,Cross,away,Ipswich,0,1
691323,31,BlockedShot,0.8059999847412109,0.63,0.0379965938627719,Sasa Lukic,a,1537,FromCorner,2026,RightFoot,31198,Manchester United,Ipswich,5,2,2026-08-30 15:30:00,Marcelino Núñez,Pass,away,Ipswich,0,0
691327,49,MissedShots,0.7330000305175781,0.4370000076293945,0.0213083587586879,Julio Enciso,a,11058,OpenPlay,2026,RightFoot,31198,Manchester United,Ipswich,5,2,2026-08-30 15:30:00,Sasa Lukic,Pass,away,Ipswich,0,0
691336,55,OwnGoal,0.0889999961853027,0.54,0.0,Jacob Greaves,a,12745,OpenPlay,2026,RightFoot,31198,Manchester United,Ipswich,5,2,2026-08-30 15:30:00,,TakeOn,away,Ipswich,0,0
691350,90,MissedShots,0.7719999694824219,0.3229999923706054,0.0135723073035478,Julio Enciso,a,11058,OpenPlay,2026,RightFoot,31198,Manchester United,Ipswich,5,2,2026-08-30 15:30:00,Exequiel Palacios,TakeOn,away,Ipswich,0,0
691351,90,Goal,0.92,0.489000015258789,0.4293347895145416,Chuba Akpom,a,1790,OpenPlay,2026,RightFoot,31198,Manchester United,Ipswich,5,2,2026-08-30 15:30:00,Julio Enciso,Pass,away,Ipswich,1,1
691696,6,MissedShots,0.745999984741211,0.4329999923706055,0.0207442939281463,John McGinn,h,7723,OpenPlay,2026,LeftFoot,31199,Aston Villa,Arsenal,0,1,2026-08-31 19:00:00,Emiliano Buendía,Pass,home,Aston Villa,0,0
691699,11,ShotOnPost,0.784000015258789,0.364000015258789,0.0273728407919406,Emiliano Buendía,h,2203,OpenPlay,2026,RightFoot,31199,Aston Villa,Arsenal,0,1,2026-08-31 19:00:00,Boubacar Kamara,BallTouch,home,Aston Villa,0,0
691702,26,MissedShots,0.874000015258789,0.700999984741211,0.0420445278286933,Ian Maatsen,h,11807,OpenPlay,2026,RightFoot,31199,Aston Villa,Arsenal,0,1,2026-08-31 19:00:00,Ross Barkley,Pass,home,Aston Villa,0,0
691703,46,MissedShots,0.919000015258789,0.7180000305175781,0.0402790792286396,Ian Maatsen,h,11807,OpenPlay,2026,LeftFoot,31199,Aston Villa,Arsenal,0,1,2026-08-31 19:00:00,Ross Barkley,Chipped,home,Aston Villa,0,0
691706,64,BlockedShot,0.8919999694824219,0.3890000152587891,0.0784304365515708,Matthew Cash,h,8864,OpenPlay,2026,LeftFoot,31199,Aston Villa,Arsenal,0,1,2026-08-31 19:00:00,John McGinn,Pass,home,Aston Villa,0,0
691707,67,BlockedShot,0.799000015258789,0.5729999923706055,0.0360604859888553,Ross Barkley,h,592,OpenPlay,2026,RightFoot,31199,Aston Villa,Arsenal,0,1,2026-08-31 19:00:00,,,home,Aston Villa,0,0
691708,69,MissedShots,0.8180000305175781,0.3720000076293945,0.0369931831955909,John McGinn,h,7723,OpenPlay,2026,LeftFoot,31199,Aston Villa,Arsenal,0,1,2026-08-31 19:00:00,,BallTouch,home,Aston Villa,0,0
691697,7,BlockedShot,0.8440000152587891,0.665,0.0472012013196945,Myles Lewis-Skelly,a,12272,OpenPlay,2026,LeftFoot,31199,Aston Villa,Arsenal,0,1,2026-08-31 19:00:00,Christos Tzolis,Pass,away,Arsenal,0,0
691698,7,MissedShots,0.9359999847412108,0.4620000076293945,0.327258437871933,Gabriel,a,5613,FromCorner,2026,Head,31199,Aston Villa,Arsenal,0,1,2026-08-31 19:00:00,,,away,Arsenal,0,1
691700,12,MissedShots,0.8109999847412109,0.335,0.0374827608466148,Bukayo Saka,a,7322,OpenPlay,2026,LeftFoot,31199,Aston Villa,Arsenal,0,1,2026-08-31 19:00:00,Declan Rice,TakeOn,away,Arsenal,0,0
691701,17,MissedShots,0.9640000152587892,0.5770000076293945,0.0487022772431373,Riccardo Calafiori,a,8129,FromCorner,2026,Head,31199,Aston Villa,Arsenal,0,1,2026-08-31 19:00:00,Declan Rice,Aerial,away,Arsenal,0,0
691704,56,MissedShots,0.8159999847412109,0.3290000152587891,0.0908846855163574,Martin Odegaard,a,2517,DirectFreekick,2026,LeftFoot,31199,Aston Villa,Arsenal,0,1,2026-08-31 19:00:00,,Standard,away,Arsenal,0,0
691705,58,Goal,0.975,0.494000015258789,0.9377986788749696,Bukayo Saka,a,7322,OpenPlay,2026,RightFoot,31199,Aston Villa,Arsenal,0,1,2026-08-31 19:00:00,Riccardo Calafiori,Pass,away,Arsenal,1,1
691709,73,SavedShot,0.8390000152587891,0.2639999961853027,0.0350794270634651,Kai Havertz,a,5220,OpenPlay,2026,LeftFoot,31199,Aston Villa,Arsenal,0,1,2026-08-31 19:00:00,Ben White,Pass,away,Arsenal,0,0
691975,10,MissedShots,0.8,0.2670000076293945,0.0202792920172214,Abdul Fatawu,h,12911,OpenPlay,2026,LeftFoot,31200,Ipswich,Liverpool,0,2,2026-09-04 19:00:00,Julio Enciso,Pass,home,Ipswich,0,0
691976,11,BlockedShot,0.8,0.489000015258789,0.0525427237153053,Julio Enciso,h,11058,OpenPlay,2026,LeftFoot,31200,Ipswich,Liverpool,0,2,2026-09-04 19:00:00,Jacob Greaves,Pass,home,Ipswich,0,0
691977,18,SavedShot,0.775,0.5970000076293945,0.0287127532064914,Julio Enciso,h,11058,OpenPlay,2026,RightFoot,31200,Ipswich,Liverpool,0,2,2026-09-04 19:00:00,Exequiel Palacios,Pass,home,Ipswich,0,0
691980,25,BlockedShot,0.9569999694824218,0.55,0.1079452708363533,Emersonn,h,14082,OpenPlay,2026,LeftFoot,31200,Ipswich,Liverpool,0,2,2026-09-04 19:00:00,Leif Davis,HeadPass,home,Ipswich,0,0
691981,28,BlockedShot,0.9309999847412108,0.315,0.0420508831739425,Julio Enciso,h,11058,OpenPlay,2026,RightFoot,31200,Ipswich,Liverpool,0,2,2026-09-04 19:00:00,Abdul Fatawu,HeadPass,home,Ipswich,0,0
691982,29,MissedShots,0.968000030517578,0.5970000076293945,0.0750168114900589,Leif Davis,h,8919,OpenPlay,2026,Head,31200,Ipswich,Liverpool,0,2,2026-09-04 19:00:00,Abdul Fatawu,Cross,home,Ipswich,0,0
691984,34,SavedShot,0.9590000152587892,0.6859999847412109,0.0598773099482059,Daizen Maeda,h,14772,OpenPlay,2026,LeftFoot,31200,Ipswich,Liverpool,0,2,2026-09-04 19:00:00,Leif Davis,Pass,home,Ipswich,0,0
691985,37,MissedShots,0.7480000305175781,0.6990000152587891,0.0139307305216789,Julio Enciso,h,11058,OpenPlay,2026,RightFoot,31200,Ipswich,Liverpool,0,2,2026-09-04 19:00:00,Sasa Lukic,Pass,home,Ipswich,0,0
691990,55,MissedShots,0.7880000305175782,0.2470000076293945,0.0140563203021883,Abdul Fatawu,h,12911,OpenPlay,2026,LeftFoot,31200,Ipswich,Liverpool,0,2,2026-09-04 19:00:00,Julio Enciso,Pass,home,Ipswich,0,0
691991,59,SavedShot,0.775,0.625999984741211,0.062811441719532,Julio Enciso,h,11058,OpenPlay,2026,RightFoot,31200,Ipswich,Liverpool,0,2,2026-09-04 19:00:00,Exequiel Palacios,Pass,home,Ipswich,0,0
691992,75,SavedShot,0.8130000305175781,0.735,0.0139680858701467,Zian Flemming,h,13729,OpenPlay,2026,RightFoot,31200,Ipswich,Liverpool,0,2,2026-09-04 19:00:00,,,home,Ipswich,0,0
691994,85,BlockedShot,0.77,0.5970000076293945,0.0284725446254014,Jack Clarke,h,13019,OpenPlay,2026,RightFoot,31200,Ipswich,Liverpool,0,2,2026-09-04 19:00:00,Issa Diop,BallRecovery,home,Ipswich,0,0
691995,93,SavedShot,0.7569999694824219,0.42,0.0215396918356418,Kasey McAteer,h,10166,OpenPlay,2026,RightFoot,31200,Ipswich,Liverpool,0,2,2026-09-04 19:00:00,Guemissongui Ouattara,LayOff,home,Ipswich,0,0
691996,94,MissedShots,0.8080000305175781,0.575,0.0567679740488529,Julio Enciso,h,11058,OpenPlay,2026,RightFoot,31200,Ipswich,Liverpool,0,2,2026-09-04 19:00:00,Jack Clarke,Pass,home,Ipswich,0,0
691973,5,Goal,0.8719999694824219,0.3359999847412109,0.1204346865415573,Alexander Isak,a,5232,OpenPlay,2026,RightFoot,31200,Ipswich,Liverpool,0,2,2026-09-04 19:00:00,Cody Gakpo,Throughball,away,Liverpool,1,0
691974,8,Goal,0.8619999694824219,0.6719999694824219,0.1274365037679672,Alexander Isak,a,5232,OpenPlay,2026,LeftFoot,31200,Ipswich,Liverpool,0,2,2026-09-04 19:00:00,Cody Gakpo,Throughball,away,Liverpool,1,0
691978,19,SavedShot,0.7930000305175782,0.5459999847412109,0.0622197464108467,Dominik Szoboszlai,a,9788,OpenPlay,2026,RightFoot,31200,Ipswich,Liverpool,0,2,2026-09-04 19:00:00,Alexis Mac Allister,Pass,away,Liverpool,0,0
691979,22,SavedShot,0.8069999694824219,0.4509999847412109,0.0702009946107864,Dominik Szoboszlai,a,9788,OpenPlay,2026,RightFoot,31200,Ipswich,Liverpool,0,2,2026-09-04 19:00:00,Cody Gakpo,Pass,away,Liverpool,0,0
691983,30,MissedShots,0.7809999847412109,0.52,0.0486696250736713,Alexis Mac Allister,a,8379,OpenPlay,2026,RightFoot,31200,Ipswich,Liverpool,0,2,2026-09-04 19:00:00,Florian Wirtz,Pass,away,Liverpool,0,0
691986,39,SavedShot,0.7190000152587891,0.2679999923706054,0.0157013591378927,Dominik Szoboszlai,a,9788,OpenPlay,2026,RightFoot,31200,Ipswich,Liverpool,0,2,2026-09-04 19:00:00,Florian Wirtz,Pass,away,Liverpool,0,0
691987,41,SavedShot,0.785,0.585999984741211,0.0265824198722839,Florian Wirtz,a,8397,SetPiece,2026,RightFoot,31200,Ipswich,Liverpool,0,2,2026-09-04 19:00:00,Jérémy Jacquet,Pass,away,Liverpool,0,0
691988,46,BlockedShot,0.8369999694824218,0.4320000076293945,0.1193745955824852,Florian Wirtz,a,8397,OpenPlay,2026,RightFoot,31200,Ipswich,Liverpool,0,2,2026-09-04 19:00:00,Dominik Szoboszlai,Pass,away,Liverpool,0,0
691989,46,SavedShot,0.89,0.444000015258789,0.0347161181271076,Alexis Mac Allister,a,8379,FromCorner,2026,Head,31200,Ipswich,Liverpool,0,2,2026-09-04 19:00:00,Dominik Szoboszlai,Cross,away,Liverpool,0,0
691993,76,BlockedShot,0.874000015258789,0.3870000076293945,0.1188027262687683,Cody Gakpo,a,11296,OpenPlay,2026,LeftFoot,31200,Ipswich,Liverpool,0,2,2026-09-04 19:00:00,Bradley Barcola,Pass,away,Liverpool,0,0
692051,7,BlockedShot,0.95,0.3429999923706054,0.1145160123705864,Amar Dedic,h,13456,OpenPlay,2026,RightFoot,31201,Newcastle United,Bournemouth,2,2,2026-09-05 11:30:00,Anthony Elanga,Pass,home,Newcastle United,0,0
692063,34,OwnGoal,0.0419999980926513,0.4329999923706055,0.0,Malick Thiaw,h,8378,OpenPlay,2026,RightFoot,31201,Newcastle United,Bournemouth,2,2,2026-09-05 11:30:00,,BallTouch,home,Newcastle United,0,0
692064,36,Goal,0.8590000152587891,0.725,0.0242041479796171,Harvey Barnes,h,6681,OpenPlay,2026,RightFoot,31201,Newcastle United,Bournemouth,2,2,2026-09-05 11:30:00,Lewis Hall,Pass,home,Newcastle United,1,0
692065,37,BlockedShot,0.7040000152587891,0.6129999923706054,0.0156378559768199,Joe Willock,h,6630,OpenPlay,2026,RightFoot,31201,Newcastle United,Bournemouth,2,2,2026-09-05 11:30:00,Nico González,Pass,home,Newcastle United,0,0
692067,51,MissedShots,0.95,0.4709999847412109,0.4200004637241363,Joe Willock,h,6630,OpenPlay,2026,Head,31201,Newcastle United,Bournemouth,2,2,2026-09-05 11:30:00,Anthony Elanga,HeadPass,home,Newcastle United,0,1
692069,59,MissedShots,0.8109999847412109,0.3420000076293945,0.0295141227543354,Lewis Hall,h,10216,FromCorner,2026,LeftFoot,31201,Newcastle United,Bournemouth,2,2,2026-09-05 11:30:00,Anthony Elanga,Pass,home,Newcastle United,0,0
692072,87,MissedShots,0.8719999694824219,0.5029999923706054,0.0675467774271965,Harvey Barnes,h,6681,SetPiece,2026,RightFoot,31201,Newcastle United,Bournemouth,2,2,2026-09-05 11:30:00,Malick Thiaw,HeadPass,home,Newcastle United,0,0
692073,87,Goal,0.8440000152587891,0.5509999847412109,0.0591822117567062,Jacob Ramsey,h,8941,SetPiece,2026,RightFoot,31201,Newcastle United,Bournemouth,2,2,2026-09-05 11:30:00,,Rebound,home,Newcastle United,1,0
692075,95,MissedShots,0.7219999694824218,0.425,0.0450318194925785,Amar Dedic,h,13456,DirectFreekick,2026,RightFoot,31201,Newcastle United,Bournemouth,2,2,2026-09-05 11:30:00,,Standard,home,Newcastle United,0,0
692050,3,SavedShot,0.7580000305175781,0.385,0.0609133206307888,Marcus Tavernier,a,10741,DirectFreekick,2026,LeftFoot,31201,Newcastle United,Bournemouth,2,2,2026-09-05 11:30:00,,Standard,away,Bournemouth,0,0
692052,8,BlockedShot,0.8269999694824218,0.4279999923706055,0.0650243833661079,Alex Scott,a,12149,OpenPlay,2026,RightFoot,31201,Newcastle United,Bournemouth,2,2,2026-09-05 11:30:00,Adam Smith,Pass,away,Bournemouth,0,0
692053,8,Goal,0.950999984741211,0.534000015258789,0.6284084916114807,Marcus Tavernier,a,10741,OpenPlay,2026,LeftFoot,31201,Newcastle United,Bournemouth,2,2,2026-09-05 11:30:00,,Rebound,away,Bournemouth,1,1
692054,11,MissedShots,0.845999984741211,0.509000015258789,0.3753243684768677,Evanilson,a,12963,OpenPlay,2026,LeftFoot,31201,Newcastle United,Bournemouth,2,2,2026-09-05 11:30:00,,BallRecovery,away,Bournemouth,0,1
692055,14,SavedShot,0.933000030517578,0.3459999847412109,0.0163459684699773,António Silva,a,14859,OpenPlay,2026,Head,31201,Newcastle United,Bournemouth,2,2,2026-09-05 11:30:00,James Hill,Aerial,away,Bournemouth,0,0
692056,15,SavedShot,0.8819999694824219,0.6370000076293946,0.0146308811381459,Marcus Tavernier,a,10741,OpenPlay,2026,Head,31201,Newcastle United,Bournemouth,2,2,2026-09-05 11:30:00,Adam Smith,Aerial,away,Bournemouth,0,0
692057,16,BlockedShot,0.94,0.325,0.0736584886908531,Evanilson,a,12963,OpenPlay,2026,RightFoot,31201,Newcastle United,Bournemouth,2,2,2026-09-05 11:30:00,,,away,Bournemouth,0,0
692058,25,SavedShot,0.860999984741211,0.485,0.1422207653522491,Marcus Tavernier,a,10741,OpenPlay,2026,LeftFoot,31201,Newcastle United,Bournemouth,2,2,2026-09-05 11:30:00,Adrien Truffert,Pass,away,Bournemouth,0,0
692059,30,BlockedShot,0.7280000305175781,0.4109999847412109,0.0194541551172733,Adam Smith,a,825,OpenPlay,2026,LeftFoot,31201,Newcastle United,Bournemouth,2,2,2026-09-05 11:30:00,,,away,Bournemouth,0,0
692060,30,BlockedShot,0.7669999694824219,0.3209999847412109,0.0244907233864069,Justin Kluivert,a,6963,OpenPlay,2026,RightFoot,31201,Newcastle United,Bournemouth,2,2,2026-09-05 11:30:00,Tyler Adams,BallRecovery,away,Bournemouth,0,0
692061,32,BlockedShot,0.754000015258789,0.345,0.0194241944700479,Adrien Truffert,a,8640,FromCorner,2026,LeftFoot,31201,Newcastle United,Bournemouth,2,2,2026-09-05 11:30:00,Alex Scott,Pass,away,Bournemouth,0,0
692062,34,ShotOnPost,0.7,0.4029999923706054,0.0295404344797134,Justin Kluivert,a,6963,OpenPlay,2026,RightFoot,31201,Newcastle United,Bournemouth,2,2,2026-09-05 11:30:00,Marcus Tavernier,Pass,away,Bournemouth,0,0
692066,47,MissedShots,0.9080000305175782,0.4229999923706055,0.0522265769541263,Rayan,a,14395,OpenPlay,2026,Head,31201,Newcastle United,Bournemouth,2,2,2026-09-05 11:30:00,,,away,Bournemouth,0,0
692068,51,MissedShots,0.916999969482422,0.2989999961853027,0.0632498636841774,Evanilson,a,12963,OpenPlay,2026,RightFoot,31201,Newcastle United,Bournemouth,2,2,2026-09-05 11:30:00,,,away,Bournemouth,0,0
692070,61,BlockedShot,0.7519999694824219,0.655,0.0144157577306032,Alex Scott,a,12149,OpenPlay,2026,RightFoot,31201,Newcastle United,Bournemouth,2,2,2026-09-05 11:30:00,James Hill,Chipped,away,Bournemouth,0,0
692071,83,MissedShots,0.7319999694824219,0.3470000076293945,0.0194920524954795,Marcus Tavernier,a,10741,SetPiece,2026,LeftFoot,31201,Newcastle United,Bournemouth,2,2,2026-09-05 11:30:00,Alex Scott,Pass,away,Bournemouth,0,0
692074,91,BlockedShot,0.8519999694824218,0.425,0.0609487667679786,Ben Doak,a,11231,SetPiece,2026,RightFoot,31201,Newcastle United,Bournemouth,2,2,2026-09-05 11:30:00,,,away,Bournemouth,0,0
692316,15,SavedShot,0.8690000152587891,0.624000015258789,0.1043065562844276,Erling Haaland,h,8260,SetPiece,2026,LeftFoot,31202,Manchester City,Coventry,1,0,2026-09-05 14:00:00,Mathis Cherki,Throughball,home,Manchester City,0,0
692317,15,BlockedShot,0.916999969482422,0.2670000076293945,0.0264898277819156,Antoine Semenyo,h,11363,SetPiece,2026,RightFoot,31202,Manchester City,Coventry,1,0,2026-09-05 14:00:00,,Rebound,home,Manchester City,0,0
692318,20,BlockedShot,0.855,0.4659999847412109,0.0088141243904829,Josko Gvardiol,h,9790,SetPiece,2026,Head,31202,Manchester City,Coventry,1,0,2026-09-05 14:00:00,Mathis Cherki,Rebound,home,Manchester City,0,0
692319,22,ShotOnPost,0.8590000152587891,0.444000015258789,0.0993554517626762,Mathis Cherki,h,8094,OpenPlay,2026,LeftFoot,31202,Manchester City,Coventry,1,0,2026-09-05 14:00:00,Enzo Fernández,Pass,home,Manchester City,0,0
692322,25,Goal,0.931999969482422,0.5470000076293945,0.3716918230056762,Erling Haaland,h,8260,OpenPlay,2026,Head,31202,Manchester City,Coventry,1,0,2026-09-05 14:00:00,Antoine Semenyo,Cross,home,Manchester City,1,1
692323,30,BlockedShot,0.855,0.3179999923706054,0.0597082562744617,Mathis Cherki,h,8094,FromCorner,2026,LeftFoot,31202,Manchester City,Coventry,1,0,2026-09-05 14:00:00,Iliman Ndiaye,TakeOn,home,Manchester City,0,0
692324,34,BlockedShot,0.8719999694824219,0.405,0.0960105136036872,Enzo Fernández,h,11356,OpenPlay,2026,RightFoot,31202,Manchester City,Coventry,1,0,2026-09-05 14:00:00,,Dispossessed,home,Manchester City,0,0
692325,34,BlockedShot,0.87,0.3929999923706054,0.077783316373825,Enzo Fernández,h,11356,OpenPlay,2026,RightFoot,31202,Manchester City,Coventry,1,0,2026-09-05 14:00:00,,Rebound,home,Manchester City,0,0
692326,43,SavedShot,0.8919999694824219,0.590999984741211,0.4197343587875366,Erling Haaland,h,8260,OpenPlay,2026,LeftFoot,31202,Manchester City,Coventry,1,0,2026-09-05 14:00:00,Mathis Cherki,TakeOn,home,Manchester City,0,1
692327,47,MissedShots,0.894000015258789,0.6129999923706054,0.0326538681983947,Iliman Ndiaye,h,9307,OpenPlay,2026,Head,31202,Manchester City,Coventry,1,0,2026-09-05 14:00:00,Elliot Anderson,Cross,home,Manchester City,0,0
692328,51,MissedShots,0.725,0.3609999847412109,0.0175134222954511,Elliot Anderson,h,9154,OpenPlay,2026,LeftFoot,31202,Manchester City,Coventry,1,0,2026-09-05 14:00:00,Antoine Semenyo,Pass,home,Manchester City,0,0
692329,55,BlockedShot,0.835,0.5229999923706055,0.0788860097527504,Mathis Cherki,h,8094,OpenPlay,2026,LeftFoot,31202,Manchester City,Coventry,1,0,2026-09-05 14:00:00,,,home,Manchester City,0,0
692334,72,MissedShots,0.9230000305175782,0.4540000152587891,0.1244786232709884,Erling Haaland,h,8260,OpenPlay,2026,LeftFoot,31202,Manchester City,Coventry,1,0,2026-09-05 14:00:00,Antoine Semenyo,Cross,home,Manchester City,0,0
692335,77,BlockedShot,0.950999984741211,0.4659999847412109,0.6280249953269958,Phil Foden,h,6055,OpenPlay,2026,LeftFoot,31202,Manchester City,Coventry,1,0,2026-09-05 14:00:00,Erling Haaland,Pass,home,Manchester City,0,1
692336,77,MissedShots,0.8569999694824219,0.3220000076293945,0.0562923848628997,Antoine Semenyo,h,11363,OpenPlay,2026,LeftFoot,31202,Manchester City,Coventry,1,0,2026-09-05 14:00:00,Phil Foden,Pass,home,Manchester City,0,0
692314,7,MissedShots,0.8109999847412109,0.5209999847412109,0.2944519221782684,Taiwo Awoniyi,a,7814,OpenPlay,2026,RightFoot,31202,Manchester City,Coventry,1,0,2026-09-05 14:00:00,,BallRecovery,away,Coventry,0,1
692315,10,MissedShots,0.899000015258789,0.51,0.067487247288227,Bobby Thomas,a,8483,FromCorner,2026,Head,31202,Manchester City,Coventry,1,0,2026-09-05 14:00:00,Jack Rudoni,Cross,away,Coventry,0,0
692320,23,SavedShot,0.950999984741211,0.435,0.4385386705398559,Jack Rudoni,a,14747,OpenPlay,2026,Head,31202,Manchester City,Coventry,1,0,2026-09-05 14:00:00,Bobby Thomas,HeadPass,away,Coventry,0,1
692321,23,BlockedShot,0.9769999694824218,0.5929999923706055,0.0165886152535676,Bobby Thomas,a,8483,FromCorner,2026,Head,31202,Manchester City,Coventry,1,0,2026-09-05 14:00:00,Jack Rudoni,Aerial,away,Coventry,0,0
692330,63,MissedShots,0.8580000305175781,0.4520000076293945,0.0240999106317758,Bobby Thomas,a,8483,SetPiece,2026,Head,31202,Manchester City,Coventry,1,0,2026-09-05 14:00:00,Loum Tchaouna,Cross,away,Coventry,0,0
692331,63,MissedShots,0.860999984741211,0.3970000076293945,0.0588291734457016,Ethan Pinnock,a,9678,SetPiece,2026,LeftFoot,31202,Manchester City,Coventry,1,0,2026-09-05 14:00:00,Bobby Thomas,Rebound,away,Coventry,0,0
692332,69,SavedShot,0.8430000305175781,0.3520000076293945,0.0431971400976181,Loum Tchaouna,a,9977,OpenPlay,2026,RightFoot,31202,Manchester City,Coventry,1,0,2026-09-05 14:00:00,Bobby Thomas,BallTouch,away,Coventry,0,0
692333,69,MissedShots,0.7669999694824219,0.4429999923706054,0.0163927637040615,Matt Grimes,a,1045,OpenPlay,2026,LeftFoot,31202,Manchester City,Coventry,1,0,2026-09-05 14:00:00,Loum Tchaouna,HeadPass,away,Coventry,0,0
692337,79,SavedShot,0.9669999694824218,0.580999984741211,0.4884032309055328,Ellis Simms,a,8582,OpenPlay,2026,RightFoot,31202,Manchester City,Coventry,1,0,2026-09-05 14:00:00,,,away,Coventry,0,1
692338,81,MissedShots,0.9080000305175782,0.455,0.0268687233328819,Bobby Thomas,a,8483,FromCorner,2026,Head,31202,Manchester City,Coventry,1,0,2026-09-05 14:00:00,Jay Dasilva,Aerial,away,Coventry,0,0
692339,88,BlockedShot,0.700999984741211,0.7090000152587891,0.0104630002751946,Loum Tchaouna,a,9977,OpenPlay,2026,LeftFoot,31202,Manchester City,Coventry,1,0,2026-09-05 14:00:00,Ellis Simms,BallTouch,away,Coventry,0,0
692340,92,BlockedShot,0.720999984741211,0.469000015258789,0.0091546019539237,Bobby Thomas,a,8483,SetPiece,2026,RightFoot,31202,Manchester City,Coventry,1,0,2026-09-05 14:00:00,,Aerial,away,Coventry,0,0
692342,11,MissedShots,0.8809999847412109,0.484000015258789,0.0870486423373222,Murillo,h,12123,FromCorner,2026,LeftFoot,31203,Nottingham Forest,Tottenham,0,0,2026-09-05 14:00:00,Neco Williams,HeadPass,home,Nottingham Forest,0,0
692343,13,SavedShot,0.6780000305175782,0.4509999847412109,0.023296421393752,James McAtee,h,10126,OpenPlay,2026,LeftFoot,31203,Nottingham Forest,Tottenham,0,0,2026-09-05 14:00:00,Liam Delap,Pass,home,Nottingham Forest,0,0
692346,25,MissedShots,0.795,0.4720000076293945,0.0410964377224445,James McAtee,h,10126,OpenPlay,2026,LeftFoot,31203,Nottingham Forest,Tottenham,0,0,2026-09-05 14:00:00,,,home,Nottingham Forest,0,0
692347,25,MissedShots,0.870999984741211,0.495,0.0852928757667541,Morgan Gibbs-White,h,6857,OpenPlay,2026,RightFoot,31203,Nottingham Forest,Tottenham,0,0,2026-09-05 14:00:00,James McAtee,HeadPass,home,Nottingham Forest,0,0
692348,30,MissedShots,0.8,0.3340000152587891,0.0132355606183409,Jair,h,13779,OpenPlay,2026,RightFoot,31203,Nottingham Forest,Tottenham,0,0,2026-09-05 14:00:00,,Aerial,home,Nottingham Forest,0,0
692349,33,MissedShots,0.8930000305175781,0.5109999847412109,0.0935926288366317,Murillo,h,12123,FromCorner,2026,LeftFoot,31203,Nottingham Forest,Tottenham,0,0,2026-09-05 14:00:00,Liam Delap,HeadPass,home,Nottingham Forest,0,0
692350,43,MissedShots,0.75,0.495,0.0457547046244144,Liam Delap,h,8868,OpenPlay,2026,RightFoot,31203,Nottingham Forest,Tottenham,0,0,2026-09-05 14:00:00,James McAtee,Pass,home,Nottingham Forest,0,0
692357,64,BlockedShot,0.9080000305175782,0.3720000076293945,0.2896759510040283,Morgan Gibbs-White,h,6857,OpenPlay,2026,RightFoot,31203,Nottingham Forest,Tottenham,0,0,2026-09-05 14:00:00,James McAtee,Pass,home,Nottingham Forest,0,1
692359,77,MissedShots,0.7440000152587891,0.535,0.0175865031778812,Xaver Schlager,h,7783,OpenPlay,2026,LeftFoot,31203,Nottingham Forest,Tottenham,0,0,2026-09-05 14:00:00,,,home,Nottingham Forest,0,0
692360,77,BlockedShot,0.815,0.3240000152587891,0.0316556394100189,Daniel Muñoz,h,12408,OpenPlay,2026,RightFoot,31203,Nottingham Forest,Tottenham,0,0,2026-09-05 14:00:00,James McAtee,Pass,home,Nottingham Forest,0,0
692362,81,BlockedShot,0.8040000152587891,0.444000015258789,0.0433826893568038,James McAtee,h,10126,OpenPlay,2026,RightFoot,31203,Nottingham Forest,Tottenham,0,0,2026-09-05 14:00:00,,,home,Nottingham Forest,0,0
692363,85,BlockedShot,0.875,0.3240000152587891,0.0600736923515796,Morgan Gibbs-White,h,6857,OpenPlay,2026,RightFoot,31203,Nottingham Forest,Tottenham,0,0,2026-09-05 14:00:00,James McAtee,Pass,home,Nottingham Forest,0,0
692341,9,MissedShots,0.94,0.3940000152587891,0.0425253957509994,Jan Paul van Hecke,a,10807,FromCorner,2026,Head,31203,Nottingham Forest,Tottenham,0,0,2026-09-05 14:00:00,Pedro Porro,Cross,away,Tottenham,0,0
692344,16,MissedShots,0.8340000152587891,0.3979999923706054,0.3392054140567779,Omar Marmoush,a,8393,OpenPlay,2026,RightFoot,31203,Nottingham Forest,Tottenham,0,0,2026-09-05 14:00:00,Pedro Porro,Chipped,away,Tottenham,0,1
692345,22,MissedShots,0.94,0.5940000152587891,0.0345872491598129,Rodrigo Bentancur,a,6108,SetPiece,2026,Head,31203,Nottingham Forest,Tottenham,0,0,2026-09-05 14:00:00,Pedro Porro,Aerial,away,Tottenham,0,0
692351,45,BlockedShot,0.749000015258789,0.3379999923706054,0.0136463353410363,Pedro Porro,a,6912,OpenPlay,2026,RightFoot,31203,Nottingham Forest,Tottenham,0,0,2026-09-05 14:00:00,,,away,Tottenham,0,0
692352,46,BlockedShot,0.889000015258789,0.285,0.0390728749334812,Sávio,a,11735,OpenPlay,2026,LeftFoot,31203,Nottingham Forest,Tottenham,0,0,2026-09-05 14:00:00,,TakeOn,away,Tottenham,0,0
692353,53,BlockedShot,0.789000015258789,0.5770000076293945,0.0979884937405586,Omar Marmoush,a,8393,DirectFreekick,2026,RightFoot,31203,Nottingham Forest,Tottenham,0,0,2026-09-05 14:00:00,,Standard,away,Tottenham,0,0
692354,53,BlockedShot,0.919000015258789,0.6880000305175781,0.060057133436203,Micky van de Ven,a,10050,OpenPlay,2026,RightFoot,31203,Nottingham Forest,Tottenham,0,0,2026-09-05 14:00:00,,Dispossessed,away,Tottenham,0,0
692355,54,MissedShots,0.9769999694824218,0.4909999847412109,0.6256811022758484,Micky van de Ven,a,10050,FromCorner,2026,Head,31203,Nottingham Forest,Tottenham,0,0,2026-09-05 14:00:00,Sávio,Aerial,away,Tottenham,0,1
692356,58,MissedShots,0.9769999694824218,0.3940000152587891,0.0476945824921131,Jan Paul van Hecke,a,10807,FromCorner,2026,RightFoot,31203,Nottingham Forest,Tottenham,0,0,2026-09-05 14:00:00,Mathys Tel,Cross,away,Tottenham,0,0
692358,70,MissedShots,0.84,0.705,0.0461257211863994,Omar Marmoush,a,8393,OpenPlay,2026,RightFoot,31203,Nottingham Forest,Tottenham,0,0,2026-09-05 14:00:00,Antonín Kinsky,Pass,away,Tottenham,0,0
692361,80,MissedShots,0.529000015258789,0.0680000019073486,0.0061795250512659,Pedro Porro,a,6912,OpenPlay,2026,RightFoot,31203,Nottingham Forest,Tottenham,0,0,2026-09-05 14:00:00,Jan Paul van Hecke,Pass,away,Tottenham,0,0
692364,87,MissedShots,0.9209999847412108,0.4979999923706055,0.1316954344511032,Dominic Solanke,a,1679,OpenPlay,2026,Head,31203,Nottingham Forest,Tottenham,0,0,2026-09-05 14:00:00,Mohammed Kudus,Cross,away,Tottenham,0,0
692365,3,MissedShots,0.840999984741211,0.3220000076293945,0.038913793861866,Timothy Castagne,h,6157,OpenPlay,2026,RightFoot,31204,Fulham,Crystal Palace,2,3,2026-09-05 14:00:00,Joachim Andersen,Pass,home,Fulham,0,0
692366,10,Goal,0.860999984741211,0.5429999923706055,0.118539959192276,Joshua King,h,12410,OpenPlay,2026,LeftFoot,31204,Fulham,Crystal Palace,2,3,2026-09-05 14:00:00,,,home,Fulham,1,0
692371,22,BlockedShot,0.855,0.6930000305175781,0.0531024746596813,Alex Iwobi,h,500,OpenPlay,2026,RightFoot,31204,Fulham,Crystal Palace,2,3,2026-09-05 14:00:00,Antonee Robinson,Pass,home,Fulham,0,0
692372,23,BlockedShot,0.9030000305175782,0.3970000076293945,0.1006459519267082,Oscar Bobb,h,11903,OpenPlay,2026,RightFoot,31204,Fulham,Crystal Palace,2,3,2026-09-05 14:00:00,Joshua King,TakeOn,home,Fulham,0,0
692373,23,BlockedShot,0.7930000305175782,0.6909999847412109,0.0310505907982587,Antonee Robinson,h,8940,OpenPlay,2026,RightFoot,31204,Fulham,Crystal Palace,2,3,2026-09-05 14:00:00,Shea Charles,Pass,home,Fulham,0,0
692374,26,BlockedShot,0.8640000152587891,0.5429999923706055,0.0991570875048637,César Palacios,h,14352,OpenPlay,2026,RightFoot,31204,Fulham,Crystal Palace,2,3,2026-09-05 14:00:00,Gonzalo García,Pass,home,Fulham,0,0
692375,27,MissedShots,0.9690000152587892,0.3970000076293945,0.0565070323646068,Timothy Castagne,h,6157,FromCorner,2026,RightFoot,31204,Fulham,Crystal Palace,2,3,2026-09-05 14:00:00,Oscar Bobb,Cross,home,Fulham,0,0
692376,30,BlockedShot,0.755,0.6959999847412109,0.0201826374977827,Gonzalo García,h,12035,OpenPlay,2026,RightFoot,31204,Fulham,Crystal Palace,2,3,2026-09-05 14:00:00,Antonee Robinson,TakeOn,home,Fulham,0,0
692377,32,SavedShot,0.9290000152587892,0.445,0.487360268831253,Timothy Castagne,h,6157,OpenPlay,2026,LeftFoot,31204,Fulham,Crystal Palace,2,3,2026-09-05 14:00:00,Oscar Bobb,Pass,home,Fulham,0,1
692379,37,MissedShots,0.9080000305175782,0.5570000076293945,0.0443624407052993,Gonzalo García,h,12035,OpenPlay,2026,Head,31204,Fulham,Crystal Palace,2,3,2026-09-05 14:00:00,Timothy Castagne,Chipped,home,Fulham,0,0
692380,37,MissedShots,0.8280000305175781,0.6480000305175782,0.045775156468153,Antonee Robinson,h,8940,OpenPlay,2026,RightFoot,31204,Fulham,Crystal Palace,2,3,2026-09-05 14:00:00,Shea Charles,Pass,home,Fulham,0,0
692381,41,Goal,0.925,0.4820000076293945,0.5427436232566833,César Palacios,h,14352,OpenPlay,2026,RightFoot,31204,Fulham,Crystal Palace,2,3,2026-09-05 14:00:00,,,home,Fulham,1,1
692382,44,MissedShots,0.8619999694824219,0.7519999694824219,0.0273562856018543,Gonzalo García,h,12035,OpenPlay,2026,RightFoot,31204,Fulham,Crystal Palace,2,3,2026-09-05 14:00:00,César Palacios,Pass,home,Fulham,0,0
692383,48,BlockedShot,0.948000030517578,0.4859999847412109,0.0785482451319694,Gonzalo García,h,12035,FromCorner,2026,Head,31204,Fulham,Crystal Palace,2,3,2026-09-05 14:00:00,Oscar Bobb,Aerial,home,Fulham,0,0
692384,48,MissedShots,0.9390000152587892,0.5409999847412109,0.1408092677593231,César Palacios,h,14352,FromCorner,2026,LeftFoot,31204,Fulham,Crystal Palace,2,3,2026-09-05 14:00:00,,Rebound,home,Fulham,0,0
692385,48,BlockedShot,0.894000015258789,0.3829999923706054,0.102229043841362,Joshua King,h,12410,OpenPlay,2026,RightFoot,31204,Fulham,Crystal Palace,2,3,2026-09-05 14:00:00,Shea Charles,Pass,home,Fulham,0,0
692389,55,SavedShot,0.8819999694824219,0.62,0.0677405372262001,César Palacios,h,14352,OpenPlay,2026,RightFoot,31204,Fulham,Crystal Palace,2,3,2026-09-05 14:00:00,,,home,Fulham,0,0
692390,59,SavedShot,0.8969999694824219,0.364000015258789,0.158801183104515,Oscar Bobb,h,11903,OpenPlay,2026,LeftFoot,31204,Fulham,Crystal Palace,2,3,2026-09-05 14:00:00,Timothy Castagne,TakeOn,home,Fulham,0,0
692391,60,MissedShots,0.8569999694824219,0.629000015258789,0.0576534122228622,César Palacios,h,14352,SetPiece,2026,RightFoot,31204,Fulham,Crystal Palace,2,3,2026-09-05 14:00:00,Joachim Andersen,Pass,home,Fulham,0,0
692392,66,BlockedShot,0.8980000305175782,0.4640000152587891,0.1307585686445236,Gonzalo García,h,12035,OpenPlay,2026,RightFoot,31204,Fulham,Crystal Palace,2,3,2026-09-05 14:00:00,Oscar Bobb,Pass,home,Fulham,0,0
692393,70,MissedShots,0.905,0.49,0.1347067505121231,Oscar Bobb,h,11903,OpenPlay,2026,LeftFoot,31204,Fulham,Crystal Palace,2,3,2026-09-05 14:00:00,Alex Iwobi,Pass,home,Fulham,0,0
692396,85,SavedShot,0.8830000305175781,0.56,0.0892665684223175,Rodrigo Muniz,h,10717,OpenPlay,2026,LeftFoot,31204,Fulham,Crystal Palace,2,3,2026-09-05 14:00:00,Ryan Sessegnon,Pass,home,Fulham,0,0
692397,85,MissedShots,0.8919999694824219,0.3909999847412109,0.0685546323657035,Ryan Sessegnon,h,6837,OpenPlay,2026,RightFoot,31204,Fulham,Crystal Palace,2,3,2026-09-05 14:00:00,,Rebound,home,Fulham,0,0
692398,87,MissedShots,0.9230000305175782,0.45,0.1136804670095443,Rodrigo Muniz,h,10717,OpenPlay,2026,RightFoot,31204,Fulham,Crystal Palace,2,3,2026-09-05 14:00:00,Joshua King,Chipped,home,Fulham,0,0
692399,92,BlockedShot,0.911999969482422,0.5259999847412109,0.0914710462093353,Hugo Larsson,h,11911,OpenPlay,2026,RightFoot,31204,Fulham,Crystal Palace,2,3,2026-09-05 14:00:00,Rodrigo Muniz,BallTouch,home,Fulham,0,0
692367,17,SavedShot,0.8190000152587891,0.500999984741211,0.0335021689534187,Chris Richards,a,8430,FromCorner,2026,RightFoot,31204,Fulham,Crystal Palace,2,3,2026-09-05 14:00:00,Axel Disasi,Pass,away,Crystal Palace,0,0
692368,19,MissedShots,0.8119999694824219,0.2489999961853027,0.0110886674374341,Anan Khalaili,a,14770,OpenPlay,2026,LeftFoot,31204,Fulham,Crystal Palace,2,3,2026-09-05 14:00:00,Yeremi Pino,Chipped,away,Crystal Palace,0,0
692369,21,MissedShots,0.715,0.529000015258789,0.0154942627996206,Quinten Timber,a,14376,OpenPlay,2026,RightFoot,31204,Fulham,Crystal Palace,2,3,2026-09-05 14:00:00,Tyrick Mitchell,Pass,away,Crystal Palace,0,0
692370,22,SavedShot,0.8869999694824219,0.5720000076293945,0.5262172818183899,Eddie Nketiah,a,6482,OpenPlay,2026,LeftFoot,31204,Fulham,Crystal Palace,2,3,2026-09-05 14:00:00,Yeremi Pino,Pass,away,Crystal Palace,0,1
692378,34,Goal,0.950999984741211,0.68,0.3963215053081512,Tyrick Mitchell,a,8214,OpenPlay,2026,LeftFoot,31204,Fulham,Crystal Palace,2,3,2026-09-05 14:00:00,Eddie Nketiah,Pass,away,Crystal Palace,1,1
692386,53,BlockedShot,0.8619999694824219,0.6630000305175782,0.0385273769497871,Tyrick Mitchell,a,8214,OpenPlay,2026,LeftFoot,31204,Fulham,Crystal Palace,2,3,2026-09-05 14:00:00,Daichi Kamada,Chipped,away,Crystal Palace,0,0
692387,53,MissedShots,0.899000015258789,0.5279999923706055,0.4146426916122436,Yeremi Pino,a,9024,OpenPlay,2026,RightFoot,31204,Fulham,Crystal Palace,2,3,2026-09-05 14:00:00,,Rebound,away,Crystal Palace,0,1
692388,53,Goal,0.8909999847412109,0.5829999923706055,0.3540160059928894,Tyrick Mitchell,a,8214,OpenPlay,2026,LeftFoot,31204,Fulham,Crystal Palace,2,3,2026-09-05 14:00:00,,Rebound,away,Crystal Palace,1,1
692394,76,BlockedShot,0.8730000305175781,0.4590000152587891,0.3526329100131988,Anan Khalaili,a,14770,OpenPlay,2026,LeftFoot,31204,Fulham,Crystal Palace,2,3,2026-09-05 14:00:00,Yeremi Pino,Throughball,away,Crystal Palace,0,1
692395,76,Goal,0.8980000305175782,0.5729999923706055,0.3881159126758575,Ben Chilwell,a,782,OpenPlay,2026,LeftFoot,31204,Fulham,Crystal Palace,2,3,2026-09-05 14:00:00,Daichi Kamada,,away,Crystal Palace,1,1
692401,3,BlockedShot,0.749000015258789,0.3970000076293945,0.016838202252984,Michael Kayode,h,11281,OpenPlay,2026,RightFoot,31205,Brentford,Sunderland,1,1,2026-09-05 14:00:00,,,home,Brentford,0,0
692402,4,BlockedShot,0.9180000305175782,0.5,0.3593809604644775,Keane Lewis-Potter,h,10809,FromCorner,2026,LeftFoot,31205,Brentford,Sunderland,1,1,2026-09-05 14:00:00,Mikkel Damsgaard,Cross,home,Brentford,0,1
692406,48,MissedShots,0.9619999694824218,0.4109999847412109,0.1056536361575126,Mamadou Sangaré,h,13917,OpenPlay,2026,Head,31205,Brentford,Sunderland,1,1,2026-09-05 14:00:00,Keane Lewis-Potter,Cross,home,Brentford,0,0
692407,48,MissedShots,0.740999984741211,0.5209999847412109,0.0159935448318719,Keane Lewis-Potter,h,10809,FromCorner,2026,RightFoot,31205,Brentford,Sunderland,1,1,2026-09-05 14:00:00,,,home,Brentford,0,0
692409,52,MissedShots,0.7230000305175781,0.5020000076293946,0.0165319796651601,Mamadou Sangaré,h,13917,OpenPlay,2026,LeftFoot,31205,Brentford,Sunderland,1,1,2026-09-05 14:00:00,Dango Ouattara,Pass,home,Brentford,0,0
692410,50,SavedShot,0.95,0.435,0.3605841994285583,Thiago,h,13222,OpenPlay,2026,Head,31205,Brentford,Sunderland,1,1,2026-09-05 14:00:00,Keane Lewis-Potter,Cross,home,Brentford,0,1
692411,50,MissedShots,0.794000015258789,0.359000015258789,0.0292496141046285,Jaidon Anthony,h,10746,OpenPlay,2026,RightFoot,31205,Brentford,Sunderland,1,1,2026-09-05 14:00:00,Mikkel Damsgaard,Pass,home,Brentford,0,0
692413,56,Goal,0.8540000152587891,0.53,0.3616722524166107,Vitaly Janelt,h,9680,OpenPlay,2026,LeftFoot,31205,Brentford,Sunderland,1,1,2026-09-05 14:00:00,,,home,Brentford,1,1
692416,67,MissedShots,0.8780000305175781,0.565,0.0548158064484596,Keane Lewis-Potter,h,10809,OpenPlay,2026,RightFoot,31205,Brentford,Sunderland,1,1,2026-09-05 14:00:00,,Aerial,home,Brentford,0,0
692421,84,BlockedShot,0.7440000152587891,0.624000015258789,0.0161119308322668,Yehor Yarmolyuk,h,11772,SetPiece,2026,RightFoot,31205,Brentford,Sunderland,1,1,2026-09-05 14:00:00,Kevin Schade,Pass,home,Brentford,0,0
692422,89,BlockedShot,0.953000030517578,0.514000015258789,0.1404483467340469,Thiago,h,13222,OpenPlay,2026,Head,31205,Brentford,Sunderland,1,1,2026-09-05 14:00:00,,Aerial,home,Brentford,0,0
692423,90,MissedShots,0.925,0.4829999923706055,0.1085636392235755,Jannik Schuster,h,14788,FromCorner,2026,Head,31205,Brentford,Sunderland,1,1,2026-09-05 14:00:00,Keane Lewis-Potter,Cross,home,Brentford,0,0
692400,2,BlockedShot,0.874000015258789,0.5359999847412109,0.1161770597100257,Noah Sadiki,a,13716,OpenPlay,2026,RightFoot,31205,Brentford,Sunderland,1,1,2026-09-05 14:00:00,Brian Brobbey,LayOff,away,Sunderland,0,0
692403,19,ShotOnPost,0.860999984741211,0.35,0.0591948181390762,Enzo Le Fée,a,8651,OpenPlay,2026,RightFoot,31205,Brentford,Sunderland,1,1,2026-09-05 14:00:00,Brian Brobbey,BallTouch,away,Sunderland,0,0
692404,22,BlockedShot,0.875,0.4540000152587891,0.3508208990097046,Thomas Meunier,a,5680,OpenPlay,2026,RightFoot,31205,Brentford,Sunderland,1,1,2026-09-05 14:00:00,Noah Sadiki,Pass,away,Sunderland,0,1
692405,24,BlockedShot,0.84,0.4829999923706055,0.0643260926008224,Noah Sadiki,a,13716,OpenPlay,2026,RightFoot,31205,Brentford,Sunderland,1,1,2026-09-05 14:00:00,,,away,Sunderland,0,0
692408,50,BlockedShot,0.950999984741211,0.3809999847412109,0.0137289399281144,Brian Brobbey,a,9789,FromCorner,2026,Head,31205,Brentford,Sunderland,1,1,2026-09-05 14:00:00,Granit Xhaka,Aerial,away,Sunderland,0,0
692412,55,BlockedShot,0.9309999847412108,0.509000015258789,0.1215724050998687,Brian Brobbey,a,9789,OpenPlay,2026,RightFoot,31205,Brentford,Sunderland,1,1,2026-09-05 14:00:00,Dan Ballard,HeadPass,away,Sunderland,0,0
692414,61,SavedShot,0.9569999694824218,0.3990000152587891,0.3745043873786926,Noah Sadiki,a,13716,OpenPlay,2026,RightFoot,31205,Brentford,Sunderland,1,1,2026-09-05 14:00:00,Brian Brobbey,Pass,away,Sunderland,0,1
692415,62,MissedShots,0.7759999847412109,0.3390000152587891,0.0633862242102623,Granit Xhaka,a,204,DirectFreekick,2026,LeftFoot,31205,Brentford,Sunderland,1,1,2026-09-05 14:00:00,,Standard,away,Sunderland,0,0
692417,74,MissedShots,0.8109999847412109,0.285,0.0223424881696701,Wilson Isidor,a,7148,OpenPlay,2026,RightFoot,31205,Brentford,Sunderland,1,1,2026-09-05 14:00:00,,,away,Sunderland,0,0
692418,78,SavedShot,0.7619999694824219,0.4359999847412109,0.0713181048631668,Wilson Isidor,a,7148,DirectFreekick,2026,RightFoot,31205,Brentford,Sunderland,1,1,2026-09-05 14:00:00,,Standard,away,Sunderland,0,0
692419,81,Goal,0.885,0.5,0.7611688375473022,Enzo Le Fée,a,8651,Penalty,2026,RightFoot,31205,Brentford,Sunderland,1,1,2026-09-05 14:00:00,,Standard,away,Sunderland,1,1
692420,83,MissedShots,0.9359999847412108,0.425,0.0498398542404174,Dan Ballard,a,13715,OpenPlay,2026,Head,31205,Brentford,Sunderland,1,1,2026-09-05 14:00:00,Kevin Danso,Aerial,away,Sunderland,0,0
692424,91,MissedShots,0.7719999694824219,0.3329999923706054,0.0116134574636816,Enzo Le Fée,a,8651,OpenPlay,2026,RightFoot,31205,Brentford,Sunderland,1,1,2026-09-05 14:00:00,,Aerial,away,Sunderland,0,0
692425,92,MissedShots,0.92,0.3479999923706054,0.0749006867408752,Brian Brobbey,a,9789,OpenPlay,2026,RightFoot,31205,Brentford,Sunderland,1,1,2026-09-05 14:00:00,Granit Xhaka,HeadPass,away,Sunderland,0,0
692290,26,MissedShots,0.7469999694824219,0.720999984741211,0.0155943799763917,Pascal Groß,h,239,SetPiece,2026,RightFoot,31206,Brighton,Leeds,1,1,2026-09-05 14:00:00,Olivier Boscagli,Pass,home,Brighton,0,0
692291,28,SavedShot,0.9390000152587892,0.3039999961853027,0.0440309233963489,Diego Gómez,h,13364,OpenPlay,2026,RightFoot,31206,Brighton,Leeds,1,1,2026-09-05 14:00:00,Olivier Boscagli,Chipped,home,Brighton,0,0
692292,45,BlockedShot,0.7330000305175781,0.47,0.0174423232674598,Ferdi Kadioglu,h,13066,SetPiece,2026,RightFoot,31206,Brighton,Leeds,1,1,2026-09-05 14:00:00,Yasin Ayari,Pass,home,Brighton,0,0
692294,53,BlockedShot,0.7480000305175781,0.62,0.0205718651413917,Charalampos Kostoulas,h,14118,OpenPlay,2026,RightFoot,31206,Brighton,Leeds,1,1,2026-09-05 14:00:00,Malick Yalcouyé,Pass,home,Brighton,0,0
692295,54,MissedShots,0.8080000305175781,0.4870000076293945,0.0434031747281551,Pascal Groß,h,239,OpenPlay,2026,RightFoot,31206,Brighton,Leeds,1,1,2026-09-05 14:00:00,Diego Gómez,BallTouch,home,Brighton,0,0
692296,56,BlockedShot,0.8490000152587891,0.509000015258789,0.0807976648211479,Charalampos Kostoulas,h,14118,OpenPlay,2026,RightFoot,31206,Brighton,Leeds,1,1,2026-09-05 14:00:00,Pascal Groß,Pass,home,Brighton,0,0
692298,62,BlockedShot,0.7869999694824219,0.2589999961853027,0.0196207948029041,Diego Gómez,h,13364,OpenPlay,2026,RightFoot,31206,Brighton,Leeds,1,1,2026-09-05 14:00:00,Ferdi Kadioglu,Pass,home,Brighton,0,0
692299,64,MissedShots,0.8209999847412109,0.3559999847412109,0.0308137312531471,Pascal Groß,h,239,SetPiece,2026,RightFoot,31206,Brighton,Leeds,1,1,2026-09-05 14:00:00,,,home,Brighton,0,0
692300,64,SavedShot,0.845,0.4579999923706054,0.0616231299936771,Ferdi Kadioglu,h,13066,SetPiece,2026,RightFoot,31206,Brighton,Leeds,1,1,2026-09-05 14:00:00,,Rebound,home,Brighton,0,0
692301,67,SavedShot,0.8569999694824219,0.4629999923706054,0.1044078394770622,Charalampos Kostoulas,h,14118,OpenPlay,2026,RightFoot,31206,Brighton,Leeds,1,1,2026-09-05 14:00:00,,TakeOn,home,Brighton,0,0
692302,68,MissedShots,0.835999984741211,0.6759999847412109,0.0335022881627082,Malick Yalcouyé,h,14856,OpenPlay,2026,RightFoot,31206,Brighton,Leeds,1,1,2026-09-05 14:00:00,Olivier Boscagli,TakeOn,home,Brighton,0,0
692303,69,MissedShots,0.745,0.4970000076293945,0.0200302768498659,Diego Gómez,h,13364,OpenPlay,2026,RightFoot,31206,Brighton,Leeds,1,1,2026-09-05 14:00:00,,,home,Brighton,0,0
692304,70,Goal,0.975999984741211,0.5690000152587891,0.3656381666660309,Luka Vuskovic,h,13725,FromCorner,2026,Head,31206,Brighton,Leeds,1,1,2026-09-05 14:00:00,Maxim De Cuyper,Cross,home,Brighton,1,1
692306,81,SavedShot,0.894000015258789,0.634000015258789,0.0914322584867477,Yasin Ayari,h,11385,OpenPlay,2026,RightFoot,31206,Brighton,Leeds,1,1,2026-09-05 14:00:00,Malick Yalcouyé,Pass,home,Brighton,0,0
692307,82,BlockedShot,0.794000015258789,0.6609999847412109,0.0181318800896406,Diego Gómez,h,13364,OpenPlay,2026,RightFoot,31206,Brighton,Leeds,1,1,2026-09-05 14:00:00,Olivier Boscagli,HeadPass,home,Brighton,0,0
692308,82,MissedShots,0.7830000305175782,0.5629999923706055,0.0357178412377834,Yasin Ayari,h,11385,OpenPlay,2026,RightFoot,31206,Brighton,Leeds,1,1,2026-09-05 14:00:00,Diego Gómez,BallTouch,home,Brighton,0,0
692309,84,MissedShots,0.9390000152587892,0.47,0.520228385925293,Promise David,h,14857,SetPiece,2026,RightFoot,31206,Brighton,Leeds,1,1,2026-09-05 14:00:00,Olivier Boscagli,Cross,home,Brighton,0,1
692310,86,BlockedShot,0.8440000152587891,0.37,0.0201987456530332,Luka Vuskovic,h,13725,OpenPlay,2026,RightFoot,31206,Brighton,Leeds,1,1,2026-09-05 14:00:00,,Aerial,home,Brighton,0,0
692311,88,BlockedShot,0.925,0.5059999847412109,0.0698570907115936,Pascal Groß,h,239,OpenPlay,2026,Head,31206,Brighton,Leeds,1,1,2026-09-05 14:00:00,Costinha,Aerial,home,Brighton,0,0
692312,88,MissedShots,0.950999984741211,0.504000015258789,0.6548594832420349,Pascal Groß,h,239,OpenPlay,2026,RightFoot,31206,Brighton,Leeds,1,1,2026-09-05 14:00:00,,Rebound,home,Brighton,0,1
692284,14,SavedShot,0.926999969482422,0.54,0.2820230424404144,Dominic Calvert-Lewin,a,5555,FromCorner,2026,Head,31206,Brighton,Leeds,1,1,2026-09-05 14:00:00,Nico Elvedi,Chipped,away,Leeds,0,1
692285,14,MissedShots,0.9740000152587892,0.5679999923706055,0.5451717376708984,Ao Tanaka,a,13834,FromCorner,2026,LeftFoot,31206,Brighton,Leeds,1,1,2026-09-05 14:00:00,,Rebound,away,Leeds,0,1
692286,14,Goal,0.991999969482422,0.4659999847412109,0.9668696522712708,Jayden Bogle,a,9205,FromCorner,2026,RightFoot,31206,Brighton,Leeds,1,1,2026-09-05 14:00:00,Ao Tanaka,Rebound,away,Leeds,1,1
692287,21,MissedShots,0.9159999847412108,0.4259999847412109,0.0194143075495958,James Justin,a,7753,FromCorner,2026,Head,31206,Brighton,Leeds,1,1,2026-09-05 14:00:00,Anton Stach,Aerial,away,Leeds,0,0
692288,22,BlockedShot,0.8859999847412109,0.4490000152587891,0.416883111000061,Dominic Calvert-Lewin,a,5555,OpenPlay,2026,RightFoot,31206,Brighton,Leeds,1,1,2026-09-05 14:00:00,,BallRecovery,away,Leeds,0,1
692289,23,ShotOnPost,0.899000015258789,0.6279999923706054,0.0631086751818656,Ao Tanaka,a,13834,FromCorner,2026,RightFoot,31206,Brighton,Leeds,1,1,2026-09-05 14:00:00,,,away,Leeds,0,0
692293,47,SavedShot,0.935,0.414000015258789,0.4997932016849518,Anton Stach,a,9910,OpenPlay,2026,RightFoot,31206,Brighton,Leeds,1,1,2026-09-05 14:00:00,Nico Elvedi,Pass,away,Leeds,0,1
692297,62,SavedShot,0.8809999847412109,0.3559999847412109,0.0834886953234672,James Justin,a,7753,OpenPlay,2026,RightFoot,31206,Brighton,Leeds,1,1,2026-09-05 14:00:00,Dominic Calvert-Lewin,BallTouch,away,Leeds,0,0
692305,75,BlockedShot,0.86,0.5129999923706055,0.085502028465271,Lukas Nmecha,a,6544,OpenPlay,2026,LeftFoot,31206,Brighton,Leeds,1,1,2026-09-05 14:00:00,Harry Wilson,BallTouch,away,Leeds,0,0
692313,89,MissedShots,0.909000015258789,0.644000015258789,0.0767024084925651,Lukas Nmecha,a,6544,OpenPlay,2026,RightFoot,31206,Brighton,Leeds,1,1,2026-09-05 14:00:00,Harry Wilson,BallTouch,away,Leeds,0,0
692566,6,SavedShot,0.484000015258789,0.72,0.0097751133143901,Nobel Mendy,h,12286,OpenPlay,2026,LeftFoot,31207,Hull,Aston Villa,0,0,2026-09-05 16:30:00,,BallRecovery,home,Hull,0,0
692570,18,MissedShots,0.7280000305175781,0.6819999694824219,0.0136779993772506,Nobel Mendy,h,12286,OpenPlay,2026,LeftFoot,31207,Hull,Aston Villa,0,0,2026-09-05 16:30:00,Mohamed Belloumi,Pass,home,Hull,0,0
692573,33,MissedShots,0.7290000152587891,0.5129999923706055,0.0108007863163948,Regan Slater,h,14762,OpenPlay,2026,RightFoot,31207,Hull,Aston Villa,0,0,2026-09-05 16:30:00,,Aerial,home,Hull,0,0
692574,36,SavedShot,0.755,0.3840000152587891,0.020734405145049,Mohamed Belloumi,h,14760,OpenPlay,2026,LeftFoot,31207,Hull,Aston Villa,0,0,2026-09-05 16:30:00,Lucas Gourna Douath,Pass,home,Hull,0,0
692575,37,SavedShot,0.7440000152587891,0.46,0.0197418574243783,Regan Slater,h,14762,OpenPlay,2026,RightFoot,31207,Hull,Aston Villa,0,0,2026-09-05 16:30:00,Ryan John Giles,Pass,home,Hull,0,0
692578,48,MissedShots,0.7340000152587891,0.4770000076293945,0.0324212647974491,Oliver McBurnie,h,1736,OpenPlay,2026,RightFoot,31207,Hull,Aston Villa,0,0,2026-09-05 16:30:00,Elliot Stroud,Pass,home,Hull,0,0
692580,50,MissedShots,0.936999969482422,0.735,0.0402760431170463,Elliot Stroud,h,14763,OpenPlay,2026,LeftFoot,31207,Hull,Aston Villa,0,0,2026-09-05 16:30:00,Lucas Gourna Douath,Pass,home,Hull,0,0
692582,64,ShotOnPost,0.8809999847412109,0.1130000019073486,0.022213065996766,Mohamed Belloumi,h,14760,FromCorner,2026,LeftFoot,31207,Hull,Aston Villa,0,0,2026-09-05 16:30:00,Regan Slater,Pass,home,Hull,0,0
692583,71,MissedShots,0.9230000305175782,0.5820000076293945,0.0412038564682006,Oliver McBurnie,h,1736,OpenPlay,2026,Head,31207,Hull,Aston Villa,0,0,2026-09-05 16:30:00,Sorba Thomas,Aerial,home,Hull,0,0
692587,88,SavedShot,0.865999984741211,0.6140000152587891,0.3181773126125335,Mohamed Ali-Cho,h,8685,OpenPlay,2026,LeftFoot,31207,Hull,Aston Villa,0,0,2026-09-05 16:30:00,Oliver McBurnie,Pass,home,Hull,0,1
692588,89,MissedShots,0.8719999694824219,0.4620000076293945,0.2833631336688995,Oliver McBurnie,h,1736,OpenPlay,2026,RightFoot,31207,Hull,Aston Villa,0,0,2026-09-05 16:30:00,Ryan John Giles,Cross,home,Hull,0,1
692565,1,MissedShots,0.955,0.4620000076293945,0.1131966412067413,Nicolas Jackson,a,10048,OpenPlay,2026,Head,31207,Hull,Aston Villa,0,0,2026-09-05 16:30:00,Ian Maatsen,Aerial,away,Aston Villa,0,0
692567,12,SavedShot,0.8959999847412109,0.6519999694824219,0.2612697780132293,George Hemmings,a,14193,OpenPlay,2026,LeftFoot,31207,Hull,Aston Villa,0,0,2026-09-05 16:30:00,Ross Barkley,Pass,away,Aston Villa,0,1
692568,12,BlockedShot,0.8590000152587891,0.634000015258789,0.0492001734673976,Ross Barkley,a,592,OpenPlay,2026,LeftFoot,31207,Hull,Aston Villa,0,0,2026-09-05 16:30:00,,Rebound,away,Aston Villa,0,0
692569,13,BlockedShot,0.9009999847412108,0.285,0.0439537204802036,Nicolas Jackson,a,10048,FromCorner,2026,RightFoot,31207,Hull,Aston Villa,0,0,2026-09-05 16:30:00,Matthew Cash,Pass,away,Aston Villa,0,0
692571,24,MissedShots,0.8530000305175781,0.495,0.0725351870059967,Ross Barkley,a,592,OpenPlay,2026,RightFoot,31207,Hull,Aston Villa,0,0,2026-09-05 16:30:00,,,away,Aston Villa,0,0
692572,26,MissedShots,0.705,0.5940000152587891,0.0156388767063617,Tyrone Mings,a,1024,OpenPlay,2026,LeftFoot,31207,Hull,Aston Villa,0,0,2026-09-05 16:30:00,Victor Lindelöf,Pass,away,Aston Villa,0,0
692576,39,MissedShots,0.759000015258789,0.6519999694824219,0.0552194043993949,Emiliano Buendía,a,2203,DirectFreekick,2026,RightFoot,31207,Hull,Aston Villa,0,0,2026-09-05 16:30:00,,Standard,away,Aston Villa,0,0
692577,46,BlockedShot,0.7180000305175781,0.4870000076293945,0.015465865842998,Ross Barkley,a,592,OpenPlay,2026,RightFoot,31207,Hull,Aston Villa,0,0,2026-09-05 16:30:00,Boubacar Kamara,Pass,away,Aston Villa,0,0
692579,49,MissedShots,0.9059999847412108,0.484000015258789,0.4635249972343445,John McGinn,a,7723,OpenPlay,2026,LeftFoot,31207,Hull,Aston Villa,0,0,2026-09-05 16:30:00,Nicolas Jackson,Pass,away,Aston Villa,0,1
692581,52,MissedShots,0.914000015258789,0.58,0.3991411626338959,Emiliano Buendía,a,2203,OpenPlay,2026,RightFoot,31207,Hull,Aston Villa,0,0,2026-09-05 16:30:00,George Hemmings,Pass,away,Aston Villa,0,1
692584,75,BlockedShot,0.904000015258789,0.4559999847412109,0.0574949644505977,Tyrone Mings,a,1024,SetPiece,2026,Head,31207,Hull,Aston Villa,0,0,2026-09-05 16:30:00,Victor Lindelöf,HeadPass,away,Aston Villa,0,0
692585,80,MissedShots,0.895,0.5370000076293945,0.021227253600955,Ross Barkley,a,592,FromCorner,2026,Head,31207,Hull,Aston Villa,0,0,2026-09-05 16:30:00,,Aerial,away,Aston Villa,0,0
692586,80,BlockedShot,0.8780000305175781,0.46,0.0802482962608337,Tyrone Mings,a,1024,FromCorner,2026,LeftFoot,31207,Hull,Aston Villa,0,0,2026-09-05 16:30:00,Ross Barkley,,away,Aston Villa,0,0
692852,8,BlockedShot,0.7269999694824218,0.5259999847412109,0.0164540782570838,Kiernan Dewsbury-Hall,h,9739,SetPiece,2026,LeftFoot,31208,Everton,Manchester United,2,2,2026-09-06 13:00:00,Thierno Barry,LayOff,home,Everton,0,0
692858,39,MissedShots,0.850999984741211,0.475,0.0090488502755761,Thierno Barry,h,12916,SetPiece,2026,Head,31208,Everton,Manchester United,2,2,2026-09-06 13:00:00,James Garner,Aerial,home,Everton,0,0
692859,41,BlockedShot,0.86,0.2370000076293945,0.0269395299255847,Thierno Barry,h,12916,OpenPlay,2026,RightFoot,31208,Everton,Manchester United,2,2,2026-09-06 13:00:00,Brennan Johnson,Pass,home,Everton,0,0
692860,42,MissedShots,0.924000015258789,0.5320000076293945,0.3399359583854675,Thierno Barry,h,12916,OpenPlay,2026,Head,31208,Everton,Manchester United,2,2,2026-09-06 13:00:00,Merlin Röhl,Cross,home,Everton,0,1
692861,46,SavedShot,0.9059999847412108,0.6930000305175781,0.0504822991788387,Jarrad Branthwaite,h,8476,OpenPlay,2026,LeftFoot,31208,Everton,Manchester United,2,2,2026-09-06 13:00:00,,,home,Everton,0,0
692864,53,BlockedShot,0.8909999847412109,0.3060000038146973,0.0400756895542144,Harrison Armstrong,h,12757,OpenPlay,2026,RightFoot,31208,Everton,Manchester United,2,2,2026-09-06 13:00:00,Brennan Johnson,Pass,home,Everton,0,0
692865,56,BlockedShot,0.8630000305175781,0.3959999847412109,0.0709546729922294,Brennan Johnson,h,10760,OpenPlay,2026,RightFoot,31208,Everton,Manchester United,2,2,2026-09-06 13:00:00,Kiernan Dewsbury-Hall,Pass,home,Everton,0,0
692866,58,BlockedShot,0.87,0.439000015258789,0.112828642129898,Thierno Barry,h,12916,OpenPlay,2026,RightFoot,31208,Everton,Manchester United,2,2,2026-09-06 13:00:00,Tyrique George,TakeOn,home,Everton,0,0
692867,58,SavedShot,0.8590000152587891,0.6029999923706054,0.0572047010064125,Kiernan Dewsbury-Hall,h,9739,OpenPlay,2026,RightFoot,31208,Everton,Manchester United,2,2,2026-09-06 13:00:00,Tyrique George,BallTouch,home,Everton,0,0
692871,66,SavedShot,0.8180000305175781,0.4709999847412109,0.0420932248234748,Kiernan Dewsbury-Hall,h,9739,FromCorner,2026,LeftFoot,31208,Everton,Manchester United,2,2,2026-09-06 13:00:00,Jack Grealish,Pass,home,Everton,0,0
692872,69,MissedShots,0.9030000305175782,0.605,0.011135353706777,James Tarkowski,h,1665,SetPiece,2026,Head,31208,Everton,Manchester United,2,2,2026-09-06 13:00:00,James Garner,Aerial,home,Everton,0,0
692873,72,BlockedShot,0.830999984741211,0.5459999847412109,0.0515249632298946,Kiernan Dewsbury-Hall,h,9739,OpenPlay,2026,RightFoot,31208,Everton,Manchester United,2,2,2026-09-06 13:00:00,,,home,Everton,0,0
692874,72,MissedShots,0.8380000305175781,0.4470000076293945,0.0538418218493461,Harrison Armstrong,h,12757,OpenPlay,2026,LeftFoot,31208,Everton,Manchester United,2,2,2026-09-06 13:00:00,,,home,Everton,0,0
692876,81,SavedShot,0.9080000305175782,0.5620000076293945,0.033757384866476,Jarrad Branthwaite,h,8476,SetPiece,2026,Head,31208,Everton,Manchester United,2,2,2026-09-06 13:00:00,Hayden Hackney,Aerial,home,Everton,0,0
692877,82,Goal,0.885,0.2979999923706055,0.04832573980093,Tyrique George,h,12573,OpenPlay,2026,RightFoot,31208,Everton,Manchester United,2,2,2026-09-06 13:00:00,Hayden Hackney,Pass,home,Everton,1,0
692880,89,BlockedShot,0.7759999847412109,0.6669999694824219,0.0206971019506454,Jack Grealish,h,675,OpenPlay,2026,RightFoot,31208,Everton,Manchester United,2,2,2026-09-06 13:00:00,Kiernan Dewsbury-Hall,LayOff,home,Everton,0,0
692881,93,MissedShots,0.906999969482422,0.725999984741211,0.0450175143778324,Hayden Hackney,h,14769,OpenPlay,2026,RightFoot,31208,Everton,Manchester United,2,2,2026-09-06 13:00:00,Tyrique George,Pass,home,Everton,0,0
692882,95,Goal,0.74,0.5159999847412109,0.0259769111871719,Ainsley Maitland-Niles,h,1750,OpenPlay,2026,RightFoot,31208,Everton,Manchester United,2,2,2026-09-06 13:00:00,,TakeOn,home,Everton,1,0
692851,7,ShotOnPost,0.855,0.4959999847412109,0.0688583999872207,Bruno Fernandes,a,1228,OpenPlay,2026,RightFoot,31208,Everton,Manchester United,2,2,2026-09-06 13:00:00,Bryan Mbeumo,HeadPass,away,Manchester United,0,0
692853,17,SavedShot,0.72,0.3990000152587891,0.0142006902024149,Youri Tielemans,a,5956,OpenPlay,2026,RightFoot,31208,Everton,Manchester United,2,2,2026-09-06 13:00:00,Diogo Dalot,Pass,away,Manchester United,0,0
692854,18,BlockedShot,0.7069999694824218,0.4270000076293945,0.0175678972154855,Matheus Cunha,a,7080,OpenPlay,2026,RightFoot,31208,Everton,Manchester United,2,2,2026-09-06 13:00:00,Youri Tielemans,Pass,away,Manchester United,0,0
692855,19,BlockedShot,0.7469999694824219,0.3970000076293945,0.0217207856476306,Bruno Fernandes,a,1228,OpenPlay,2026,RightFoot,31208,Everton,Manchester United,2,2,2026-09-06 13:00:00,Kobbie Mainoo,Pass,away,Manchester United,0,0
692856,20,BlockedShot,0.7340000152587891,0.469000015258789,0.0152270765975117,Diogo Dalot,a,7281,FromCorner,2026,RightFoot,31208,Everton,Manchester United,2,2,2026-09-06 13:00:00,,,away,Manchester United,0,0
692857,21,MissedShots,0.8569999694824219,0.4329999923706055,0.0870424881577491,Matheus Cunha,a,7080,OpenPlay,2026,RightFoot,31208,Everton,Manchester United,2,2,2026-09-06 13:00:00,Marcus Rashford,Pass,away,Manchester United,0,0
692862,48,BlockedShot,0.860999984741211,0.7519999694824219,0.02466531842947,Bruno Fernandes,a,1228,OpenPlay,2026,RightFoot,31208,Everton,Manchester United,2,2,2026-09-06 13:00:00,,,away,Manchester United,0,0
692863,46,Goal,0.8180000305175781,0.3309999847412109,0.0389138124883174,Bryan Mbeumo,a,6552,OpenPlay,2026,LeftFoot,31208,Everton,Manchester United,2,2,2026-09-06 13:00:00,Kobbie Mainoo,TakeOn,away,Manchester United,1,0
692868,64,MissedShots,0.7530000305175781,0.544000015258789,0.0150541793555021,Bruno Fernandes,a,1228,SetPiece,2026,RightFoot,31208,Everton,Manchester United,2,2,2026-09-06 13:00:00,,,away,Manchester United,0,0
692869,64,BlockedShot,0.7769999694824219,0.6630000305175782,0.0302132293581962,Youri Tielemans,a,5956,OpenPlay,2026,LeftFoot,31208,Everton,Manchester United,2,2,2026-09-06 13:00:00,Diogo Dalot,BallTouch,away,Manchester United,0,0
692870,65,MissedShots,0.8080000305175781,0.5309999847412109,0.0381812565028667,Luke Shaw,a,1006,FromCorner,2026,RightFoot,31208,Everton,Manchester United,2,2,2026-09-06 13:00:00,Bruno Fernandes,Pass,away,Manchester United,0,0
692875,73,BlockedShot,0.855,0.3479999923706054,0.068879909813404,Bryan Mbeumo,a,6552,OpenPlay,2026,LeftFoot,31208,Everton,Manchester United,2,2,2026-09-06 13:00:00,,BallRecovery,away,Manchester United,0,0
692878,85,MissedShots,0.855,0.5020000076293946,0.0226435251533985,Benjamin Sesko,a,11974,OpenPlay,2026,Head,31208,Everton,Manchester United,2,2,2026-09-06 13:00:00,Bruno Fernandes,Cross,away,Manchester United,0,0
692879,87,Goal,0.9290000152587892,0.4779999923706055,0.4090565741062164,Benjamin Sesko,a,11974,OpenPlay,2026,Head,31208,Everton,Manchester United,2,2,2026-09-06 13:00:00,Luke Shaw,Cross,away,Manchester United,1,1
693055,4,SavedShot,0.936999969482422,0.4209999847412109,0.4750669598579407,Riccardo Calafiori,h,8129,SetPiece,2026,RightFoot,31209,Arsenal,Chelsea,2,1,2026-09-06 15:30:00,Martin Odegaard,Pass,home,Arsenal,0,1
693056,4,SavedShot,0.960999984741211,0.4229999923706055,0.1343599408864975,Gabriel,h,5613,SetPiece,2026,RightFoot,31209,Arsenal,Chelsea,2,1,2026-09-06 15:30:00,,Rebound,home,Arsenal,0,0
693057,11,SavedShot,0.965,0.580999984741211,0.5216020345687866,Gabriel,h,5613,SetPiece,2026,RightFoot,31209,Arsenal,Chelsea,2,1,2026-09-06 15:30:00,,,home,Arsenal,0,1
693058,14,SavedShot,0.958000030517578,0.5620000076293945,0.0676256120204925,Kai Havertz,h,5220,OpenPlay,2026,Head,31209,Arsenal,Chelsea,2,1,2026-09-06 15:30:00,Martin Odegaard,Aerial,home,Arsenal,0,0
693059,17,SavedShot,0.963000030517578,0.315,0.3008607923984527,Bukayo Saka,h,7322,OpenPlay,2026,RightFoot,31209,Arsenal,Chelsea,2,1,2026-09-06 15:30:00,Martin Odegaard,Throughball,home,Arsenal,0,1
693060,19,BlockedShot,0.8490000152587891,0.514000015258789,0.0954787135124206,Kai Havertz,h,5220,OpenPlay,2026,LeftFoot,31209,Arsenal,Chelsea,2,1,2026-09-06 15:30:00,Christos Tzolis,Cross,home,Arsenal,0,0
693063,22,BlockedShot,0.899000015258789,0.3859999847412109,0.1296346634626388,Martin Odegaard,h,2517,OpenPlay,2026,LeftFoot,31209,Arsenal,Chelsea,2,1,2026-09-06 15:30:00,Kai Havertz,Pass,home,Arsenal,0,0
693064,23,BlockedShot,0.8680000305175781,0.515,0.0882883742451667,Riccardo Calafiori,h,8129,OpenPlay,2026,RightFoot,31209,Arsenal,Chelsea,2,1,2026-09-06 15:30:00,Myles Lewis-Skelly,Pass,home,Arsenal,0,0
693065,24,Goal,0.8230000305175781,0.3340000152587891,0.0353672616183757,Kai Havertz,h,5220,OpenPlay,2026,LeftFoot,31209,Arsenal,Chelsea,2,1,2026-09-06 15:30:00,Declan Rice,Pass,home,Arsenal,1,0
693067,33,MissedShots,0.8590000152587891,0.6359999847412109,0.0631627440452575,Myles Lewis-Skelly,h,12272,OpenPlay,2026,LeftFoot,31209,Arsenal,Chelsea,2,1,2026-09-06 15:30:00,Christos Tzolis,Pass,home,Arsenal,0,0
693070,48,BlockedShot,0.799000015258789,0.3359999847412109,0.0226390231400728,Bukayo Saka,h,7322,OpenPlay,2026,LeftFoot,31209,Arsenal,Chelsea,2,1,2026-09-06 15:30:00,Kai Havertz,Pass,home,Arsenal,0,0
693071,49,Goal,0.901999969482422,0.5159999847412109,0.5586743354797363,Martin Odegaard,h,2517,OpenPlay,2026,LeftFoot,31209,Arsenal,Chelsea,2,1,2026-09-06 15:30:00,Christos Tzolis,Pass,home,Arsenal,1,1
693072,55,BlockedShot,0.7709999847412109,0.4729999923706054,0.0428596138954162,Declan Rice,h,5553,OpenPlay,2026,RightFoot,31209,Arsenal,Chelsea,2,1,2026-09-06 15:30:00,Bukayo Saka,LayOff,home,Arsenal,0,0
693073,55,SavedShot,0.906999969482422,0.705,0.0881966203451156,Bukayo Saka,h,7322,OpenPlay,2026,LeftFoot,31209,Arsenal,Chelsea,2,1,2026-09-06 15:30:00,Christos Tzolis,Pass,home,Arsenal,0,0
693077,68,BlockedShot,0.8590000152587891,0.5459999847412109,0.1103859096765518,Martín Zubimendi,h,7526,OpenPlay,2026,RightFoot,31209,Arsenal,Chelsea,2,1,2026-09-06 15:30:00,Martin Odegaard,Pass,home,Arsenal,0,0
693078,68,SavedShot,0.8369999694824218,0.3829999923706054,0.1351766884326934,Bukayo Saka,h,7322,OpenPlay,2026,LeftFoot,31209,Arsenal,Chelsea,2,1,2026-09-06 15:30:00,Kai Havertz,Throughball,home,Arsenal,0,0
693054,1,Goal,0.815,0.5409999847412109,0.0366709716618061,Morgan Rogers,a,12412,SetPiece,2026,RightFoot,31209,Arsenal,Chelsea,2,1,2026-09-06 15:30:00,Jorrel Hato,HeadPass,away,Chelsea,1,0
693061,20,SavedShot,0.7859999847412109,0.325,0.024129943922162,Cole Palmer,a,8497,OpenPlay,2026,LeftFoot,31209,Arsenal,Chelsea,2,1,2026-09-06 15:30:00,Pedro Neto,Pass,away,Chelsea,0,0
693062,22,SavedShot,0.705,0.6569999694824219,0.0147999413311481,Reece James,a,8067,OpenPlay,2026,RightFoot,31209,Arsenal,Chelsea,2,1,2026-09-06 15:30:00,Wesley Fofana,Pass,away,Chelsea,0,0
693066,30,MissedShots,0.9280000305175782,0.7030000305175781,0.0593342445790767,Morgan Rogers,a,12412,OpenPlay,2026,RightFoot,31209,Arsenal,Chelsea,2,1,2026-09-06 15:30:00,João Pedro,Pass,away,Chelsea,0,0
693068,35,MissedShots,0.6940000152587891,0.5309999847412109,0.0162631962448358,João Pedro,a,8272,OpenPlay,2026,RightFoot,31209,Arsenal,Chelsea,2,1,2026-09-06 15:30:00,Reece James,Pass,away,Chelsea,0,0
693069,47,ShotOnPost,0.884000015258789,0.285,0.0978277698159217,Pedro Neto,a,6382,OpenPlay,2026,LeftFoot,31209,Arsenal,Chelsea,2,1,2026-09-06 15:30:00,João Pedro,Chipped,away,Chelsea,0,0
693074,60,MissedShots,0.8109999847412109,0.3809999847412109,0.0382228009402751,Malo Gusto,a,9017,OpenPlay,2026,RightFoot,31209,Arsenal,Chelsea,2,1,2026-09-06 15:30:00,Pedro Neto,Pass,away,Chelsea,0,0
693075,62,SavedShot,0.8580000305175781,0.35,0.0173619613051414,Cole Palmer,a,8497,OpenPlay,2026,RightFoot,31209,Arsenal,Chelsea,2,1,2026-09-06 15:30:00,,Aerial,away,Chelsea,0,0
693076,64,MissedShots,0.7519999694824219,0.7230000305175781,0.0133393658325076,Morgan Rogers,a,12412,OpenPlay,2026,RightFoot,31209,Arsenal,Chelsea,2,1,2026-09-06 15:30:00,Wesley Fofana,Tackle,away,Chelsea,0,0
693079,75,BlockedShot,0.735999984741211,0.355,0.0127037549391388,Reece James,a,8067,FromCorner,2026,RightFoot,31209,Arsenal,Chelsea,2,1,2026-09-06 15:30:00,,Aerial,away,Chelsea,0,0
693080,82,MissedShots,0.8869999694824219,0.7140000152587891,0.0378369092941284,Cole Palmer,a,8497,OpenPlay,2026,LeftFoot,31209,Arsenal,Chelsea,2,1,2026-09-06 15:30:00,Morgan Rogers,BallTouch,away,Chelsea,0,0
693081,87,BlockedShot,0.6809999847412109,0.500999984741211,0.0323267206549644,Reece James,a,8067,DirectFreekick,2026,RightFoot,31209,Arsenal,Chelsea,2,1,2026-09-06 15:30:00,,Standard,away,Chelsea,0,0
693082,88,SavedShot,0.8430000305175781,0.2779999923706054,0.0296902749687433,Estêvão,a,13775,OpenPlay,2026,LeftFoot,31209,Arsenal,Chelsea,2,1,2026-09-06 15:30:00,Cole Palmer,Pass,away,Chelsea,0,0
