id,match_id,date,Team,Player,team_side,minute,X,Y,Shot_X_M,Shot_Y_M,Shot_Distance_M,Shot_Angle_Degrees,Body_Part,Situation,Result,is_goal,xG,high_xg_chance
688493,31180,2026-08-21 19:00:00,Arsenal,Christos Tzolis,home,4,0.8419999694824218,0.58,88.4099967956543,39.44,17.459146780991354,22.621747440101533,RightFoot,OpenPlay,MissedShots,0,0.0775462538003921,0
688494,31180,2026-08-21 19:00:00,Arsenal,Bukayo Saka,home,6,0.9080000305175782,0.4179999923706055,95.3400032043457,28.42399948120117,11.153802933425712,32.495928859972395,RightFoot,OpenPlay,BlockedShot,0,0.0958008468151092,0
688495,31180,2026-08-21 19:00:00,Arsenal,Christos Tzolis,home,7,0.845,0.505,88.725,34.34,16.278551071885982,25.338014800445137,LeftFoot,FromCorner,BlockedShot,0,0.0515222288668155,0
688496,31180,2026-08-21 19:00:00,Arsenal,Declan Rice,home,8,0.7180000305175781,0.6609999847412109,75.3900032043457,44.947998962402345,31.56913986030377,12.431755135559412,RightFoot,OpenPlay,MissedShots,0,0.0123015688732266,0
688498,31180,2026-08-21 19:00:00,Arsenal,Kai Havertz,home,14,0.8540000152587891,0.484000015258789,89.67000160217286,32.912001037597655,15.368558573255049,26.732906980207524,LeftFoot,OpenPlay,Goal,1,0.0983534529805183,0
688499,31180,2026-08-21 19:00:00,Arsenal,Bukayo Saka,home,22,0.931999969482422,0.4490000152587891,97.85999679565431,30.532001037597656,7.937673624009143,46.49215803757247,LeftFoot,OpenPlay,Goal,1,0.6286753416061401,1
688500,31180,2026-08-21 19:00:00,Arsenal,Ben White,home,32,0.914000015258789,0.4070000076293945,95.97000160217284,27.676000518798823,11.024238772041986,31.435393450500197,RightFoot,OpenPlay,BlockedShot,0,0.1290393024682998,0
688501,31180,2026-08-21 19:00:00,Arsenal,Riccardo Calafiori,home,37,0.8240000152587891,0.5479999923706055,86.52000160217285,37.263999481201175,18.766034034845386,21.767315183091966,LeftFoot,OpenPlay,BlockedShot,0,0.0837049335241317,0
688503,31180,2026-08-21 19:00:00,Arsenal,Martin Odegaard,home,45,0.7980000305175782,0.2939999961853027,83.79000320434571,19.991999740600583,25.418261847321492,13.78744541994267,LeftFoot,FromCorner,BlockedShot,0,0.0193441659212112,0
688504,31180,2026-08-21 19:00:00,Arsenal,Declan Rice,home,46,0.794000015258789,0.3929999923706054,83.37000160217285,26.72399948120117,22.820977504032687,17.33022132549128,LeftFoot,FromCorner,MissedShots,0,0.0276397801935672,0
688505,31180,2026-08-21 19:00:00,Arsenal,Martin Odegaard,home,48,0.9109999847412108,0.4009999847412109,95.65499839782713,27.26799896240234,11.517330112262542,29.839205198547347,RightFoot,OpenPlay,Goal,1,0.1356574892997741,0
688506,31180,2026-08-21 19:00:00,Arsenal,Myles Lewis-Skelly,home,51,0.82,0.3479999923706054,86.1,23.663999481201166,21.541655152856986,17.066402187336923,LeftFoot,OpenPlay,MissedShots,0,0.0477312244474887,0
688507,31180,2026-08-21 19:00:00,Arsenal,Christos Tzolis,home,60,0.8730000305175781,0.6329999923706054,91.66500320434571,43.04399948120117,16.112605815201874,21.62546272070831,RightFoot,OpenPlay,BlockedShot,0,0.0790039375424385,0
688508,31180,2026-08-21 19:00:00,Arsenal,Bukayo Saka,home,61,0.845,0.5379999923706055,88.725,36.583999481201175,16.478855491776365,24.772136047650225,LeftFoot,FromCorner,BlockedShot,0,0.0517841055989265,0
688509,31180,2026-08-21 19:00:00,Arsenal,Christos Tzolis,home,64,0.8130000305175781,0.6029999923706054,85.3650032043457,41.00399948120117,20.84680090320865,18.841706602025557,RightFoot,FromCorner,SavedShot,0,0.0296010933816432,0
688511,31180,2026-08-21 19:00:00,Arsenal,Martin Odegaard,home,71,0.8090000152587891,0.4640000152587891,84.94500160217285,31.55200103759766,20.203852594413085,20.397164787837045,LeftFoot,OpenPlay,BlockedShot,0,0.0759920850396156,0
688512,31180,2026-08-21 19:00:00,Arsenal,Mikel Merino,home,77,0.8980000305175782,0.2660000038146972,94.29000320434571,18.088000259399408,19.180609143293612,12.470169127964123,LeftFoot,OpenPlay,BlockedShot,0,0.1020832285284996,0
688513,31180,2026-08-21 19:00:00,Arsenal,Gabriel,home,81,0.774000015258789,0.6359999847412109,81.27000160217285,43.24799896240234,25.46837860503636,15.293357782644632,LeftFoot,OpenPlay,MissedShots,0,0.0287130381911993,0
688515,31180,2026-08-21 19:00:00,Arsenal,Mikel Merino,home,90,0.77,0.4409999847412109,80.85000000000001,29.98799896240234,24.480985526029876,16.78901225858651,LeftFoot,OpenPlay,SavedShot,0,0.042255014181137,0
688516,31180,2026-08-21 19:00:00,Arsenal,Eberechi Eze,home,94,0.6990000152587891,0.5259999847412109,73.39500160217285,35.767998962402345,31.654411131115868,13.171052400658532,RightFoot,DirectFreekick,MissedShots,0,0.0374864414334297,0
688497,31180,2026-08-21 19:00:00,Coventry,Loum Tchaouna,away,12,0.715999984741211,0.3509999847412109,75.17999839782715,23.867998962402343,31.494284252534957,12.575627537523573,LeftFoot,OpenPlay,BlockedShot,0,0.0127685405313968,0
688502,31180,2026-08-21 19:00:00,Coventry,Loum Tchaouna,away,41,0.7880000305175782,0.5420000076293945,82.74000320434571,36.85600051879882,22.442464131773015,18.38448058867075,LeftFoot,OpenPlay,MissedShots,0,0.0323680825531482,0
688510,31180,2026-08-21 19:00:00,Coventry,Bobby Thomas,away,66,0.7240000152587891,0.335,76.02000160217285,22.78,31.07617587699722,12.557700490334977,RightFoot,OpenPlay,MissedShots,0,0.0078541673719882,0
688514,31180,2026-08-21 19:00:00,Coventry,Jack Rudoni,away,85,0.914000015258789,0.495,95.97000160217284,33.66,9.03639701788058,44.078436438196626,Head,OpenPlay,SavedShot,0,0.5053454041481018,1
688538,31181,2026-08-22 11:30:00,Hull,Oliver McBurnie,home,14,0.874000015258789,0.474000015258789,91.77000160217284,32.23200103759765,13.347609446547535,30.445940018125846,Head,OpenPlay,SavedShot,0,0.0262772943824529,0
688539,31181,2026-08-22 11:30:00,Hull,Oliver McBurnie,home,16,0.9690000152587892,0.4029999923706054,101.74500160217286,27.40399948120117,7.355422313766334,30.34148003659927,RightFoot,FromCorner,SavedShot,0,0.4105294048786163,1
688540,31181,2026-08-22 11:30:00,Hull,Semi Ajayi,home,16,0.9690000152587892,0.4679999923706054,101.74500160217286,31.823999481201167,3.915353474166799,85.35854671889714,RightFoot,FromCorner,Goal,1,0.7058625221252441,1
688542,31181,2026-08-22 11:30:00,Hull,Mohamed Belloumi,home,20,0.8540000152587891,0.3390000152587891,89.67000160217286,23.05200103759766,18.83792802189629,18.19172127604069,LeftFoot,SetPiece,MissedShots,0,0.0173073709011077,0
688546,31181,2026-08-22 11:30:00,Hull,Nobel Mendy,home,37,0.948000030517578,0.5029999923706054,99.54000320434568,34.20399948120117,5.463806438453488,67.61924214682114,Head,SetPiece,Goal,1,0.5255845189094543,1
688552,31181,2026-08-22 11:30:00,Hull,Mohamed Belloumi,home,61,0.7769999694824219,0.2770000076293945,81.5849967956543,18.836000518798823,27.896402193211024,12.631512527509702,LeftFoot,OpenPlay,MissedShots,0,0.0290341842919588,0
688555,31181,2026-08-22 11:30:00,Hull,Cody Drameh,home,72,0.8219999694824218,0.3110000038146973,86.30999679565429,21.148000259399414,22.682374591538043,15.270941086906335,RightFoot,OpenPlay,MissedShots,0,0.0413598306477069,0
688556,31181,2026-08-22 11:30:00,Hull,Ryan John Giles,home,74,0.7919999694824219,0.72,83.1599967956543,48.96,26.472388255800244,13.092705903400944,LeftFoot,OpenPlay,BlockedShot,0,0.0300956219434738,0
688536,31181,2026-08-22 11:30:00,Man United,Bryan Mbeumo,away,12,0.899000015258789,0.315,94.39500160217285,21.42,16.453643700345413,16.787153652927206,RightFoot,OpenPlay,SavedShot,0,0.0238108076155185,0
688537,31181,2026-08-22 11:30:00,Man United,Matheus Cunha,away,13,0.8469999694824218,0.3609999847412109,88.9349967956543,24.547998962402342,18.63933077045377,19.394754152793457,LeftFoot,OpenPlay,SavedShot,0,0.0567409060895442,0
688541,31181,2026-08-22 11:30:00,Man United,Youri Tielemans,away,19,0.7809999847412109,0.439000015258789,82.00499839782715,29.852001037597653,23.366129206097078,17.539275630822623,RightFoot,OpenPlay,BlockedShot,0,0.030788455158472,0
688543,31181,2026-08-22 11:30:00,Man United,Patrick Dorgu,away,24,0.909000015258789,0.64,95.44500160217285,43.52,13.488083421393844,22.538878863336443,LeftFoot,OpenPlay,MissedShots,0,0.0607052966952323,0
688544,31181,2026-08-22 11:30:00,Man United,Patrick Dorgu,away,28,0.9390000152587892,0.5420000076293945,98.59500160217286,36.85600051879882,7.012898362271295,52.646944391961405,LeftFoot,OpenPlay,MissedShots,0,0.4420271813869476,1
688545,31181,2026-08-22 11:30:00,Man United,Bryan Mbeumo,away,34,0.9059999847412108,0.3520000076293945,95.12999839782714,23.936000518798824,14.09613483138241,21.300227754631354,LeftFoot,OpenPlay,BlockedShot,0,0.0497775897383689,0
688547,31181,2026-08-22 11:30:00,Man United,Patrick Dorgu,away,43,0.9280000305175782,0.5590000152587891,97.44000320434571,38.012001037597656,8.558604084544847,42.75547725113386,Head,OpenPlay,MissedShots,0,0.121299885213375,0
688548,31181,2026-08-22 11:30:00,Man United,Bruno Fernandes,away,46,0.7659999847412109,0.6179999923706054,80.42999839782715,42.02399948120117,25.847041347223733,15.361366644846287,RightFoot,OpenPlay,BlockedShot,0,0.0225461926311254,0
688549,31181,2026-08-22 11:30:00,Man United,Ayden Heaven,away,50,0.855,0.485,89.77499999999999,32.98,15.259129234658191,26.924078285059085,Head,OpenPlay,MissedShots,0,0.0198018103837966,0
688550,31181,2026-08-22 11:30:00,Man United,Ayden Heaven,away,55,0.9259999847412108,0.4979999923706055,97.22999839782713,33.863999481201176,7.771191738651318,50.43377068486819,Head,FromCorner,BlockedShot,0,0.1123661920428276,0
688551,31181,2026-08-22 11:30:00,Man United,Bruno Fernandes,away,58,0.6940000152587891,0.6780000305175782,72.87000160217285,46.10400207519532,34.33429281754188,11.409260773848148,RightFoot,OpenPlay,SavedShot,0,0.0072764181531965,0
688553,31181,2026-08-22 11:30:00,Man United,Matheus Cunha,away,65,0.8669999694824219,0.6320000076293946,91.0349967956543,42.97600051879883,16.600900572284104,21.299722605624066,RightFoot,OpenPlay,BlockedShot,0,0.0659835264086723,0
688554,31181,2026-08-22 11:30:00,Man United,Noussair Mazraoui,away,66,0.9569999694824218,0.4309999847412109,100.4849967956543,29.30799896240234,6.5115380419736075,48.729809076338015,RightFoot,OpenPlay,MissedShots,0,0.0905937775969505,0
688557,31181,2026-08-22 11:30:00,Man United,Bryan Mbeumo,away,75,0.8830000305175781,0.2989999961853027,92.7150032043457,20.331999740600583,18.377578114653158,15.496521633244022,LeftFoot,OpenPlay,MissedShots,0,0.0487500801682472,0
688558,31181,2026-08-22 11:30:00,Man United,Bryan Mbeumo,away,77,0.855,0.4359999847412109,89.77499999999999,29.64799896240234,15.83478885338391,25.15273590907992,RightFoot,OpenPlay,SavedShot,0,0.4281644225120544,1
688559,31181,2026-08-22 11:30:00,Man United,Matheus Cunha,away,78,0.9540000152587892,0.435,100.17000160217286,29.58,6.54715850755217,50.18802711339281,Head,FromCorner,MissedShots,0,0.0633055716753006,0
688560,31181,2026-08-22 11:30:00,Man United,Kobbie Mainoo,away,83,0.8119999694824219,0.6569999694824219,85.2599967956543,44.67599792480469,22.442028834265685,16.42244171937038,RightFoot,OpenPlay,BlockedShot,0,0.026342200115323,0
688561,31181,2026-08-22 11:30:00,Man United,Harry Maguire,away,83,0.8069999694824219,0.33,84.7349967956543,22.44,23.33032264826489,15.610766613074064,LeftFoot,OpenPlay,SavedShot,0,0.0239013321697711,0
688562,31181,2026-08-22 11:30:00,Man United,Bruno Fernandes,away,88,0.7969999694824219,0.750999984741211,83.6849967956543,51.06799896240235,27.306518455889524,12.028535559288128,LeftFoot,OpenPlay,BlockedShot,0,0.0111452136188745,0
688563,31181,2026-08-22 11:30:00,Man United,Benjamin Sesko,away,92,0.889000015258789,0.46,93.34500160217284,31.28,11.968182303648017,33.307544206901,Head,OpenPlay,BlockedShot,0,0.0396449118852615,0
688564,31181,2026-08-22 11:30:00,Man United,Harry Maguire,away,94,0.92,0.7069999694824218,96.60000000000001,48.07599792480468,16.391879623127593,13.541656370367031,RightFoot,OpenPlay,MissedShots,0,0.0337711162865161,0
688587,31182,2026-08-22 14:00:00,Everton,Iliman Ndiaye,home,11,0.8640000152587891,0.3940000152587891,90.72000160217286,26.792001037597657,15.996049614949905,23.32034020429837,RightFoot,OpenPlay,SavedShot,0,0.0854983851313591,0
688589,31182,2026-08-22 14:00:00,Everton,Tyrique George,home,17,0.830999984741211,0.7240000152587891,87.25499839782715,49.232001037597655,23.385870466384034,13.683710218381199,RightFoot,OpenPlay,MissedShots,0,0.0280860438942909,0
688590,31182,2026-08-22 14:00:00,Everton,James Tarkowski,home,30,0.906999969482422,0.4109999847412109,95.23499679565431,27.94799896240234,11.488342097098464,31.08013356428032,Head,SetPiece,MissedShots,0,0.048587717115879,0
688591,31182,2026-08-22 14:00:00,Everton,Tyrique George,home,33,0.7930000305175782,0.6619999694824219,83.2650032043457,45.01599792480469,24.367238169033513,15.330288915390561,LeftFoot,OpenPlay,BlockedShot,0,0.0266912803053855,0
688593,31182,2026-08-22 14:00:00,Everton,Kiernan Dewsbury-Hall,home,41,0.916999969482422,0.66,96.28499679565431,44.88,13.940074635802914,19.422052336103665,LeftFoot,OpenPlay,BlockedShot,0,0.0968610718846321,0
688594,31182,2026-08-22 14:00:00,Everton,Kiernan Dewsbury-Hall,home,41,0.885,0.6719999694824219,92.925,45.695997924804686,16.81077013277606,18.176649202981913,LeftFoot,OpenPlay,Goal,1,0.0690635815262794,0
688596,31182,2026-08-22 14:00:00,Everton,Thierno Barry,home,46,0.7430000305175781,0.500999984741211,78.0150032043457,34.06799896240235,26.985082470141915,15.447798736942874,RightFoot,OpenPlay,BlockedShot,0,0.0316711217164993,0
688597,31182,2026-08-22 14:00:00,Everton,Tyrique George,home,47,0.78,0.625999984741211,81.9,42.56799896240235,24.637788176289842,15.899416923613376,RightFoot,FromCorner,BlockedShot,0,0.0189747605472803,0
688598,31182,2026-08-22 14:00:00,Everton,Hayden Hackney,home,48,0.895,0.7559999847412109,93.97500000000001,51.40799896240234,20.60555878579857,11.104032173716984,RightFoot,FromCorner,BlockedShot,0,0.0381052009761333,0
688599,31182,2026-08-22 14:00:00,Everton,Kiernan Dewsbury-Hall,home,50,0.7709999847412109,0.6830000305175781,80.95499839782714,46.44400207519531,27.0742551087922,13.74395962413931,LeftFoot,OpenPlay,MissedShots,0,0.0254814773797988,0
688600,31182,2026-08-22 14:00:00,Everton,Thierno Barry,home,52,0.95,0.5159999847412109,99.75,35.08799896240234,5.361552176579891,68.22604689436858,Head,SetPiece,Goal,1,0.5571271181106567,1
688601,31182,2026-08-22 14:00:00,Everton,Iliman Ndiaye,home,55,0.874000015258789,0.4659999847412109,91.77000160217284,31.687998962402343,13.43049538938761,30.112109563714938,RightFoot,OpenPlay,SavedShot,0,0.1336148530244827,0
688604,31182,2026-08-22 14:00:00,Everton,Tyrique George,home,72,0.875,0.6959999847412109,91.875,47.32799896240235,18.705645707694725,15.934462435798176,RightFoot,OpenPlay,BlockedShot,0,0.0703062489628791,0
688605,31182,2026-08-22 14:00:00,Everton,Tyrique George,home,72,0.935,0.6519999694824219,98.17500000000001,44.33599792480469,12.38601946153673,19.636625553009296,LeftFoot,OpenPlay,MissedShots,0,0.09607944637537,0
688608,31182,2026-08-22 14:00:00,Everton,Beto,home,92,0.8240000152587891,0.4720000076293945,86.52000160217285,32.096000518798824,18.57782427541256,22.18415926372715,RightFoot,OpenPlay,BlockedShot,0,0.0653562098741531,0
688609,31182,2026-08-22 14:00:00,Everton,Carlos Alcaraz,home,95,0.8530000305175781,0.6730000305175782,89.5650032043457,45.764002075195314,19.406979953281194,17.278283685492664,RightFoot,OpenPlay,SavedShot,0,0.0593440569937229,0
688584,31182,2026-08-22 14:00:00,Crystal Palace,Jean-Philippe Mateta,away,2,0.9669999694824218,0.5479999923706055,101.5349967956543,37.263999481201175,4.760245773004535,69.93487369498258,RightFoot,OpenPlay,MissedShots,0,0.7940734624862671,1
688585,31182,2026-08-22 14:00:00,Crystal Palace,Dwight McNeil,away,9,0.7569999694824219,0.505,79.4849967956543,34.34,25.517268437624185,16.323415247952145,LeftFoot,OpenPlay,BlockedShot,0,0.0249885991215705,0
688586,31182,2026-08-22 14:00:00,Crystal Palace,Daniel Muñoz,away,11,0.8930000305175781,0.3759999847412109,93.7650032043457,25.56799896240234,14.047198813158813,24.090945258902376,LeftFoot,OpenPlay,SavedShot,0,0.0714331120252609,0
688588,31182,2026-08-22 14:00:00,Crystal Palace,Eddie Nketiah,away,16,0.9080000305175782,0.5770000076293945,95.3400032043457,39.236000518798825,10.987776823585051,33.376317647406054,RightFoot,OpenPlay,SavedShot,0,0.3071564733982086,1
688592,31182,2026-08-22 14:00:00,Crystal Palace,Jean-Philippe Mateta,away,37,0.8919999694824219,0.4620000076293945,93.6599967956543,31.41600051879883,11.63068037534429,34.25823552051201,RightFoot,OpenPlay,ShotOnPost,0,0.5248755812644958,1
688595,31182,2026-08-22 14:00:00,Crystal Palace,Daniel Muñoz,away,48,0.92,0.4590000152587891,96.60000000000001,31.21200103759766,8.850589709977319,43.43715264988998,Head,OpenPlay,MissedShots,0,0.2571656405925751,1
688602,31182,2026-08-22 14:00:00,Crystal Palace,Yeremi Pino,away,61,0.7419999694824219,0.5629999923706055,77.9099967956543,38.28399948120117,27.42664626173591,15.0239594177538,RightFoot,OpenPlay,BlockedShot,0,0.0194392167031765,0
688603,31182,2026-08-22 14:00:00,Crystal Palace,Evann Guessand,away,65,0.7880000305175782,0.4359999847412109,82.74000320434571,29.64799896240234,22.68143228223893,18.01464338813799,RightFoot,OpenPlay,SavedShot,0,0.0400747209787368,0
688606,31182,2026-08-22 14:00:00,Crystal Palace,Jaydee Canvot,away,82,0.855999984741211,0.3559999847412109,89.87999839782715,24.207998962402343,18.013820604469867,19.58364151596638,RightFoot,OpenPlay,BlockedShot,0,0.0194436479359865,0
688607,31182,2026-08-22 14:00:00,Crystal Palace,Jørgen Strand Larsen,away,92,0.93,0.47,97.65,31.959999999999997,7.62785028694192,50.2236660170712,Head,OpenPlay,SavedShot,0,0.1436384618282318,0
688610,31182,2026-08-22 14:00:00,Crystal Palace,Yeremi Pino,away,95,0.8630000305175781,0.725999984741211,90.6150032043457,49.367998962402346,21.050024344864404,13.768783043028407,RightFoot,OpenPlay,MissedShots,0,0.028658203780651,0
688613,31183,2026-08-22 14:00:00,Ipswich,Julio Enciso,home,6,0.749000015258789,0.3609999847412109,78.64500160217284,24.547998962402342,27.998683257685876,14.056251932207022,RightFoot,OpenPlay,BlockedShot,0,0.0215945541858673,0
688614,31183,2026-08-22 14:00:00,Ipswich,Emersonn,home,6,0.840999984741211,0.5329999923706055,88.30499839782715,36.24399948120117,16.845136157603037,24.323554415456748,Head,OpenPlay,SavedShot,0,0.0106583833694458,0
688615,31183,2026-08-22 14:00:00,Ipswich,Emersonn,home,23,0.8959999847412109,0.5170000076293946,94.07999839782714,35.156000518798834,10.981018722819892,36.71359000394349,RightFoot,OpenPlay,Goal,1,0.5669058561325073,1
688616,31183,2026-08-22 14:00:00,Ipswich,Emersonn,home,26,0.9,0.5459999847412109,94.5,37.127998962402344,10.956020149159555,35.78221367767456,Head,SetPiece,MissedShots,0,0.0372440367937088,0
688620,31183,2026-08-22 14:00:00,Ipswich,Julio Enciso,home,30,0.906999969482422,0.580999984741211,95.23499679565431,39.50799896240235,11.211304123549004,32.47759244897512,LeftFoot,OpenPlay,MissedShots,0,0.1084802448749542,0
688624,31183,2026-08-22 14:00:00,Ipswich,Daizen Maeda,home,49,0.9590000152587892,0.5159999847412109,100.69500160217287,35.08799896240234,4.440355047457665,78.65749195688599,Head,OpenPlay,MissedShots,0,0.6158341765403748,1
688625,31183,2026-08-22 14:00:00,Ipswich,Julio Enciso,home,50,0.8919999694824219,0.4179999923706055,93.6599967956543,28.42399948120117,12.636750154221444,29.571413502435334,RightFoot,OpenPlay,MissedShots,0,0.0732707604765892,0
688627,31183,2026-08-22 14:00:00,Ipswich,Marcelino Núñez,home,64,0.8769999694824219,0.624000015258789,92.08499679565429,42.43200103759765,15.423875948227403,22.83611691218488,RightFoot,FromCorner,MissedShots,0,0.0554595366120338,0
688629,31183,2026-08-22 14:00:00,Ipswich,Jack Clarke,home,89,0.8440000152587891,0.625,88.62000160217285,42.5,18.454114649931597,20.127562279864215,RightFoot,OpenPlay,Goal,1,0.0642563849687576,0
688630,31183,2026-08-22 14:00:00,Ipswich,Jack Clarke,home,91,0.674000015258789,0.6170000076293946,70.77000160217285,41.95600051879883,35.14243495505649,11.591273927180326,RightFoot,OpenPlay,MissedShots,0,0.0308203268796205,0
688611,31183,2026-08-22 14:00:00,Sunderland,Brian Brobbey,away,3,0.8619999694824219,0.3920000076293945,90.50999679565429,26.656000518798827,16.24483060058898,22.948881550312077,RightFoot,OpenPlay,BlockedShot,0,0.4977636039257049,1
688612,31183,2026-08-22 14:00:00,Sunderland,Trai Hume,away,3,0.7580000305175781,0.5309999847412109,79.5900032043457,36.10799896240234,25.497286066965064,16.284446243656156,RightFoot,FromCorner,MissedShots,0,0.0199598222970962,0
688617,31183,2026-08-22 14:00:00,Sunderland,Noah Sadiki,away,28,0.905,0.4420000076293945,95.025,30.056000518798825,10.726404658957959,35.68764581314427,Head,OpenPlay,SavedShot,0,0.288067489862442,1
688618,31183,2026-08-22 14:00:00,Sunderland,Luke O'Nien,away,28,0.715999984741211,0.4970000076293945,75.17999839782715,33.79600051879883,29.820699377142745,13.993925650848992,LeftFoot,FromCorner,BlockedShot,0,0.0211695246398448,0
688619,31183,2026-08-22 14:00:00,Sunderland,Nilson Angulo,away,29,0.960999984741211,0.4170000076293945,100.90499839782716,28.356000518798826,6.973074520295712,40.394236866171894,Head,FromCorner,MissedShots,0,0.0378102287650108,0
688621,31183,2026-08-22 14:00:00,Sunderland,Thomas Meunier,away,37,0.8230000305175781,0.4209999847412109,86.4150032043457,28.627998962402344,19.345813527542106,20.65590200296603,RightFoot,OpenPlay,BlockedShot,0,0.0357858575880527,0
688622,31183,2026-08-22 14:00:00,Sunderland,Nilson Angulo,away,38,0.794000015258789,0.6519999694824219,83.37000160217285,44.33599792480469,23.97268620308479,15.752863582154948,RightFoot,DirectFreekick,Goal,1,0.0791553929448127,0
688623,31183,2026-08-22 14:00:00,Sunderland,Trai Hume,away,46,0.9180000305175782,0.3840000152587891,96.3900032043457,26.112001037597658,11.677010424421042,27.13872967796017,Head,OpenPlay,MissedShots,0,0.0337547063827514,0
688626,31183,2026-08-22 14:00:00,Sunderland,Brian Brobbey,away,52,0.91,0.4859999847412109,95.55,33.047998962402346,9.497831645990944,42.004563422598174,RightFoot,OpenPlay,BlockedShot,0,0.1381070166826248,0
688628,31183,2026-08-22 14:00:00,Sunderland,Thomas Meunier,away,81,0.840999984741211,0.1389999961853027,88.30499839782715,9.451999740600584,29.6871587598414,8.014730211856879,RightFoot,OpenPlay,SavedShot,0,0.0104889385402202,0
688631,31183,2026-08-22 14:00:00,Sunderland,Habib Diarra,away,93,0.745999984741211,0.6480000305175782,78.32999839782715,44.06400207519531,28.505668264915975,13.727466980040802,RightFoot,OpenPlay,BlockedShot,0,0.0153624014928936,0
688633,31184,2026-08-22 14:00:00,Nott'm Forest,Igor Jesus,home,16,0.9030000305175782,0.4829999923706055,94.8150032043457,32.84399948120117,10.250390086574829,39.11957056476172,Head,OpenPlay,SavedShot,0,0.0597473308444023,0
688636,31184,2026-08-22 14:00:00,Nott'm Forest,Morgan Gibbs-White,home,28,0.7430000305175781,0.64,78.0150032043457,43.52,28.61503891420511,13.779794729705552,RightFoot,SetPiece,MissedShots,0,0.0140003021806478,0
688637,31184,2026-08-22 14:00:00,Nott'm Forest,Nikola Milenkovic,home,32,0.9009999847412108,0.484000015258789,94.60499839782713,32.912001037597655,10.451784539080638,38.4463180224805,Head,OpenPlay,MissedShots,0,0.0463663414120674,0
688638,31184,2026-08-22 14:00:00,Nott'm Forest,Ola Aina,home,35,0.765,0.3240000152587891,80.325,22.032001037597656,27.424234249365348,13.74004443557105,LeftFoot,OpenPlay,SavedShot,0,0.0197952706366777,0
688639,31184,2026-08-22 14:00:00,Nott'm Forest,Nikola Milenkovic,home,40,0.905,0.489000015258789,95.025,33.25200103759765,10.003005920609809,40.11496355118975,Head,FromCorner,ShotOnPost,0,0.0774973928928375,0
688644,31184,2026-08-22 14:00:00,Nott'm Forest,Igor Jesus,home,54,0.933000030517578,0.53,97.96500320434569,36.04,7.324805793662136,51.983451718993116,Head,SetPiece,MissedShots,0,0.1359360367059707,0
688646,31184,2026-08-22 14:00:00,Nott'm Forest,Ibrahim Sangare,home,61,0.7119999694824218,0.4270000076293945,74.75999679565429,29.036000518798826,30.64472360208531,13.448202104982908,RightFoot,OpenPlay,MissedShots,0,0.0148224933072924,0
688647,31184,2026-08-22 14:00:00,Nott'm Forest,Ola Aina,home,62,0.759000015258789,0.31,79.69500160217285,21.08,28.41248570459886,13.133706178898858,RightFoot,OpenPlay,BlockedShot,0,0.017668368294835,0
688648,31184,2026-08-22 14:00:00,Nott'm Forest,Morgan Gibbs-White,home,63,0.8819999694824219,0.534000015258789,92.6099967956543,36.31200103759765,12.603869572538008,31.943343993621184,RightFoot,OpenPlay,MissedShots,0,0.0558714717626571,0
688649,31184,2026-08-22 14:00:00,Nott'm Forest,Chris Wood,home,64,0.8159999847412109,0.5170000076293946,85.67999839782715,35.156000518798834,19.354554996367774,21.38190549582153,RightFoot,OpenPlay,MissedShots,0,0.0588695593178272,0
688651,31184,2026-08-22 14:00:00,Nott'm Forest,Igor Jesus,home,73,0.9180000305175782,0.455,96.3900032043457,30.94,9.137595133358516,41.95790842598956,Head,FromCorner,BlockedShot,0,0.0825096294283866,0
688654,31184,2026-08-22 14:00:00,Nott'm Forest,Morgan Gibbs-White,home,92,0.7609999847412109,0.4709999847412109,79.90499839782714,32.02799896240234,25.172363685306642,16.497308914230064,RightFoot,DirectFreekick,MissedShots,0,0.0735972747206687,0
688632,31184,2026-08-22 14:00:00,Leeds,Anton Stach,away,0,0.7519999694824219,0.4809999847412109,78.95999679565429,32.70799896240234,26.072035470279037,15.96332480866252,RightFoot,OpenPlay,BlockedShot,0,0.0120504992082715,0
688634,31184,2026-08-22 14:00:00,Leeds,Joe Rodon,away,19,0.899000015258789,0.429000015258789,94.39500160217285,29.172001037597653,11.65227724519437,32.38794993102453,Head,OpenPlay,BlockedShot,0,0.0335895232856273,0
688635,31184,2026-08-22 14:00:00,Leeds,Jaka Bijol,away,19,0.968000030517578,0.3970000076293945,101.64000320434569,26.996000518798827,7.768242220700481,27.64820282497286,Head,OpenPlay,BlockedShot,0,0.0378367602825164,0
688640,31184,2026-08-22 14:00:00,Leeds,Jaka Bijol,away,45,0.8980000305175782,0.3920000076293945,94.29000320434571,26.656000518798827,12.98608331032911,26.793652962138435,LeftFoot,OpenPlay,BlockedShot,0,0.0453074015676975,0
688641,31184,2026-08-22 14:00:00,Leeds,Brenden Aaronson,away,46,0.7819999694824219,0.735,82.1099967956543,49.98,27.916171777214664,12.339834699629446,RightFoot,OpenPlay,SavedShot,0,0.0185040533542633,0
688642,31184,2026-08-22 14:00:00,Leeds,Dominic Calvert-Lewin,away,51,0.92,0.735999984741211,96.60000000000001,50.047998962402346,18.11348311886112,11.05542648158074,LeftFoot,OpenPlay,MissedShots,0,0.0461628437042236,0
688643,31184,2026-08-22 14:00:00,Leeds,Anton Stach,away,52,0.921999969482422,0.83,96.80999679565431,56.44,23.887857846345128,6.140627811435334,RightFoot,DirectFreekick,MissedShots,0,0.0592155344784259,0
688645,31184,2026-08-22 14:00:00,Leeds,Dominic Calvert-Lewin,away,55,0.740999984741211,0.5209999847412109,77.80499839782715,35.42799896240234,27.232467629262064,15.289109631860477,RightFoot,OpenPlay,BlockedShot,0,0.0163692459464073,0
688650,31184,2026-08-22 14:00:00,Leeds,Tarik Muharemovic,away,69,0.921999969482422,0.5279999923706055,96.80999679565431,35.90399948120117,8.408410462840578,46.29225062330545,Head,OpenPlay,SavedShot,0,0.0601546838879585,0
688652,31184,2026-08-22 14:00:00,Leeds,Dominic Calvert-Lewin,away,85,0.916999969482422,0.4209999847412109,96.28499679565431,28.627998962402344,10.237659693489814,34.90947673082067,LeftFoot,OpenPlay,BlockedShot,0,0.0978372022509574,0
688653,31184,2026-08-22 14:00:00,Leeds,Anton Stach,away,87,0.7930000305175782,0.8030000305175782,83.2650032043457,54.60400207519532,29.948872887335103,10.207936338914056,RightFoot,DirectFreekick,Goal,1,0.0392190665006637,0
688731,31185,2026-08-22 16:30:00,Brentford,Mathias Jensen,home,2,0.89,0.8490000152587891,93.45,57.732001037597655,26.39337745057529,7.054336648208547,RightFoot,DirectFreekick,BlockedShot,0,0.048717264086008,0
688732,31185,2026-08-22 16:30:00,Brentford,Keane Lewis-Potter,home,3,0.8109999847412109,0.4479999923706054,85.15499839782714,30.463999481201167,20.15756404576676,20.289164658423594,RightFoot,FromCorner,BlockedShot,0,0.0339069738984108,0
688733,31185,2026-08-22 16:30:00,Brentford,Nathan Collins,home,3,0.950999984741211,0.509000015258789,99.85499839782715,34.61200103759765,5.181272696585448,70.34687408615412,Head,FromCorner,MissedShots,0,0.485587477684021,1
688734,31185,2026-08-22 16:30:00,Brentford,Dango Ouattara,home,7,0.941999969482422,0.6790000152587891,98.90999679565431,46.17200103759765,13.610501397385002,14.542290376693213,Head,FromCorner,MissedShots,0,0.0093104746192693,0
688736,31185,2026-08-22 16:30:00,Brentford,Keane Lewis-Potter,home,11,0.925,0.494000015258789,97.125,33.592001037597655,7.885562006180751,49.75787903917467,RightFoot,OpenPlay,Goal,1,0.5437885522842407,1
688738,31185,2026-08-22 16:30:00,Brentford,Michael Kayode,home,28,0.89,0.4829999923706055,93.45,32.84399948120117,11.607705940428673,34.86688689596176,Head,SetPiece,MissedShots,0,0.0754970088601112,0
688739,31185,2026-08-22 16:30:00,Brentford,Mathias Jensen,home,32,0.7930000305175782,0.344000015258789,83.2650032043457,23.39200103759765,24.18552723620951,15.555555056625026,RightFoot,OpenPlay,SavedShot,0,0.0387292802333831,0
688740,31185,2026-08-22 16:30:00,Brentford,Vitaly Janelt,home,32,0.9130000305175782,0.4640000152587891,95.86500320434571,31.55200103759766,9.457318085828406,41.32583531574972,RightFoot,OpenPlay,Goal,1,0.4441548585891723,1
688741,31185,2026-08-22 16:30:00,Brentford,Michael Kayode,home,35,0.8959999847412109,0.42,94.07999839782714,28.56,12.200001434076057,30.54756894942441,Head,OpenPlay,BlockedShot,0,0.0178575068712234,0
688743,31185,2026-08-22 16:30:00,Brentford,Dango Ouattara,home,42,0.7430000305175781,0.435,78.0150032043457,29.58,27.344587253448765,15.055808079214996,LeftFoot,OpenPlay,MissedShots,0,0.0204527284950017,0
688744,31185,2026-08-22 16:30:00,Brentford,Michael Kayode,home,44,0.919000015258789,0.469000015258789,96.49500160217285,31.89200103759765,8.762343143961653,44.486307084695056,Head,OpenPlay,MissedShots,0,0.0553391054272651,0
688745,31185,2026-08-22 16:30:00,Brentford,Kevin Schade,home,47,0.95,0.3820000076293945,99.75,25.976000518798827,9.588903361402528,26.06942346385451,RightFoot,OpenPlay,BlockedShot,0,0.1102980002760887,0
688746,31185,2026-08-22 16:30:00,Brentford,Mamadou Sangaré,home,47,0.8569999694824219,0.55,89.9849967956543,37.400000000000006,15.39513953254441,26.17477464925142,LeftFoot,FromCorner,SavedShot,0,0.0391997434198856,0
688747,31185,2026-08-22 16:30:00,Brentford,Michael Kayode,home,48,0.9619999694824218,0.4779999923706055,101.00999679565429,32.50399948120117,4.261237276066121,80.73870636975009,RightFoot,FromCorner,Goal,1,0.667422354221344,1
688750,31185,2026-08-22 16:30:00,Brentford,Kevin Schade,home,52,0.8569999694824219,0.5629999923706055,89.9849967956543,38.28399948120117,15.614191390572989,25.502257558652584,RightFoot,OpenPlay,MissedShots,0,0.0843982249498367,0
688751,31185,2026-08-22 16:30:00,Brentford,Vitaly Janelt,home,52,0.8930000305175781,0.6580000305175782,93.7650032043457,44.74400207519531,15.545376598531265,19.813418278120455,LeftFoot,OpenPlay,BlockedShot,0,0.0438849031925201,0
688752,31185,2026-08-22 16:30:00,Brentford,Thiago,home,54,0.885,0.5,92.925,34.0,12.075000000000003,33.72469903927551,RightFoot,Penalty,ShotOnPost,0,0.7611688375473022,1
688755,31185,2026-08-22 16:30:00,Brentford,Kevin Schade,home,68,0.87,0.5790000152587891,91.35,39.372001037597656,14.669045475011332,26.3432272288617,Head,OpenPlay,SavedShot,0,0.0234020836651325,0
688756,31185,2026-08-22 16:30:00,Brentford,Jaidon Anthony,home,75,0.805,0.4979999923706055,84.525,33.863999481201176,20.47545167123581,20.268832963825183,LeftFoot,FromCorner,MissedShots,0,0.0161793027073144,0
688757,31185,2026-08-22 16:30:00,Brentford,Thiago,home,76,0.933000030517578,0.4590000152587891,97.96500320434569,31.21200103759766,7.567305869939639,49.57301553563831,LeftFoot,OpenPlay,MissedShots,0,0.1450777351856231,0
688758,31185,2026-08-22 16:30:00,Brentford,Nathan Collins,home,77,0.9159999847412108,0.4,96.17999839782713,27.200000000000003,11.136984702437724,30.26581087542877,Head,OpenPlay,BlockedShot,0,0.0187356136739254,0
688760,31185,2026-08-22 16:30:00,Brentford,Kristoffer Ajer,home,84,0.965,0.5559999847412109,101.325,37.807998962402344,5.29211499286035,61.492055810111644,Head,FromCorner,SavedShot,0,0.0753327682614326,0
688762,31185,2026-08-22 16:30:00,Brentford,Kevin Schade,home,87,0.8980000305175782,0.4270000076293945,94.29000320434571,29.036000518798826,11.8044619619994,31.90012428524285,RightFoot,OpenPlay,SavedShot,0,0.1435260325670242,0
688763,31185,2026-08-22 16:30:00,Brentford,Callum Wilson,home,90,0.963000030517578,0.3420000076293945,101.11500320434568,23.256000518798825,11.424829318387886,13.646745091564945,RightFoot,OpenPlay,BlockedShot,0,0.0846927389502525,0
688764,31185,2026-08-22 16:30:00,Brentford,Kevin Schade,home,90,0.9519999694824218,0.4659999847412109,99.95999679565429,31.687998962402343,5.544996041267086,64.81152566205363,Head,FromCorner,MissedShots,0,0.0743473544716835,0
688765,31185,2026-08-22 16:30:00,Brentford,Yehor Yarmolyuk,home,92,0.82,0.364000015258789,86.1,24.75200103759765,21.041280493558254,17.860716480736702,RightFoot,FromCorner,MissedShots,0,0.0276122987270355,0
688735,31185,2026-08-22 16:30:00,Tottenham,Conor Gallagher,away,9,0.7190000152587891,0.6329999923706054,75.49500160217285,43.04399948120117,30.859987962922958,12.953902708614521,RightFoot,OpenPlay,MissedShots,0,0.0167681723833084,0
688737,31185,2026-08-22 16:30:00,Tottenham,Mathys Tel,away,14,0.7190000152587891,0.6370000076293946,75.49500160217285,43.31600051879883,30.940795014382594,12.887663629578055,RightFoot,DirectFreekick,BlockedShot,0,0.03921889513731,0
688742,31185,2026-08-22 16:30:00,Tottenham,Sandro Tonali,away,39,0.795,0.4640000152587891,83.47500000000001,31.55200103759766,21.66375599751628,19.06471250279464,RightFoot,OpenPlay,MissedShots,0,0.0170009192079305,0
688748,31185,2026-08-22 16:30:00,Tottenham,Mikey Moore,away,49,0.8769999694824219,0.364000015258789,92.08499679565429,24.75200103759765,15.884671623198725,21.58753061697657,RightFoot,OpenPlay,SavedShot,0,0.0878963097929954,0
688749,31185,2026-08-22 16:30:00,Tottenham,Mikey Moore,away,51,0.899000015258789,0.3359999847412109,94.39500160217285,22.84799896240234,15.389383293702695,19.1586900824716,RightFoot,OpenPlay,SavedShot,0,0.2465199083089828,1
688753,31185,2026-08-22 16:30:00,Tottenham,Sandro Tonali,away,58,0.715,0.644000015258789,75.075,43.79200103759766,31.48632892733469,12.62474897685169,RightFoot,OpenPlay,SavedShot,0,0.0097628664225339,0
688754,31185,2026-08-22 16:30:00,Tottenham,Mikey Moore,away,61,0.916999969482422,0.3160000038146973,96.28499679565431,21.488000259399413,15.24799719178046,16.23319966634623,RightFoot,OpenPlay,SavedShot,0,0.2751875221729278,1
688759,31185,2026-08-22 16:30:00,Tottenham,Mathys Tel,away,81,0.745999984741211,0.5,78.32999839782715,34.0,26.670001602172846,15.628105453649017,LeftFoot,OpenPlay,MissedShots,0,0.0221979115158319,0
688761,31185,2026-08-22 16:30:00,Tottenham,Dominic Solanke,away,86,0.84,0.6,88.2,40.8,18.124017214734703,21.320474137284215,LeftFoot,OpenPlay,BlockedShot,0,0.0417319573462009,0
689207,31186,2026-08-23 13:00:00,Brighton,Maxim De Cuyper,home,7,0.9359999847412108,0.2970000076293945,98.27999839782714,20.196000518798826,15.352811573461327,12.476601174502813,RightFoot,OpenPlay,ShotOnPost,0,0.3025970757007599,1
689210,31186,2026-08-23 13:00:00,Brighton,Maxim De Cuyper,home,17,0.975,0.5079999923706054,102.375,34.54399948120117,2.6807760882899454,107.90746197451644,LeftFoot,OpenPlay,Goal,1,0.9075709581375122,1
689211,31186,2026-08-23 13:00:00,Brighton,Georginio Rutter,home,23,0.7609999847412109,0.285,79.90499839782714,19.38,29.043131811377684,12.477953631906075,RightFoot,OpenPlay,MissedShots,0,0.0165679361671209,0
689212,31186,2026-08-23 13:00:00,Brighton,Jack Hinshelwood,home,29,0.975,0.5220000076293946,102.375,35.49600051879883,3.021364352779447,102.52016199364158,Head,OpenPlay,Goal,1,0.79644775390625,1
689213,31186,2026-08-23 13:00:00,Brighton,Jack Hinshelwood,home,30,0.8869999694824219,0.5609999847412109,93.1349967956543,38.14799896240234,12.56917644204363,30.992496393366373,RightFoot,OpenPlay,Goal,1,0.4964374303817749,1
689214,31186,2026-08-23 13:00:00,Brighton,Yasin Ayari,home,41,0.7909999847412109,0.4659999847412109,83.05499839782715,31.687998962402343,22.066455177876254,18.73857160024719,RightFoot,OpenPlay,BlockedShot,0,0.0367711074650287,0
689215,31186,2026-08-23 13:00:00,Brighton,Mats Wieffer,home,41,0.8330000305175781,0.3929999923706054,87.4650032043457,26.72399948120117,18.984633158772578,20.298449341612653,RightFoot,OpenPlay,MissedShots,0,0.0813549607992172,0
689216,31186,2026-08-23 13:00:00,Brighton,Maxim De Cuyper,home,42,0.8180000305175781,0.56,85.8900032043457,38.080000000000005,19.540685185783982,20.79006445529022,LeftFoot,OpenPlay,MissedShots,0,0.0755562484264373,0
689217,31186,2026-08-23 13:00:00,Brighton,Maxim De Cuyper,home,43,0.874000015258789,0.6519999694824219,91.77000160217284,44.33599792480469,16.78885674213929,19.83558621819628,LeftFoot,OpenPlay,BlockedShot,0,0.0938028320670127,0
689218,31186,2026-08-23 13:00:00,Brighton,Diego Gómez,home,44,0.88,0.55,92.4,37.400000000000006,13.050670480860356,30.444797346174123,RightFoot,OpenPlay,SavedShot,0,0.100886195898056,0
689219,31186,2026-08-23 13:00:00,Brighton,Luka Vuskovic,home,48,0.6919999694824219,0.539000015258789,72.65999679565431,36.65200103759766,32.448558007413965,12.829200458056325,RightFoot,OpenPlay,MissedShots,0,0.0139982849359512,0
689220,31186,2026-08-23 13:00:00,Brighton,Yasin Ayari,home,50,0.8719999694824219,0.5570000076293945,91.5599967956543,37.876000518798826,13.98774700066281,28.359220218555517,RightFoot,FromCorner,MissedShots,0,0.0457170158624649,0
689222,31186,2026-08-23 13:00:00,Brighton,Luka Vuskovic,home,53,0.97,0.4229999923706055,101.85,28.76399948120117,6.11049927852558,43.92175964245758,LeftFoot,FromCorner,MissedShots,0,0.3531570434570312,1
689223,31186,2026-08-23 13:00:00,Brighton,Diego Gómez,home,56,0.924000015258789,0.3520000076293945,97.02000160217285,23.936000518798824,12.843849111031371,21.076316978157323,RightFoot,OpenPlay,SavedShot,0,0.1103139445185661,0
689224,31186,2026-08-23 13:00:00,Brighton,Jack Hinshelwood,home,57,0.8769999694824219,0.499000015258789,92.08499679565429,33.93200103759765,12.915182214244895,31.643769046442188,RightFoot,OpenPlay,BlockedShot,0,0.1085255146026611,0
689225,31186,2026-08-23 13:00:00,Brighton,Georginio Rutter,home,60,0.9180000305175782,0.655,96.3900032043457,44.54,13.60968937269243,20.142640355252922,RightFoot,FromCorner,MissedShots,0,0.0528862066566944,0
689226,31186,2026-08-23 13:00:00,Brighton,Costinha,home,64,0.76,0.4590000152587891,79.8,31.21200103759766,25.353755899557697,16.334333429984547,RightFoot,OpenPlay,ShotOnPost,0,0.023927055299282,0
689228,31186,2026-08-23 13:00:00,Brighton,Diego Gómez,home,70,0.7319999694824219,0.3909999847412109,76.8599967956543,26.58799896240234,29.099785905087604,13.883070929335915,RightFoot,OpenPlay,MissedShots,0,0.0204671546816825,0
689229,31186,2026-08-23 13:00:00,Brighton,Charalampos Kostoulas,home,76,0.8680000305175781,0.4009999847412109,91.1400032043457,27.26799896240234,15.408418126003829,24.36467296750081,RightFoot,OpenPlay,MissedShots,0,0.0543114729225635,0
689230,31186,2026-08-23 13:00:00,Brighton,Costinha,home,89,0.87,0.509000015258789,91.35,34.61200103759765,13.66371271909728,29.965860014971287,Head,OpenPlay,SavedShot,0,0.0280558001250028,0
689231,31186,2026-08-23 13:00:00,Brighton,Charalampos Kostoulas,home,93,0.9080000305175782,0.5609999847412109,95.3400032043457,38.14799896240234,10.512917458257823,36.05599453060186,Head,OpenPlay,MissedShots,0,0.2839152812957763,1
689204,31186,2026-08-23 13:00:00,Aston Villa,Emiliano Buendía,away,3,0.7719999694824219,0.5529999923706055,81.0599967956543,37.60399948120117,24.20976178496147,17.01314397488758,RightFoot,SetPiece,MissedShots,0,0.0201286356896162,0
689205,31186,2026-08-23 13:00:00,Aston Villa,Emiliano Buendía,away,4,0.8230000305175781,0.3609999847412109,86.4150032043457,24.547998962402342,20.85047792040336,17.89394871290693,LeftFoot,OpenPlay,MissedShots,0,0.0454123355448246,0
689206,31186,2026-08-23 13:00:00,Aston Villa,Emiliano Buendía,away,6,0.88,0.6630000305175782,92.4,45.084002075195315,16.78139153952776,18.97643420790891,LeftFoot,OpenPlay,MissedShots,0,0.0519704781472682,0
689208,31186,2026-08-23 13:00:00,Aston Villa,Victor Lindelöf,away,7,0.015,0.5359999847412109,1.575,36.447998962402345,103.45396717342416,4.051205364121684,OtherBodyPart,OpenPlay,OwnGoal,0,0.0,0
689209,31186,2026-08-23 13:00:00,Aston Villa,John McGinn,away,16,0.7959999847412109,0.385,83.57999839782714,26.18,22.802825891478623,17.198326924421483,LeftFoot,OpenPlay,MissedShots,0,0.0346206352114677,0
689221,31186,2026-08-23 13:00:00,Aston Villa,Ian Maatsen,away,51,0.7859999847412109,0.6480000305175782,82.52999839782714,44.06400207519531,24.620826748328057,15.507658345295482,LeftFoot,OpenPlay,MissedShots,0,0.0254403371363878,0
689227,31186,2026-08-23 13:00:00,Aston Villa,Ross Barkley,away,67,0.955999984741211,0.5779999923706055,100.37999839782715,39.303999481201174,7.03397649275728,43.14585007913869,Head,FromCorner,MissedShots,0,0.0976761132478714,0
689232,31187,2026-08-23 13:00:00,Man City,Rico Lewis,home,3,0.965999984741211,0.3890000152587891,101.42999839782715,26.452001037597658,8.349682615282065,24.890621612927216,RightFoot,OpenPlay,SavedShot,0,0.3493589162826538,1
689233,31187,2026-08-23 13:00:00,Man City,Nico O'Reilly,home,4,0.960999984741211,0.6129999923706054,100.90499839782716,41.68399948120117,8.707059558134306,25.65228093027258,Head,FromCorner,MissedShots,0,0.1630208939313888,0
689234,31187,2026-08-23 13:00:00,Man City,Phil Foden,home,7,0.911999969482422,0.3659999847412109,95.75999679565432,24.887998962402342,12.977142294261062,23.573409756158515,LeftFoot,OpenPlay,BlockedShot,0,0.0556046552956104,0
689237,31187,2026-08-23 13:00:00,Man City,Erling Haaland,home,32,0.8190000152587891,0.4809999847412109,85.99500160217285,32.70799896240234,19.048864291147808,21.706810422842313,LeftFoot,OpenPlay,BlockedShot,0,0.0481747947633266,0
689238,31187,2026-08-23 13:00:00,Man City,Erling Haaland,home,38,0.889000015258789,0.479000015258789,93.34500160217284,32.57200103759765,11.74215349456716,34.42493420796572,Head,OpenPlay,SavedShot,0,0.0266998689621686,0
689241,31187,2026-08-23 13:00:00,Man City,Erling Haaland,home,43,0.914000015258789,0.495,95.97000160217284,33.66,9.03639701788058,44.078436438196626,LeftFoot,FromCorner,MissedShots,0,0.1113013327121734,0
689242,31187,2026-08-23 13:00:00,Man City,Marc Guehi,home,50,0.975999984741211,0.46,102.47999839782715,31.28,3.7079385209242273,88.90304631767827,Head,FromCorner,MissedShots,0,0.532733678817749,1
689243,31187,2026-08-23 13:00:00,Man City,Antoine Semenyo,home,66,0.926999969482422,0.6769999694824219,97.33499679565432,46.03599792480469,14.269461102947524,16.43394139613999,LeftFoot,OpenPlay,SavedShot,0,0.0513458102941513,0
689244,31187,2026-08-23 13:00:00,Man City,Phil Foden,home,67,0.8219999694824218,0.36,86.30999679565429,24.48,20.974904523702918,17.782983739589188,LeftFoot,OpenPlay,BlockedShot,0,0.0453963465988636,0
689245,31187,2026-08-23 13:00:00,Man City,Erling Haaland,home,71,0.895,0.610999984741211,93.97500000000001,41.547998962402346,13.361246698434496,26.046239243225564,LeftFoot,OpenPlay,MissedShots,0,0.0876687243580818,0
689246,31187,2026-08-23 13:00:00,Man City,Erling Haaland,home,74,0.9180000305175782,0.4620000076293945,96.3900032043457,31.41600051879883,8.989388084849,43.07313658023997,RightFoot,OpenPlay,SavedShot,0,0.4801578819751739,1
689248,31187,2026-08-23 13:00:00,Man City,Marc Guehi,home,83,0.9290000152587892,0.5170000076293946,97.54500160217286,35.156000518798834,7.544092941571464,51.42911929446954,Head,FromCorner,Goal,1,0.1141254007816314,0
689249,31187,2026-08-23 13:00:00,Man City,Josko Gvardiol,home,90,0.8919999694824219,0.4579999923706054,93.6599967956543,31.143999481201167,11.694118677264658,33.937257417566734,RightFoot,OpenPlay,Goal,1,0.4088468253612518,1
689235,31187,2026-08-23 13:00:00,Bournemouth,Rayan,away,13,0.9230000305175782,0.3290000152587891,96.91500320434571,22.372001037597656,14.162539781245812,17.545632348168986,RightFoot,OpenPlay,SavedShot,0,0.0670793354511261,0
689236,31187,2026-08-23 13:00:00,Bournemouth,Marcus Tavernier,away,25,0.9259999847412108,0.57,97.22999839782713,38.76,9.11210869655147,39.24126126022801,LeftFoot,OpenPlay,Goal,1,0.4407866895198822,1
689239,31187,2026-08-23 13:00:00,Bournemouth,Marcus Tavernier,away,39,0.745999984741211,0.425,78.32999839782715,28.9,27.153249998110763,15.092643267078383,LeftFoot,OpenPlay,MissedShots,0,0.0385570153594017,0
689240,31187,2026-08-23 13:00:00,Bournemouth,Justin Kluivert,away,40,0.855,0.6320000076293946,89.77499999999999,42.97600051879883,17.673969851549398,20.443711663988594,RightFoot,OpenPlay,SavedShot,0,0.0786404460668563,0
689247,31187,2026-08-23 13:00:00,Bournemouth,Daniel Jebbison,away,78,0.901999969482422,0.5540000152587891,94.7099967956543,37.67200103759765,10.925555252048424,35.40442953814206,Head,SetPiece,SavedShot,0,0.0824772268533706,0
689362,31188,2026-08-23 15:30:00,Newcastle,Anthony Elanga,home,4,0.8569999694824219,0.3279999923706054,89.9849967956543,22.303999481201167,19.03278091510156,17.487671287727096,RightFoot,OpenPlay,Goal,1,0.2569243609905243,1
689365,31188,2026-08-23 15:30:00,Newcastle,Yoane Wissa,home,11,0.695,0.5659999847412109,72.975,38.487998962402344,32.337946126594446,12.793639228015952,LeftFoot,OpenPlay,MissedShots,0,0.0138255469501018,0
689368,31188,2026-08-23 15:30:00,Newcastle,Amar Dedic,home,21,0.936999969482422,0.2820000076293945,98.38499679565432,19.176000518798823,16.232967319999027,10.95687441337706,RightFoot,OpenPlay,BlockedShot,0,0.0579833500087261,0
689372,31188,2026-08-23 15:30:00,Newcastle,William Osula,home,30,0.7119999694824218,0.485,74.75999679565429,32.98,30.257200693369487,13.78677183598572,RightFoot,DirectFreekick,BlockedShot,0,0.0426560901105403,0
689373,31188,2026-08-23 15:30:00,Newcastle,William Osula,home,31,0.7559999847412109,0.515,79.37999839782714,35.02,25.64029801104777,16.235320771331754,LeftFoot,SetPiece,BlockedShot,0,0.0163018330931663,0
689375,31188,2026-08-23 15:30:00,Newcastle,Yoane Wissa,home,43,0.795,0.2710000038146972,83.47500000000001,18.428000259399408,26.56713761249534,12.819644111803866,RightFoot,OpenPlay,MissedShots,0,0.0247930884361267,0
689379,31188,2026-08-23 15:30:00,Newcastle,Lewis Miley,home,47,0.7980000305175782,0.6,83.79000320434571,40.8,22.273391391336553,17.82974502348207,RightFoot,OpenPlay,MissedShots,0,0.0498530454933643,0
689385,31188,2026-08-23 15:30:00,Newcastle,Joe Willock,home,56,0.8219999694824218,0.63,86.30999679565429,42.84,20.675149812720903,18.283972324364388,RightFoot,OpenPlay,Goal,1,0.0722352340817451,0
689388,31188,2026-08-23 15:30:00,Newcastle,Yoane Wissa,home,66,0.9490000152587892,0.5179999923706055,99.64500160217287,35.22399948120117,5.493103182237875,66.82711498232544,RightFoot,OpenPlay,MissedShots,0,0.6304523944854736,1
689389,31188,2026-08-23 15:30:00,Newcastle,Anthony Elanga,home,67,0.7719999694824219,0.2760000038146972,81.0599967956543,18.768000259399408,28.37494615892229,12.480399122863577,LeftFoot,OpenPlay,SavedShot,0,0.024337962269783,0
689391,31188,2026-08-23 15:30:00,Newcastle,Jacob Ramsey,home,69,0.85,0.5370000076293945,89.25,36.516000518798826,15.949694624368078,25.56586419291603,LeftFoot,OpenPlay,MissedShots,0,0.0904521122574806,0
689395,31188,2026-08-23 15:30:00,Newcastle,Yoane Wissa,home,85,0.8959999847412109,0.3820000076293945,94.07999839782714,25.976000518798827,13.551051718068768,25.152507108310747,RightFoot,OpenPlay,SavedShot,0,0.3008303940296173,1
689397,31188,2026-08-23 15:30:00,Newcastle,Harvey Barnes,home,89,0.8340000152587891,0.65,87.57000160217285,44.2,20.195168831882963,17.924192726908398,RightFoot,OpenPlay,BlockedShot,0,0.0602452978491783,0
689361,31188,2026-08-23 15:30:00,Liverpool,Florian Wirtz,away,1,0.855,0.4209999847412109,89.77499999999999,28.627998962402344,16.144937910935134,24.26212513014965,RightFoot,OpenPlay,BlockedShot,0,0.0932812988758087,0
689363,31188,2026-08-23 15:30:00,Liverpool,Virgil van Dijk,away,8,0.9309999847412108,0.5109999847412109,97.75499839782714,34.74799896240234,7.283512247758106,53.213932909862244,Head,SetPiece,BlockedShot,0,0.0573056153953075,0
689364,31188,2026-08-23 15:30:00,Liverpool,Cody Gakpo,away,8,0.889000015258789,0.6370000076293946,93.34500160217284,43.31600051879883,14.920685417219065,22.18330655825322,LeftFoot,FromCorner,BlockedShot,0,0.0556577555835247,0
689366,31188,2026-08-23 15:30:00,Liverpool,Florian Wirtz,away,17,0.879000015258789,0.6359999847412109,92.29500160217285,43.24799896240234,15.71440323707475,21.712918243251384,LeftFoot,OpenPlay,SavedShot,0,0.0553515143692493,0
689367,31188,2026-08-23 15:30:00,Liverpool,Milos Kerkez,away,17,0.7959999847412109,0.745,83.57999839782714,50.66,27.136176382038197,12.236439564177271,LeftFoot,FromCorner,MissedShots,0,0.0224274657666683,0
689369,31188,2026-08-23 15:30:00,Liverpool,Dominik Szoboszlai,away,25,0.6769999694824219,0.3370000076293945,71.0849967956543,22.91600051879883,35.680281485017,11.14891806667457,RightFoot,DirectFreekick,BlockedShot,0,0.0277287662029266,0
689370,31188,2026-08-23 15:30:00,Liverpool,Cody Gakpo,away,26,0.8030000305175782,0.6819999694824219,84.31500320434571,46.37599792480469,24.10465550616723,14.935547014283893,RightFoot,OpenPlay,BlockedShot,0,0.0271535851061344,0
689371,31188,2026-08-23 15:30:00,Liverpool,Milos Kerkez,away,28,0.7330000305175781,0.6580000305175782,76.9650032043457,44.74400207519531,30.023234767828527,13.012584538073211,LeftFoot,OpenPlay,SavedShot,0,0.0158837977796793,0
689374,31188,2026-08-23 15:30:00,Liverpool,Ryan Gravenberch,away,40,0.7319999694824219,0.5409999847412109,76.8599967956543,36.78799896240234,28.277777822080413,14.680865184856053,RightFoot,OpenPlay,BlockedShot,0,0.0152013404294848,0
689376,31188,2026-08-23 15:30:00,Liverpool,Alexander Isak,away,46,0.988000030517578,0.4620000076293945,103.7400032043457,31.41600051879883,2.8748296025863924,119.08766973088095,Head,FromCorner,BlockedShot,0,0.5037542581558228,1
689377,31188,2026-08-23 15:30:00,Liverpool,Alexander Isak,away,46,0.988000030517578,0.4720000076293945,103.7400032043457,32.096000518798824,2.2831570137582426,131.5794099456733,Head,FromCorner,SavedShot,0,0.7861687541007996,1
689378,31188,2026-08-23 15:30:00,Liverpool,Florian Wirtz,away,46,0.8719999694824219,0.4659999847412109,91.5599967956543,31.687998962402343,13.637413058592724,29.685211288271642,RightFoot,FromCorner,BlockedShot,0,0.0764011815190315,0
689380,31188,2026-08-23 15:30:00,Liverpool,Cody Gakpo,away,52,0.7719999694824219,0.620999984741211,81.0599967956543,42.227998962402346,25.31449624917266,15.605061109432812,RightFoot,OpenPlay,MissedShots,0,0.0242525562644004,0
689381,31188,2026-08-23 15:30:00,Liverpool,Cody Gakpo,away,54,0.71,0.3559999847412109,74.55,24.207998962402343,31.985712190293867,12.448664776742595,RightFoot,OpenPlay,Goal,1,0.0148727931082248,0
689382,31188,2026-08-23 15:30:00,Liverpool,Rio Ngumoha,away,56,0.850999984741211,0.3279999923706054,89.35499839782715,22.303999481201167,19.53362493926137,17.278745276339965,LeftFoot,OpenPlay,BlockedShot,0,0.0507392734289169,0
689383,31188,2026-08-23 15:30:00,Liverpool,Cody Gakpo,away,56,0.870999984741211,0.539000015258789,91.45499839782715,36.65200103759766,13.802180186705431,29.24164629364643,LeftFoot,OpenPlay,BlockedShot,0,0.0838644355535507,0
689384,31188,2026-08-23 15:30:00,Liverpool,Ryan Gravenberch,away,56,0.789000015258789,0.4520000076293945,82.84500160217284,30.73600051879883,22.39414313210053,18.379350956715758,LeftFoot,OpenPlay,BlockedShot,0,0.0404612980782985,0
689386,31188,2026-08-23 15:30:00,Liverpool,Cody Gakpo,away,59,0.77,0.6480000305175782,80.85000000000001,44.06400207519531,26.163077757969056,14.757122254196528,RightFoot,OpenPlay,MissedShots,0,0.0199996493756771,0
689387,31188,2026-08-23 15:30:00,Liverpool,Virgil van Dijk,away,65,0.924000015258789,0.654000015258789,97.02000160217285,44.47200103759766,13.16598572689376,20.06242483765855,RightFoot,SetPiece,SavedShot,0,0.0656249970197677,0
689390,31188,2026-08-23 15:30:00,Liverpool,Alexander Isak,away,68,0.8619999694824219,0.5270000076293946,90.50999679565429,35.83600051879883,14.60585809759148,27.946184358090594,LeftFoot,OpenPlay,MissedShots,0,0.0866192802786827,0
689392,31188,2026-08-23 15:30:00,Liverpool,Víctor Muñoz,away,77,0.904000015258789,0.3070000076293945,94.92000160217285,20.876000518798826,16.548284807881654,15.817439524420692,RightFoot,OpenPlay,BlockedShot,0,0.026911349967122,0
689393,31188,2026-08-23 15:30:00,Liverpool,Dominik Szoboszlai,away,79,0.7230000305175781,0.6140000152587891,75.9150032043457,41.75200103759766,30.100341504543373,13.414973474822034,RightFoot,DirectFreekick,BlockedShot,0,0.0426426418125629,0
689394,31188,2026-08-23 15:30:00,Liverpool,Alexander Isak,away,84,0.8980000305175782,0.519000015258789,94.29000320434571,35.29200103759766,10.787645620990643,37.282108064411666,Head,OpenPlay,SavedShot,0,0.0341177210211753,0
689396,31188,2026-08-23 15:30:00,Liverpool,Víctor Muñoz,away,85,0.914000015258789,0.315,95.97000160217284,21.42,15.485388954261401,16.275542512174923,RightFoot,OpenPlay,BlockedShot,0,0.0824937745928764,0
689398,31188,2026-08-23 15:30:00,Liverpool,Lewis Koumas,away,90,0.9009999847412108,0.76,94.60499839782713,51.68,20.509472404456837,10.583413099929135,LeftFoot,OpenPlay,BlockedShot,0,0.0520099736750125,0
689399,31188,2026-08-23 15:30:00,Liverpool,Jeremie Frimpong,away,91,0.7369999694824219,0.33,77.38499679565429,22.44,29.93696714725832,12.89676779254474,LeftFoot,FromCorner,BlockedShot,0,0.0134936962276697,0
689400,31188,2026-08-23 15:30:00,Liverpool,Dominik Szoboszlai,away,98,0.885,0.5,92.925,34.0,12.075000000000003,33.72469903927551,RightFoot,Penalty,Goal,1,0.7611688375473022,1
689753,31189,2026-08-24 19:00:00,Fulham,Joshua King,home,19,0.7619999694824219,0.3570000076293945,80.0099967956543,24.276000518798824,26.81522750348408,14.532760019934022,RightFoot,OpenPlay,SavedShot,0,0.0221200175583362,0
689754,31189,2026-08-24 19:00:00,Fulham,César Palacios,home,20,0.8109999847412109,0.5259999847412109,85.15499839782714,35.767998962402345,19.92360180593105,20.743426810043058,RightFoot,FromCorner,MissedShots,0,0.03983810916543,0
689755,31189,2026-08-24 19:00:00,Fulham,Sander Berge,home,21,0.830999984741211,0.34,87.25499839782715,23.12,20.814886064091656,17.190513981487904,RightFoot,OpenPlay,BlockedShot,0,0.0369189530611038,0
689756,31189,2026-08-24 19:00:00,Fulham,Joshua King,home,22,0.889000015258789,0.29,93.34500160217284,19.72,18.432508989645267,14.649919891957238,RightFoot,OpenPlay,Goal,1,0.048884131014347,0
689757,31189,2026-08-24 19:00:00,Fulham,César Palacios,home,26,0.9209999847412108,0.5509999847412109,96.70499839782714,37.46799896240234,8.990776850933074,41.998846700785045,RightFoot,OpenPlay,BlockedShot,0,0.1201341897249221,0
689758,31189,2026-08-24 19:00:00,Fulham,Gonzalo García,home,26,0.914000015258789,0.4859999847412109,95.97000160217284,33.047998962402346,9.080042788464603,43.74873732853303,RightFoot,OpenPlay,BlockedShot,0,0.1412597000598907,0
689764,31189,2026-08-24 19:00:00,Fulham,Calvin Bassey,home,38,0.7519999694824219,0.3879999923706054,78.95999679565429,26.383999481201165,27.130890711229497,14.775540614681855,LeftFoot,OpenPlay,BlockedShot,0,0.0178664028644561,0
689770,31189,2026-08-24 19:00:00,Fulham,Timothy Castagne,home,53,0.8880000305175781,0.4329999923706055,93.24000320434571,29.443999481201175,12.611687649204379,30.58269933180513,LeftFoot,OpenPlay,SavedShot,0,0.0721329897642135,0
689771,31189,2026-08-24 19:00:00,Fulham,Gonzalo García,home,53,0.955,0.484000015258789,100.27499999999999,32.912001037597655,4.848645866856916,73.70027446427716,Head,OpenPlay,Goal,1,0.6358720660209656,1
689773,31189,2026-08-24 19:00:00,Fulham,Joshua King,home,71,0.8180000305175781,0.615999984741211,85.8900032043457,41.88799896240235,20.67395717226816,18.66872782346753,RightFoot,OpenPlay,MissedShots,0,0.0477439239621162,0
689774,31189,2026-08-24 19:00:00,Fulham,Antonee Robinson,home,77,0.8080000305175781,0.5679999923706055,84.84000320434569,38.623999481201174,20.683492016652814,19.60073264097692,RightFoot,OpenPlay,MissedShots,0,0.2031559944152832,1
689775,31189,2026-08-24 19:00:00,Fulham,Ryan Sessegnon,home,83,0.953000030517578,0.6880000305175781,100.06500320434569,46.78400207519531,13.703463154681605,11.703115130519226,LeftFoot,OpenPlay,SavedShot,0,0.0380625538527965,0
689776,31189,2026-08-24 19:00:00,Fulham,Gonzalo García,home,92,0.75,0.51,78.75,34.68,26.25880614194027,15.864683466122568,RightFoot,OpenPlay,BlockedShot,0,0.0233231913298368,0
689778,31189,2026-08-24 19:00:00,Fulham,Rodrigo Muniz,home,94,0.7340000152587891,0.5820000076293945,77.07000160217285,39.57600051879883,28.481162060005065,14.373871061795898,RightFoot,OpenPlay,SavedShot,0,0.0156241785734891,0
689747,31189,2026-08-24 19:00:00,Chelsea,João Pedro,away,0,0.8719999694824219,0.3970000076293945,91.5599967956543,26.996000518798827,15.155516977836454,24.458294667581942,RightFoot,OpenPlay,Goal,1,0.4277187585830688,1
689748,31189,2026-08-24 19:00:00,Chelsea,Morgan Rogers,away,3,0.7580000305175781,0.4870000076293945,79.5900032043457,33.11600051879883,25.42536906788032,16.373618938583753,RightFoot,OpenPlay,BlockedShot,0,0.0371079184114933,0
689749,31189,2026-08-24 19:00:00,Chelsea,Reece James,away,3,0.82,0.3940000152587891,86.1,26.792001037597657,20.227833523192576,19.26794046326736,RightFoot,FromCorner,BlockedShot,0,0.0170089080929756,0
689750,31189,2026-08-24 19:00:00,Chelsea,Levi Colwill,away,5,0.8880000305175781,0.7469999694824219,93.24000320434571,50.79599792480469,20.50373309726408,11.942215617187374,LeftFoot,OpenPlay,BlockedShot,0,0.0462870895862579,0
689751,31189,2026-08-24 19:00:00,Chelsea,Cole Palmer,away,7,0.9209999847412108,0.2789999961853027,96.70499839782714,18.971999740600584,17.16530930034642,12.182585177471012,RightFoot,OpenPlay,SavedShot,0,0.0856238976120948,0
689752,31189,2026-08-24 19:00:00,Chelsea,Cole Palmer,away,18,0.855999984741211,0.455,89.87999839782715,30.94,15.426537150304002,26.23493621355806,LeftFoot,OpenPlay,BlockedShot,0,0.1077765673398971,0
689759,31189,2026-08-24 19:00:00,Chelsea,João Pedro,away,29,0.894000015258789,0.4929999923706055,93.87000160217285,33.52399948120117,11.1401723877834,36.3499184753459,RightFoot,OpenPlay,MissedShots,0,0.1026612669229507,0
689760,31189,2026-08-24 19:00:00,Chelsea,Morgan Rogers,away,32,0.8030000305175782,0.5459999847412109,84.31500320434571,37.127998962402344,20.92016897505893,19.641068333080593,RightFoot,OpenPlay,BlockedShot,0,0.0740267634391784,0
689761,31189,2026-08-24 19:00:00,Chelsea,Reece James,away,32,0.84,0.3579999923706055,88.2,24.343999481201173,19.377263635999874,18.75928897514278,LeftFoot,OpenPlay,SavedShot,0,0.0660815238952636,0
689762,31189,2026-08-24 19:00:00,Chelsea,Jorrel Hato,away,35,0.915,0.6170000076293946,96.075,41.95600051879883,11.956319218519017,26.760016980347974,Head,FromCorner,BlockedShot,0,0.0349031090736389,0
689763,31189,2026-08-24 19:00:00,Chelsea,Romeo Lavia,away,35,0.9540000152587892,0.5409999847412109,100.17000160217286,36.78799896240234,5.576900818319191,63.39810452164364,RightFoot,FromCorner,SavedShot,0,0.5850690603256226,1
689765,31189,2026-08-24 19:00:00,Chelsea,Morgan Rogers,away,40,0.9109999847412108,0.5470000076293945,95.65499839782713,37.196000518798826,9.876409988491561,39.10831899887174,RightFoot,OpenPlay,Goal,1,0.4455546438694,1
689766,31189,2026-08-24 19:00:00,Chelsea,Cole Palmer,away,43,0.8,0.325,84.0,22.1,24.137315509393332,15.112587772466883,LeftFoot,OpenPlay,MissedShots,0,0.0282382406294345,0
689767,31189,2026-08-24 19:00:00,Chelsea,João Pedro,away,46,0.8980000305175782,0.634000015258789,94.29000320434571,43.11200103759765,14.06174222036892,23.03969487046014,LeftFoot,OpenPlay,BlockedShot,0,0.1059963330626487,0
689768,31189,2026-08-24 19:00:00,Chelsea,Cole Palmer,away,47,0.8819999694824219,0.3229999923706054,92.6099967956543,21.963999481201167,17.27360668454109,17.65355062170539,LeftFoot,OpenPlay,MissedShots,0,0.0705757662653923,0
689769,31189,2026-08-24 19:00:00,Chelsea,Cole Palmer,away,48,0.9690000152587892,0.65,101.74500160217286,44.2,10.706774237362872,13.243495850273273,LeftFoot,OpenPlay,Goal,1,0.280918151140213,1
689772,31189,2026-08-24 19:00:00,Chelsea,João Pedro,away,62,0.764000015258789,0.5070000076293946,80.22000160217284,34.47600051879883,24.784569737847242,16.79767831423086,RightFoot,OpenPlay,MissedShots,0,0.0382880605757236,0
689777,31189,2026-08-24 19:00:00,Chelsea,Pedro Neto,away,93,0.968000030517578,0.3039999961853027,101.64000320434569,20.671999740600583,13.745005252140071,7.976345054447776,LeftFoot,OpenPlay,MissedShots,0,0.0553183108568191,0
690072,31190,2026-08-28 19:00:00,Crystal Palace,Eddie Nketiah,home,1,0.935,0.6569999694824219,98.17500000000001,44.67599792480469,12.67113083708135,18.75148267991411,LeftFoot,OpenPlay,MissedShots,0,0.0647137761116027,0
690073,31190,2026-08-28 19:00:00,Crystal Palace,Daichi Kamada,home,2,0.8590000152587891,0.685,90.19500160217285,46.580000000000005,19.42792777317397,16.577584246836896,RightFoot,FromCorner,BlockedShot,0,0.0434533543884754,0
690074,31190,2026-08-28 19:00:00,Crystal Palace,Tyrick Mitchell,home,4,0.749000015258789,0.4979999923706055,78.64500160217284,33.863999481201176,26.355349299346912,15.812141098929656,LeftFoot,OpenPlay,MissedShots,0,0.0119455559179186,0
690083,31190,2026-08-28 19:00:00,Crystal Palace,Jørgen Strand Larsen,home,32,0.875,0.4470000076293945,91.875,30.39600051879883,13.610820594677541,29.20669156459771,Head,SetPiece,MissedShots,0,0.0409182831645011,0
690084,31190,2026-08-28 19:00:00,Crystal Palace,Tyrick Mitchell,home,33,0.8969999694824219,0.555,94.1849967956543,37.74,11.443421442471118,33.95746972752231,Head,OpenPlay,MissedShots,0,0.2251808196306228,1
690086,31190,2026-08-28 19:00:00,Crystal Palace,Chris Richards,home,38,0.8769999694824219,0.4029999923706054,92.08499679565429,27.40399948120117,14.501880244032302,25.646098813703347,Head,SetPiece,SavedShot,0,0.0242751687765121,0
690088,31190,2026-08-28 19:00:00,Crystal Palace,Anan Khalaili,home,44,0.7780000305175782,0.22,81.6900032043457,14.96,30.097799763660692,10.823483610975224,LeftFoot,OpenPlay,MissedShots,0,0.0159562937915325,0
690092,31190,2026-08-28 19:00:00,Crystal Palace,Eddie Nketiah,home,49,0.933000030517578,0.5820000076293945,97.96500320434569,39.57600051879883,8.976801306730097,37.46858754072008,LeftFoot,OpenPlay,MissedShots,0,0.4464495480060577,1
690095,31190,2026-08-28 19:00:00,Crystal Palace,Yeremi Pino,home,55,0.7440000152587891,0.395,78.12000160217286,26.86,27.81211811184451,14.51283150953295,RightFoot,DirectFreekick,ShotOnPost,0,0.053731083869934,0
690075,31190,2026-08-28 19:00:00,Man City,Elliot Anderson,away,6,0.8119999694824219,0.6880000305175781,85.2599967956543,46.78400207519531,23.51804489251129,14.988498115805921,RightFoot,FromCorner,SavedShot,0,0.0268435906618833,0
690076,31190,2026-08-28 19:00:00,Man City,Rúben Dias,away,6,0.904000015258789,0.3879999923706054,94.92000160217285,26.383999481201165,12.63367846680222,26.777350137392126,RightFoot,FromCorner,SavedShot,0,0.077885590493679,0
690077,31190,2026-08-28 19:00:00,Man City,Erling Haaland,away,6,0.8969999694824219,0.4590000152587891,94.1849967956543,31.21200103759766,11.168582386514606,35.41348412391523,LeftFoot,FromCorner,BlockedShot,0,0.0880731344223022,0
690078,31190,2026-08-28 19:00:00,Man City,Erling Haaland,away,7,0.9109999847412108,0.5820000076293945,95.65499839782713,39.57600051879883,10.882133831664557,33.077146219121516,LeftFoot,OpenPlay,MissedShots,0,0.1272879838943481,0
690079,31190,2026-08-28 19:00:00,Man City,Erling Haaland,away,16,0.914000015258789,0.45,95.97000160217284,30.6,9.648879264700176,39.6689205153742,Head,OpenPlay,Goal,1,0.2870340645313263,1
690080,31190,2026-08-28 19:00:00,Man City,Phil Foden,away,20,0.8640000152587891,0.3959999847412109,90.72000160217286,26.92799896240234,15.93522992986697,23.488295755732057,LeftFoot,OpenPlay,MissedShots,0,0.3418318033218384,1
690081,31190,2026-08-28 19:00:00,Man City,Nico O'Reilly,away,21,0.6840000152587891,0.514000015258789,71.82000160217285,34.952001037597654,33.193653002575644,12.579253172939124,LeftFoot,OpenPlay,MissedShots,0,0.0095858937129378,0
690082,31190,2026-08-28 19:00:00,Man City,Phil Foden,away,27,0.93,0.4640000152587891,97.65,31.55200103759766,7.7469477163540255,49.09096958768094,OtherBodyPart,OpenPlay,MissedShots,0,0.4552260041236877,1
690085,31190,2026-08-28 19:00:00,Man City,Antoine Semenyo,away,37,0.889000015258789,0.7419999694824219,93.34500160217284,50.455997924804684,20.165288377668436,12.24069222436222,LeftFoot,OpenPlay,SavedShot,0,0.0437023900449276,0
690087,31190,2026-08-28 19:00:00,Man City,Erling Haaland,away,43,0.924000015258789,0.5679999923706055,97.02000160217285,38.623999481201174,9.22289247641284,39.18276241150308,Head,OpenPlay,MissedShots,0,0.0596751496195793,0
690089,31190,2026-08-28 19:00:00,Man City,Mathis Cherki,away,46,0.8280000305175781,0.5679999923706055,86.9400032043457,38.623999481201174,18.642554960659023,21.58519423164132,RightFoot,OpenPlay,SavedShot,0,0.0766773000359535,0
690090,31190,2026-08-28 19:00:00,Man City,Antoine Semenyo,away,46,0.931999969482422,0.6819999694824219,97.85999679565431,46.37599792480469,14.287930934632795,15.322829387331357,LeftFoot,OpenPlay,BlockedShot,0,0.083951897919178,0
690091,31190,2026-08-28 19:00:00,Man City,Phil Foden,away,47,0.794000015258789,0.665,83.37000160217285,45.22,24.3668879976497,15.260118971673984,LeftFoot,FromCorner,BlockedShot,0,0.0367813892662525,0
690093,31190,2026-08-28 19:00:00,Man City,Elliot Anderson,away,52,0.8730000305175781,0.3629999923706055,91.66500320434571,24.683999481201173,16.26683759082786,21.234196106980598,RightFoot,FromCorner,MissedShots,0,0.0229245759546756,0
690094,31190,2026-08-28 19:00:00,Man City,Mathis Cherki,away,53,0.9309999847412108,0.4509999847412109,97.75499839782714,30.66799896240234,7.974476730798029,46.574075071298026,LeftFoot,OpenPlay,Goal,1,0.4971903860569,1
690096,31190,2026-08-28 19:00:00,Man City,Gianluigi Donnarumma,away,55,0.0189999997615814,0.5129999923706055,1.994999974966047,34.88399948120117,103.00879324232474,4.0696851997252965,OtherBodyPart,SetPiece,OwnGoal,0,0.0,0
690097,31190,2026-08-28 19:00:00,Man City,Mathis Cherki,away,58,0.7730000305175782,0.349000015258789,81.16500320434571,23.73200103759765,25.952627515162042,14.80444578861371,RightFoot,OpenPlay,Goal,1,0.0283662267029285,0
690098,31190,2026-08-28 19:00:00,Man City,Ryan McAidoo,away,82,0.7959999847412109,0.3820000076293945,83.57999839782714,25.976000518798827,22.87358818181801,17.095665231546214,LeftFoot,OpenPlay,MissedShots,0,0.18103788793087,0
690099,31190,2026-08-28 19:00:00,Man City,Erling Haaland,away,83,0.936999969482422,0.6129999923706054,98.38499679565432,41.68399948120117,10.139137804596775,28.439606014108815,LeftFoot,OpenPlay,Goal,1,0.124633714556694,0
690165,31191,2026-08-29 11:30:00,Liverpool,Víctor Muñoz,home,21,0.7859999847412109,0.8280000305175781,82.52999839782714,56.304002075195314,31.660219212317017,9.442672714288872,RightFoot,OpenPlay,MissedShots,0,0.0160569157451391,0
690168,31191,2026-08-29 11:30:00,Liverpool,Dominik Szoboszlai,home,28,0.8180000305175781,0.3879999923706054,85.8900032043457,26.383999481201165,20.571714596315534,18.847339019392102,RightFoot,OpenPlay,BlockedShot,0,0.0431804358959198,0
690169,31191,2026-08-29 11:30:00,Liverpool,Florian Wirtz,home,38,0.9109999847412108,0.5559999847412109,95.65499839782713,37.807998962402344,10.091080766809414,37.72254822085946,Head,OpenPlay,SavedShot,0,0.0803582519292831,0
690170,31191,2026-08-29 11:30:00,Liverpool,Víctor Muñoz,home,44,0.8769999694824219,0.6179999923706054,92.08499679565429,42.02399948120117,15.204666239104908,23.464956676062194,RightFoot,OpenPlay,MissedShots,0,0.0618557333946228,0
690173,31191,2026-08-29 11:30:00,Liverpool,Alexander Isak,home,46,0.926999969482422,0.4029999923706054,97.33499679565432,27.40399948120117,10.112343791951696,32.26792667303393,Head,FromCorner,BlockedShot,0,0.0452694855630397,0
690174,31191,2026-08-29 11:30:00,Liverpool,Florian Wirtz,home,47,0.9259999847412108,0.519000015258789,97.22999839782713,35.29200103759766,7.876686586307873,49.459514754462624,RightFoot,OpenPlay,BlockedShot,0,0.1024511158466339,0
690176,31191,2026-08-29 11:30:00,Liverpool,Alexander Isak,home,59,0.965,0.5359999847412109,101.325,36.447998962402345,4.415690650387879,77.21829682689948,LeftFoot,OpenPlay,Goal,1,0.6440567374229431,1
690177,31191,2026-08-29 11:30:00,Liverpool,Dominik Szoboszlai,home,62,0.6940000152587891,0.4859999847412109,72.87000160217285,33.047998962402346,32.14409903885878,12.986197539765106,RightFoot,OpenPlay,MissedShots,0,0.0135188996791839,0
690180,31191,2026-08-29 11:30:00,Liverpool,Konstantinos Tsimikas,home,73,0.81,0.5220000076293946,85.05000000000001,35.49600051879883,20.00601203519197,20.68152733346498,RightFoot,OpenPlay,SavedShot,0,0.0443882532417774,0
690181,31191,2026-08-29 11:30:00,Liverpool,Alexander Isak,home,77,0.895,0.4379999923706055,93.97500000000001,29.783999481201175,11.803613233858172,32.65408953541127,LeftFoot,OpenPlay,MissedShots,0,0.0749301388859748,0
690182,31191,2026-08-29 11:30:00,Liverpool,Víctor Muñoz,home,78,0.845999984741211,0.37,88.82999839782715,25.16,18.42863401921782,19.942661339708284,LeftFoot,OpenPlay,BlockedShot,0,0.0477874092757701,0
690183,31191,2026-08-29 11:30:00,Liverpool,Víctor Muñoz,home,81,0.8869999694824219,0.3359999847412109,93.1349967956543,22.84799896240234,16.283286774533973,19.034054584491354,RightFoot,OpenPlay,Goal,1,0.0612611249089241,0
690185,31191,2026-08-29 11:30:00,Liverpool,Dominik Szoboszlai,home,85,0.7580000305175781,0.7140000152587891,79.5900032043457,48.552001037597655,29.281882988520472,12.427741851036803,RightFoot,DirectFreekick,MissedShots,0,0.0440908670425415,0
690161,31191,2026-08-29 11:30:00,Nott'm Forest,Igor Jesus,away,10,0.9769999694824218,0.5109999847412109,102.58499679565429,34.74799896240234,2.5281896536365744,111.61320027341095,RightFoot,OpenPlay,BlockedShot,0,0.8410946726799011,1
690162,31191,2026-08-29 11:30:00,Nott'm Forest,Igor Jesus,away,15,0.8930000305175781,0.3509999847412109,93.7650032043457,23.867998962402343,15.128866382655454,20.889253731561165,RightFoot,OpenPlay,BlockedShot,0,0.09403857588768,0
690163,31191,2026-08-29 11:30:00,Nott'm Forest,Xaver Schlager,away,16,0.799000015258789,0.4379999923706055,83.89500160217285,29.783999481201175,21.521979875160145,18.95557785042744,LeftFoot,FromCorner,BlockedShot,0,0.0279943738132715,0
690164,31191,2026-08-29 11:30:00,Nott'm Forest,Dan Ndoye,away,18,0.9519999694824218,0.6029999923706054,99.95999679565429,41.00399948120117,8.628884112820224,31.13977921439055,Head,OpenPlay,MissedShots,0,0.2299349457025528,1
690166,31191,2026-08-29 11:30:00,Nott'm Forest,Xaver Schlager,away,23,0.87,0.2910000038146972,91.35,19.78800025939941,19.70541642865817,14.923223728557069,RightFoot,OpenPlay,BlockedShot,0,0.0161962863057851,0
690167,31191,2026-08-29 11:30:00,Nott'm Forest,Dan Ndoye,away,23,0.8930000305175781,0.664000015258789,93.7650032043457,45.15200103759766,15.830106763409448,19.122312682774044,RightFoot,OpenPlay,Goal,1,0.2842428684234619,1
690171,31191,2026-08-29 11:30:00,Nott'm Forest,Igor Jesus,away,47,0.8730000305175781,0.4259999847412109,91.66500320434571,28.967998962402344,14.252830384961932,27.222728244746612,RightFoot,OpenPlay,SavedShot,0,0.1072202175855636,0
690172,31191,2026-08-29 11:30:00,Nott'm Forest,Murillo,away,48,0.953000030517578,0.4659999847412109,100.06500320434569,31.687998962402343,5.449728632782644,65.70889227968287,Head,FromCorner,BlockedShot,0,0.0761319920420646,0
690175,31191,2026-08-29 11:30:00,Nott'm Forest,Dan Ndoye,away,47,0.8630000305175781,0.375,90.6150032043457,25.5,16.708624503859813,21.612564725651364,LeftFoot,OpenPlay,MissedShots,0,0.1330655366182327,0
690178,31191,2026-08-29 11:30:00,Nott'm Forest,Neco Williams,away,67,0.915,0.6790000152587891,96.075,46.17200103759765,15.093483171861896,16.945476704018414,RightFoot,OpenPlay,MissedShots,0,0.2364779859781265,1
690179,31191,2026-08-29 11:30:00,Nott'm Forest,Morgan Gibbs-White,away,69,0.885,0.5,92.925,34.0,12.075000000000003,33.72469903927551,RightFoot,Penalty,Goal,1,0.7611688375473022,1
690184,31191,2026-08-29 11:30:00,Nott'm Forest,Liam Delap,away,82,0.8590000152587891,0.6409999847412109,90.19500160217285,43.58799896240234,17.638528897351183,20.001802172725547,LeftFoot,OpenPlay,BlockedShot,0,0.0718021094799041,0
690383,31192,2026-08-29 14:00:00,Coventry,Taiwo Awoniyi,home,3,0.9230000305175782,0.7030000305175781,96.91500320434571,47.804002075195314,15.997426245422627,13.713752453545407,LeftFoot,OpenPlay,BlockedShot,0,0.1120223850011825,0
690384,31192,2026-08-29 14:00:00,Coventry,Loum Tchaouna,home,5,0.7809999847412109,0.3890000152587891,82.00499839782715,26.452001037597658,24.202115341853048,16.38826160296449,LeftFoot,OpenPlay,MissedShots,0,0.0280903149396181,0
690385,31192,2026-08-29 14:00:00,Coventry,Jack Rudoni,home,6,0.7669999694824219,0.5220000076293946,80.5349967956543,35.49600051879883,24.510699690969496,16.955752265229368,LeftFoot,OpenPlay,BlockedShot,0,0.0253368876874446,0
690386,31192,2026-08-29 14:00:00,Coventry,Caleb Yirenkyi,home,17,0.8930000305175781,0.4420000076293945,93.7650032043457,30.056000518798825,11.90715267837267,32.64265858417751,Head,OpenPlay,BlockedShot,0,0.0297570321708917,0
690388,31192,2026-08-29 14:00:00,Coventry,Taiwo Awoniyi,home,21,0.91,0.5159999847412109,95.55,35.08799896240234,9.512425649758773,41.901862333012254,Head,OpenPlay,SavedShot,0,0.0581655465066432,0
690389,31192,2026-08-29 14:00:00,Coventry,Aurèle Amenda,home,21,0.6730000305175782,0.54,70.66500320434571,36.72,34.44256675913673,12.094643839217165,RightFoot,OpenPlay,MissedShots,0,0.011054546572268,0
690390,31192,2026-08-29 14:00:00,Coventry,Taiwo Awoniyi,home,34,0.9309999847412108,0.56,97.75499839782714,38.080000000000005,8.314833023908982,43.57417866064915,Head,OpenPlay,MissedShots,0,0.129779428243637,0
690391,31192,2026-08-29 14:00:00,Coventry,Taiwo Awoniyi,home,37,0.96,0.519000015258789,100.8,35.29200103759766,4.394231068247715,79.11203062137749,LeftFoot,OpenPlay,SavedShot,0,0.639894962310791,1
690393,31192,2026-08-29 14:00:00,Coventry,Tatsuhiro Sakamoto,home,69,0.8319999694824218,0.27,87.3599967956543,18.36,23.574972174942786,13.39108258928537,LeftFoot,OpenPlay,BlockedShot,0,0.0278062783181667,0
690394,31192,2026-08-29 14:00:00,Coventry,Matt Grimes,home,70,0.8269999694824218,0.255,86.83499679565429,17.34,24.647980473334723,12.615119863607333,LeftFoot,FromCorner,BlockedShot,0,0.0250027533620595,0
690398,31192,2026-08-29 14:00:00,Coventry,Jay Dasilva,home,90,0.9159999847412108,0.524000015258789,96.17999839782713,35.632001037597654,8.969718816610236,43.9128108355235,Head,OpenPlay,SavedShot,0,0.0954192206263542,0
690387,31192,2026-08-29 14:00:00,Hull,Elliot Stroud,away,20,0.7330000305175781,0.6120000076293945,76.9650032043457,41.61600051879883,29.05106726498513,13.878621989121116,LeftFoot,OpenPlay,MissedShots,0,0.0186402760446071,0
690392,31192,2026-08-29 14:00:00,Hull,Nobel Mendy,away,49,0.7319999694824219,0.5329999923706055,76.8599967956543,36.24399948120117,28.229334282129603,14.729930700642015,LeftFoot,OpenPlay,SavedShot,0,0.0109622105956077,0
690395,31192,2026-08-29 14:00:00,Hull,Liam Millar,away,73,0.830999984741211,0.5379999923706055,87.25499839782715,36.583999481201175,17.93215366820073,22.855615248617315,RightFoot,OpenPlay,MissedShots,0,0.0933418348431587,0
690396,31192,2026-08-29 14:00:00,Hull,Mohamed Belloumi,away,78,0.9840000152587892,0.4059999847412109,103.32000160217287,27.60799896240234,6.609090094812696,22.100551302038514,RightFoot,OpenPlay,MissedShots,0,0.0720405653119087,0
690397,31192,2026-08-29 14:00:00,Hull,Liam Millar,away,81,0.8190000152587891,0.51,85.99500160217285,34.68,19.017159727504332,21.7750077799828,RightFoot,OpenPlay,Goal,1,0.2582585215568542,1
690399,31192,2026-08-29 14:00:00,Hull,Liam Millar,away,94,0.474000015258789,0.9440000152587892,49.77000160217284,64.19200103759766,62.94370222411682,5.846073481002071,LeftFoot,OpenPlay,MissedShots,0,0.0064826589077711,0
690400,31193,2026-08-29 14:00:00,Bournemouth,Justin Kluivert,home,3,0.8569999694824219,0.4279999923706055,89.9849967956543,29.10399948120117,15.79307260499331,24.969944880139764,RightFoot,OpenPlay,MissedShots,0,0.0554989390075206,0
690404,31193,2026-08-29 14:00:00,Bournemouth,Rayan,home,14,0.9540000152587892,0.3520000076293945,100.17000160217286,23.936000518798824,11.163017964718604,17.635266913391266,LeftFoot,OpenPlay,SavedShot,0,0.2741532027721405,1
690409,31193,2026-08-29 14:00:00,Bournemouth,Rayan,home,21,0.7630000305175781,0.2739999961853027,80.11500320434571,18.631999740600584,29.24788022220798,12.206634120856506,LeftFoot,OpenPlay,MissedShots,0,0.0155473258346319,0
690410,31193,2026-08-29 14:00:00,Bournemouth,Justin Kluivert,home,24,0.8109999847412109,0.3620000076293945,85.15499839782714,24.616000518798824,21.951845818824147,17.227246676131518,RightFoot,OpenPlay,SavedShot,0,0.0377788357436656,0
690412,31193,2026-08-29 14:00:00,Bournemouth,Rayan,home,32,0.8119999694824219,0.2860000038146972,85.2599967956543,19.44800025939941,24.524037656104227,13.805707204704948,LeftFoot,OpenPlay,BlockedShot,0,0.0255504697561264,0
690413,31193,2026-08-29 14:00:00,Bournemouth,Marcus Tavernier,home,33,0.840999984741211,0.6509999847412109,88.30499839782715,44.267998962402345,19.599869417637702,18.242938114530983,RightFoot,OpenPlay,MissedShots,0,0.0776574090123176,0
690414,31193,2026-08-29 14:00:00,Bournemouth,Alex Scott,home,40,0.840999984741211,0.429000015258789,88.30499839782715,29.172001037597653,17.37908664106121,22.947544006506803,RightFoot,OpenPlay,Goal,1,0.1141183078289032,0
690417,31193,2026-08-29 14:00:00,Bournemouth,Justin Kluivert,home,56,0.8440000152587891,0.4420000076293945,88.62000160217285,30.056000518798825,16.84812984934931,23.908586343874173,LeftFoot,OpenPlay,BlockedShot,0,0.0908557921648025,0
690418,31193,2026-08-29 14:00:00,Bournemouth,António Silva,home,71,0.975999984741211,0.539000015258789,102.47999839782715,36.65200103759766,3.6583490235860223,90.03752879837799,Head,FromCorner,MissedShots,0,0.1402372866868972,0
690419,31193,2026-08-29 14:00:00,Bournemouth,Marcus Tavernier,home,74,0.8540000152587891,0.6940000152587891,89.67000160217286,47.192001037597656,20.224681511790497,15.834874718090044,LeftFoot,OpenPlay,BlockedShot,0,0.0478125810623168,0
690420,31193,2026-08-29 14:00:00,Bournemouth,Justin Kluivert,home,75,0.973000030517578,0.515,102.1650032043457,35.02,3.0129067080429466,101.7540602385514,OtherBodyPart,FromCorner,SavedShot,0,0.6308985948562622,1
690421,31193,2026-08-29 14:00:00,Bournemouth,Rayan,home,78,0.889000015258789,0.4070000076293945,93.34500160217284,27.676000518798823,13.260164293536727,27.70928837593083,LeftFoot,OpenPlay,SavedShot,0,0.1459019631147384,0
690422,31193,2026-08-29 14:00:00,Bournemouth,Evanilson,home,78,0.8569999694824219,0.5790000152587891,89.9849967956543,39.372001037597656,15.947059803439066,24.52350706669921,LeftFoot,OpenPlay,BlockedShot,0,0.1356477588415146,0
690423,31193,2026-08-29 14:00:00,Bournemouth,Evanilson,home,79,0.960999984741211,0.5029999923706054,100.90499839782716,34.20399948120117,4.100079744362114,83.5004016509277,Head,FromCorner,BlockedShot,0,0.061676301062107,0
690424,31193,2026-08-29 14:00:00,Bournemouth,Evanilson,home,79,0.9619999694824218,0.425,101.00999679565429,28.9,6.47534752508999,45.66707985748123,Head,FromCorner,MissedShots,0,0.0510593317449092,0
690426,31193,2026-08-29 14:00:00,Bournemouth,Rayan,home,84,0.885,0.3629999923706055,92.925,24.683999481201173,15.251016053570336,21.961183153234572,LeftFoot,OpenPlay,BlockedShot,0,0.3410933911800384,1
690427,31193,2026-08-29 14:00:00,Bournemouth,Alex Scott,home,84,0.8040000152587891,0.5029999923706054,84.42000160217285,34.20399948120117,20.58100944664519,20.166512763985434,RightFoot,OpenPlay,BlockedShot,0,0.0490709766745567,0
690401,31193,2026-08-29 14:00:00,Everton,Iliman Ndiaye,away,8,0.7430000305175781,0.349000015258789,78.0150032043457,23.73200103759765,28.872510364590198,13.540365951601848,RightFoot,SetPiece,MissedShots,0,0.0140266856178641,0
690402,31193,2026-08-29 14:00:00,Everton,Jarrad Branthwaite,away,9,0.95,0.3979999923706054,99.75,27.06399948120117,8.69888516976616,31.678799072307147,Head,FromCorner,SavedShot,0,0.2326006144285202,1
690403,31193,2026-08-29 14:00:00,Everton,Kiernan Dewsbury-Hall,away,10,0.8419999694824218,0.354000015258789,88.4099967956543,24.07200103759765,19.333736568952805,18.621642831588048,LeftFoot,FromCorner,BlockedShot,0,0.0336471907794475,0
690405,31193,2026-08-29 14:00:00,Everton,Iliman Ndiaye,away,16,0.755,0.66,79.275,44.88,27.931165836749454,13.798171178495748,RightFoot,OpenPlay,SavedShot,0,0.0149348778650164,0
690406,31193,2026-08-29 14:00:00,Everton,Kiernan Dewsbury-Hall,away,17,0.7619999694824219,0.374000015258789,80.0099967956543,25.43200103759765,26.41800269461974,14.961844284968434,LeftFoot,FromCorner,MissedShots,0,0.0165326818823814,0
690407,31193,2026-08-29 14:00:00,Everton,Tyrique George,away,19,0.7530000305175781,0.6370000076293946,79.0650032043457,43.31600051879883,27.55742956911727,14.277425193525456,RightFoot,OpenPlay,SavedShot,0,0.0155806709080934,0
690408,31193,2026-08-29 14:00:00,Everton,Thierno Barry,away,19,0.945,0.4870000076293945,99.225,33.11600051879883,5.842266690486151,63.8703301288757,RightFoot,OpenPlay,SavedShot,0,0.628536581993103,1
690411,31193,2026-08-29 14:00:00,Everton,Tyrique George,away,28,0.644000015258789,0.6880000305175781,67.62000160217285,46.78400207519531,39.505632374133164,10.028403182809257,RightFoot,OpenPlay,MissedShots,0,0.0101963225752115,0
690415,31193,2026-08-29 14:00:00,Everton,Thierno Barry,away,45,0.894000015258789,0.3579999923706055,93.87000160217285,24.343999481201173,14.734829837995353,21.79746805499623,RightFoot,OpenPlay,MissedShots,0,0.1114577203989029,0
690416,31193,2026-08-29 14:00:00,Everton,Thierno Barry,away,48,0.8819999694824219,0.4259999847412109,92.6099967956543,28.967998962402344,13.372853616415632,28.73206545323948,LeftFoot,OpenPlay,SavedShot,0,0.4050018787384033,1
690425,31193,2026-08-29 14:00:00,Everton,Beto,away,83,0.7880000305175782,0.3390000152587891,82.74000320434571,23.05200103759766,24.806574504016105,15.146041598742007,RightFoot,OpenPlay,MissedShots,0,0.044290542602539,0
690428,31193,2026-08-29 14:00:00,Everton,James Tarkowski,away,90,0.916999969482422,0.3679999923706055,96.28499679565431,25.023999481201173,12.51078998965423,24.023647756793345,RightFoot,FromCorner,Goal,1,0.066868707537651,0
690429,31193,2026-08-29 14:00:00,Everton,Carlos Alcaraz,away,92,0.933000030517578,0.69,97.96500320434569,46.919999999999995,14.711137954450235,14.23280920532423,LeftFoot,OpenPlay,MissedShots,0,0.0796412378549575,0
690570,31194,2026-08-29 16:30:00,Tottenham,Mathys Tel,home,14,0.8490000152587891,0.6659999847412109,89.14500160217285,45.28799896240234,19.462782297767646,17.620728884477746,RightFoot,OpenPlay,SavedShot,0,0.0477955527603626,0
690571,31194,2026-08-29 16:30:00,Tottenham,Sandro Tonali,home,16,0.8669999694824219,0.629000015258789,91.0349967956543,42.772001037597654,16.49149225209775,21.570733295044086,LeftFoot,OpenPlay,MissedShots,0,0.0614457428455352,0
690572,31194,2026-08-29 16:30:00,Tottenham,Pedro Porro,home,16,0.9009999847412108,0.4909999847412109,94.60499839782713,33.38799896240234,10.413001660385785,38.683110823705746,RightFoot,OpenPlay,BlockedShot,0,0.1286534816026687,0
690573,31194,2026-08-29 16:30:00,Tottenham,Pedro Porro,home,21,0.799000015258789,0.62,83.89500160217285,42.16,22.627561896330906,17.214964157777768,LeftFoot,FromCorner,MissedShots,0,0.0232895147055387,0
690575,31194,2026-08-29 16:30:00,Tottenham,Omar Marmoush,home,32,0.9669999694824218,0.6619999694824219,101.5349967956543,45.01599792480469,11.548093240246512,11.938263816115748,RightFoot,FromCorner,MissedShots,0,0.0353402569890022,0
690578,31194,2026-08-29 16:30:00,Tottenham,Andrew Robertson,home,35,0.9569999694824218,0.6809999847412109,100.4849967956543,46.307998962402344,13.109999709906523,11.780030532376799,LeftFoot,OpenPlay,SavedShot,0,0.0637315958738327,0
690579,31194,2026-08-29 16:30:00,Tottenham,Jan Paul van Hecke,home,36,0.9590000152587892,0.4259999847412109,100.69500160217287,28.967998962402344,6.622238718717265,45.974521405005284,Head,FromCorner,SavedShot,0,0.2979277670383453,1
690580,31194,2026-08-29 16:30:00,Tottenham,Pedro Porro,home,43,0.8540000152587891,0.2820000076293945,89.67000160217286,19.176000518798823,21.32509815911841,14.26504247248296,RightFoot,OpenPlay,BlockedShot,0,0.0332690887153148,0
690582,31194,2026-08-29 16:30:00,Tottenham,Mathys Tel,home,49,0.8209999847412109,0.61,86.20499839782715,41.48,20.228753921724387,19.167056029422547,RightFoot,OpenPlay,BlockedShot,0,0.0489121861755847,0
690584,31194,2026-08-29 16:30:00,Tottenham,Omar Marmoush,home,59,0.67,0.4809999847412109,70.35000000000001,32.70799896240234,34.67407917567751,12.042889405116098,RightFoot,OpenPlay,MissedShots,0,0.0108256842941045,0
690587,31194,2026-08-29 16:30:00,Tottenham,Mathys Tel,home,66,0.7630000305175781,0.54,80.11500320434571,36.72,25.03320725595752,16.542983290124482,RightFoot,DirectFreekick,MissedShots,0,0.0746768191456794,0
690588,31194,2026-08-29 16:30:00,Tottenham,Pedro Porro,home,69,0.7930000305175782,0.31,83.2650032043457,21.08,25.285104028006344,14.261302107140812,RightFoot,OpenPlay,MissedShots,0,0.0213641356676816,0
690589,31194,2026-08-29 16:30:00,Tottenham,Mateus Fernandes,home,70,0.7619999694824219,0.4670000076293945,80.0099967956543,31.756000518798825,25.09055188362423,16.53570983218558,RightFoot,FromCorner,MissedShots,0,0.0188446994870901,0
690592,31194,2026-08-29 16:30:00,Tottenham,Mikey Moore,home,84,0.815,0.7709999847412109,85.57499999999999,52.42799896240234,26.775394875861352,11.426233210695404,RightFoot,OpenPlay,MissedShots,0,0.0171677116304636,0
690593,31194,2026-08-29 16:30:00,Tottenham,Omar Marmoush,home,86,0.906999969482422,0.5990000152587891,95.23499679565431,40.732001037597655,11.860654516134321,29.31844397970646,LeftFoot,OpenPlay,SavedShot,0,0.0628811866044998,0
690594,31194,2026-08-29 16:30:00,Tottenham,Mohammed Kudus,home,87,0.8780000305175781,0.31,92.1900032043457,21.08,18.194021487968882,16.447552814946807,LeftFoot,OpenPlay,BlockedShot,0,0.054617989808321,0
690595,31194,2026-08-29 16:30:00,Tottenham,Dominic Solanke,home,91,0.91,0.529000015258789,95.55,35.97200103759766,9.653563491907343,40.92165534891192,LeftFoot,OpenPlay,BlockedShot,0,0.1275281012058258,0
690568,31194,2026-08-29 16:30:00,Newcastle,Anthony Elanga,away,0,0.948000030517578,0.325,99.54000320434568,22.1,13.092805849341667,14.193341484867483,RightFoot,OpenPlay,MissedShots,0,0.063580073416233,0
690569,31194,2026-08-29 16:30:00,Newcastle,Harvey Barnes,away,8,0.8109999847412109,0.5220000076293946,85.15499839782714,35.49600051879883,19.90130915649746,20.78744317111476,RightFoot,OpenPlay,MissedShots,0,0.055010974407196,0
690574,31194,2026-08-29 16:30:00,Newcastle,Joe Willock,away,23,0.799000015258789,0.5840000152587891,83.89500160217285,39.71200103759766,21.864306831587484,18.39104401547497,RightFoot,OpenPlay,MissedShots,0,0.0403080731630325,0
690576,31194,2026-08-29 16:30:00,Newcastle,Joe Willock,away,32,0.9569999694824218,0.6930000305175781,100.4849967956543,47.12400207519531,13.878929512213205,10.447968652383867,RightFoot,OpenPlay,MissedShots,0,0.05648835003376,0
690577,31194,2026-08-29 16:30:00,Newcastle,Yoane Wissa,away,33,0.9590000152587892,0.435,100.69500160217287,29.58,6.1700414265460335,51.93967073844198,Head,FromCorner,MissedShots,0,0.1150919497013092,0
690581,31194,2026-08-29 16:30:00,Newcastle,Lewis Hall,away,48,0.845999984741211,0.6379999923706055,88.82999839782715,43.38399948120117,18.695678593660524,19.39899422661648,RightFoot,OpenPlay,MissedShots,0,0.0563934743404388,0
690583,31194,2026-08-29 16:30:00,Newcastle,Sven Botman,away,54,0.7080000305175781,0.6,74.3400032043457,40.8,31.405021947286258,12.990168803961328,LeftFoot,OpenPlay,BlockedShot,0,0.0146792773157358,0
690585,31194,2026-08-29 16:30:00,Newcastle,Joe Willock,away,60,0.74,0.2489999961853027,77.7,16.931999740600585,32.19637608264102,11.050922773054904,RightFoot,OpenPlay,MissedShots,0,0.0136191947385668,0
690586,31194,2026-08-29 16:30:00,Newcastle,Anthony Elanga,away,61,0.8730000305175781,0.4309999847412109,91.66500320434571,29.30799896240234,14.136371998392223,27.634492803972062,LeftFoot,OpenPlay,Goal,1,0.0775765255093574,0
690590,31194,2026-08-29 16:30:00,Newcastle,Nick Woltemade,away,71,0.91,0.6220000076293946,95.55,42.29600051879883,12.574821056695418,25.5454823336186,Head,FromCorner,BlockedShot,0,0.0189082399010658,0
690591,31194,2026-08-29 16:30:00,Newcastle,Yoane Wissa,away,71,0.975,0.5729999923706055,102.375,38.96399948120117,5.615328650165144,46.6542088142449,RightFoot,FromCorner,Goal,1,0.5074549913406372,1
691039,31195,2026-08-30 13:00:00,Sunderland,Enzo Le Fée,home,5,0.9159999847412108,0.705999984741211,96.17999839782713,48.00799896240235,16.55344263870803,13.913520027261184,LeftFoot,OpenPlay,MissedShots,0,0.0488846004009246,0
691041,31195,2026-08-30 13:00:00,Sunderland,Thomas Meunier,home,16,0.74,0.3010000038146972,77.7,20.46800025939941,30.469739365140857,12.319825208350299,RightFoot,OpenPlay,SavedShot,0,0.0135626308619976,0
691043,31195,2026-08-30 13:00:00,Sunderland,Enzo Le Fée,home,31,0.7140000152587891,0.5670000076293945,74.97000160217286,38.556000518798825,30.373638973636265,13.59226418861736,RightFoot,OpenPlay,MissedShots,0,0.0121025536209344,0
691044,31195,2026-08-30 13:00:00,Sunderland,Noah Sadiki,home,36,0.8119999694824219,0.529000015258789,85.2599967956543,35.97200103759766,19.838258860088114,20.811489291885586,RightFoot,FromCorner,BlockedShot,0,0.019362611696124,0
691045,31195,2026-08-30 13:00:00,Sunderland,Enzo Le Fée,home,45,0.9640000152587892,0.3370000076293945,101.22000160217287,22.91600051879883,11.710825435760004,12.60382340126315,RightFoot,OpenPlay,MissedShots,0,0.0596764050424099,0
691046,31195,2026-08-30 13:00:00,Sunderland,Brian Brobbey,home,51,0.8969999694824219,0.4540000152587891,94.1849967956543,30.872001037597656,11.258271262445131,34.93046121424523,Head,OpenPlay,MissedShots,0,0.0340768359601497,0
691049,31195,2026-08-30 13:00:00,Sunderland,Wilson Isidor,home,66,0.875,0.5890000152587891,91.875,40.052001037597655,14.453108370142496,26.171367012722897,Head,SetPiece,MissedShots,0,0.0281492453068494,0
691050,31195,2026-08-30 13:00:00,Sunderland,Dan Ballard,home,66,0.8630000305175781,0.52,90.6150032043457,35.36,14.449142978425556,28.321760346228874,Head,SetPiece,BlockedShot,0,0.0114439595490694,0
691051,31195,2026-08-30 13:00:00,Sunderland,Wilson Isidor,home,70,0.906999969482422,0.435,95.23499679565431,29.58,10.718754012518506,35.15557591019126,RightFoot,OpenPlay,ShotOnPost,0,0.5389295220375061,1
691053,31195,2026-08-30 13:00:00,Sunderland,Wilson Isidor,home,74,0.9080000305175782,0.4959999847412109,95.3400032043457,33.72799896240234,9.663825466993153,41.47529462214201,RightFoot,OpenPlay,Goal,1,0.4507821798324585,1
691054,31195,2026-08-30 13:00:00,Sunderland,Enzo Le Fée,home,80,0.9390000152587892,0.655,98.59500160217286,44.54,12.333515495436338,18.674225258848175,LeftFoot,OpenPlay,SavedShot,0,0.0818414762616157,0
691061,31195,2026-08-30 13:00:00,Sunderland,Romaine Mundle,home,92,0.9109999847412108,0.7080000305175781,95.65499839782713,48.14400207519531,16.952340535977406,14.018301964139706,RightFoot,SetPiece,SavedShot,0,0.2634761333465576,1
691040,31195,2026-08-30 13:00:00,Fulham,Alex Iwobi,away,14,0.754000015258789,0.6940000152587891,79.17000160217285,47.192001037597656,29.003753353794245,12.865733765106643,RightFoot,FromCorner,BlockedShot,0,0.0127433408051729,0
691042,31195,2026-08-30 13:00:00,Fulham,Joshua King,away,25,0.914000015258789,0.6409999847412109,95.97000160217284,43.58799896240234,13.170823632855667,22.437144014808492,LeftFoot,OpenPlay,MissedShots,0,0.2936722934246063,1
691047,31195,2026-08-30 13:00:00,Fulham,Gonzalo García,away,56,0.8969999694824219,0.629000015258789,94.1849967956543,42.772001037597654,13.925239549595622,23.67991389801467,LeftFoot,OpenPlay,BlockedShot,0,0.323523610830307,1
691048,31195,2026-08-30 13:00:00,Fulham,César Palacios,away,57,0.7680000305175781,0.469000015258789,80.6400032043457,31.89200103759765,24.451034814702158,16.96669587297807,LeftFoot,OpenPlay,MissedShots,0,0.0296333245933055,0
691052,31195,2026-08-30 13:00:00,Fulham,Shea Charles,away,74,0.745999984741211,0.415,78.32999839782715,28.22,27.289144095407284,14.946820818814428,RightFoot,OpenPlay,BlockedShot,0,0.0195380803197622,0
691055,31195,2026-08-30 13:00:00,Fulham,Ryan Sessegnon,away,83,0.825999984741211,0.2860000038146972,86.72999839782715,19.44800025939941,23.35709003694249,14.106840791823018,LeftFoot,OpenPlay,BlockedShot,0,0.0300161857157945,0
691056,31195,2026-08-30 13:00:00,Fulham,Gonzalo García,away,86,0.955,0.549000015258789,100.27499999999999,37.33200103759766,5.781682792626377,59.921240338558015,Head,FromCorner,BlockedShot,0,0.1291707456111908,0
691057,31195,2026-08-30 13:00:00,Fulham,Joshua King,away,86,0.8590000152587891,0.580999984741211,90.19500160217285,39.50799896240235,15.79639294679294,24.652862316076003,RightFoot,FromCorner,BlockedShot,0,0.0257647149264812,0
691058,31195,2026-08-30 13:00:00,Fulham,Shea Charles,away,86,0.916999969482422,0.4909999847412109,96.28499679565431,33.38799896240234,8.736465310511813,45.3904524567013,Head,OpenPlay,MissedShots,0,0.0429061762988567,0
691059,31195,2026-08-30 13:00:00,Fulham,Emile Smith-Rowe,away,90,0.855,0.4670000076293945,89.77499999999999,31.756000518798825,15.389482079382379,26.5089631991221,LeftFoot,OpenPlay,BlockedShot,0,0.0605926103889942,0
691060,31195,2026-08-30 13:00:00,Fulham,Gonzalo García,away,90,0.8859999847412109,0.37,93.02999839782714,25.16,14.880407869276326,22.84030669433337,RightFoot,OpenPlay,BlockedShot,0,0.0601308085024356,0
691577,31196,2026-08-30 13:00:00,Chelsea,João Pedro,home,3,0.97,0.4470000076293945,101.85,30.39600051879883,4.786576256626269,67.57474901754506,Head,FromCorner,BlockedShot,0,0.1320731788873672,0
691578,31196,2026-08-30 13:00:00,Chelsea,Romeo Lavia,home,3,0.960999984741211,0.5279999923706055,100.90499839782716,35.90399948120117,4.515999573318455,76.85802112491777,RightFoot,FromCorner,Goal,1,0.6448930501937866,1
691579,31196,2026-08-30 13:00:00,Chelsea,Pedro Neto,home,13,0.933000030517578,0.51,97.96500320434569,34.68,7.067784653968059,54.6284331218315,RightFoot,OpenPlay,Goal,1,0.5985720157623291,1
691581,31196,2026-08-30 13:00:00,Chelsea,João Pedro,home,24,0.905,0.47,95.025,31.959999999999997,10.181464776740128,38.969521058786476,RightFoot,OpenPlay,MissedShots,0,0.5374264121055603,1
691583,31196,2026-08-30 13:00:00,Chelsea,João Pedro,home,31,0.9080000305175782,0.4559999847412109,95.3400032043457,31.00799896240234,10.112744845047596,38.50757628926361,RightFoot,OpenPlay,Goal,1,0.5012772083282471,1
691584,31196,2026-08-30 13:00:00,Chelsea,Cole Palmer,home,33,0.960999984741211,0.685,100.90499839782716,46.580000000000005,13.229717991015466,10.506542944717395,LeftFoot,OpenPlay,BlockedShot,0,0.0897343456745147,0
691587,31196,2026-08-30 13:00:00,Chelsea,João Pedro,home,40,0.914000015258789,0.66,95.97000160217284,44.88,14.13913968616058,19.513512493914273,RightFoot,OpenPlay,BlockedShot,0,0.0866236314177513,0
691588,31196,2026-08-30 13:00:00,Chelsea,Morgan Rogers,home,40,0.84,0.64,88.2,43.52,19.309852407514665,18.88577045187509,RightFoot,OpenPlay,BlockedShot,0,0.0306908413767814,0
691589,31196,2026-08-30 13:00:00,Chelsea,Morgan Rogers,home,41,0.8019999694824219,0.495,84.2099967956543,33.66,20.792783200829664,19.963713213244592,LeftFoot,OpenPlay,MissedShots,0,0.0483752638101577,0
691592,31196,2026-08-30 13:00:00,Chelsea,João Pedro,home,48,0.8980000305175782,0.6029999923706054,94.29000320434571,41.00399948120117,12.796876185053579,27.536684633388816,RightFoot,OpenPlay,BlockedShot,0,0.1238317117094993,0
691595,31196,2026-08-30 13:00:00,Chelsea,Cole Palmer,home,56,0.8909999847412109,0.6320000076293946,93.55499839782715,42.97600051879883,14.544987005398664,22.917395599833508,LeftFoot,OpenPlay,BlockedShot,0,0.1014537140727043,0
691596,31196,2026-08-30 13:00:00,Chelsea,Pedro Neto,home,57,0.9740000152587892,0.3520000076293945,102.27000160217287,23.936000518798824,10.427702374433029,11.837847599543233,LeftFoot,OpenPlay,SavedShot,0,0.1158770099282264,0
691597,31196,2026-08-30 13:00:00,Chelsea,Cole Palmer,home,57,0.9569999694824218,0.4679999923706054,100.4849967956543,31.823999481201167,5.012008798183095,70.46754024023201,LeftFoot,OpenPlay,MissedShots,0,0.6661861538887024,1
691600,31196,2026-08-30 13:00:00,Chelsea,João Pedro,home,62,0.0889999961853027,0.65,9.344999599456784,44.2,96.19729258990569,4.333269226703696,LeftFoot,FromCorner,OwnGoal,0,0.0,0
691603,31196,2026-08-30 13:00:00,Chelsea,Maxence Lacroix,home,70,0.8809999847412109,0.5620000076293945,92.50499839782714,38.21600051879883,13.187104512091135,29.67668956675188,Head,SetPiece,MissedShots,0,0.0128172794356942,0
691604,31196,2026-08-30 13:00:00,Chelsea,Morgan Rogers,home,71,0.8980000305175782,0.6459999847412109,94.29000320434571,43.92799896240234,14.603739067799971,21.416789236150045,RightFoot,OpenPlay,BlockedShot,0,0.1000471040606498,0
691605,31196,2026-08-30 13:00:00,Chelsea,Cole Palmer,home,73,0.794000015258789,0.5170000076293946,83.37000160217285,35.156000518798834,21.660867200771726,19.155826329422776,LeftFoot,OpenPlay,Goal,1,0.0523955449461936,0
691607,31196,2026-08-30 13:00:00,Chelsea,Valentín Barco,home,85,0.85,0.3359999847412109,89.25,22.84799896240234,19.298435872955594,17.80242822187319,LeftFoot,OpenPlay,MissedShots,0,0.0744595751166343,0
691580,31196,2026-08-30 13:00:00,Brighton,Maxim De Cuyper,away,23,0.8809999847412109,0.73,92.50499839782714,49.64,20.01835820036954,13.28603706167014,LeftFoot,OpenPlay,BlockedShot,0,0.0438426360487937,0
691582,31196,2026-08-30 13:00:00,Brighton,Malick Yalcouyé,away,28,0.924000015258789,0.519000015258789,97.02000160217285,35.29200103759766,8.083912487804234,48.34956058771687,LeftFoot,OpenPlay,SavedShot,0,0.3122384250164032,1
691585,31196,2026-08-30 13:00:00,Brighton,Charalampos Kostoulas,away,34,0.9290000152587892,0.349000015258789,97.54500160217286,23.73200103759765,12.688924454164779,20.288665831116234,RightFoot,OpenPlay,SavedShot,0,0.2635147273540497,1
691586,31196,2026-08-30 13:00:00,Brighton,Malick Yalcouyé,away,34,0.914000015258789,0.4379999923706055,95.97000160217284,29.783999481201175,9.965717808531053,37.57166420267259,RightFoot,OpenPlay,Goal,1,0.335125595331192,1
691590,31196,2026-08-30 13:00:00,Brighton,Diego Gómez,away,44,0.914000015258789,0.4479999923706054,95.97000160217284,30.463999481201167,9.697637378955074,39.33805446380951,Head,OpenPlay,MissedShots,0,0.474634051322937,1
691591,31196,2026-08-30 13:00:00,Brighton,Luka Vuskovic,away,46,0.6969999694824218,0.4809999847412109,73.18499679565429,32.70799896240234,31.841226351597726,13.10378135496376,RightFoot,OpenPlay,MissedShots,0,0.0097560072317719,0
691593,31196,2026-08-30 13:00:00,Brighton,Diego Gómez,away,53,0.8419999694824218,0.4559999847412109,88.4099967956543,31.00799896240234,16.857647419767275,24.154806798480752,RightFoot,OpenPlay,MissedShots,0,0.0517529435455799,0
691594,31196,2026-08-30 13:00:00,Brighton,Diego Gómez,away,55,0.943000030517578,0.4029999923706054,99.01500320434569,27.40399948120117,8.90659359620651,33.60312708999759,Head,SetPiece,MissedShots,0,0.1698360443115234,0
691598,31196,2026-08-30 13:00:00,Brighton,Mats Wieffer,away,59,0.855999984741211,0.3420000076293945,89.87999839782715,23.256000518798825,18.548530219447596,18.506805846999153,RightFoot,OpenPlay,MissedShots,0,0.0345139540731906,0
691599,31196,2026-08-30 13:00:00,Brighton,Diego Gómez,away,61,0.8580000305175781,0.305,90.0900032043457,20.74,19.953335672173246,15.83732133047421,RightFoot,OpenPlay,SavedShot,0,0.0202910490334033,0
691601,31196,2026-08-30 13:00:00,Brighton,Diego Gómez,away,64,0.860999984741211,0.315,90.40499839782716,21.42,19.268380102318613,16.621799411223755,RightFoot,OpenPlay,MissedShots,0,0.0399117618799209,0
691602,31196,2026-08-30 13:00:00,Brighton,Olivier Boscagli,away,68,0.8219999694824218,0.3990000152587891,86.30999679565429,27.132001037597657,19.911946904459462,19.652889681860206,RightFoot,OpenPlay,SavedShot,0,0.0430318340659141,0
691606,31196,2026-08-30 13:00:00,Brighton,Ferdi Kadioglu,away,76,0.8669999694824219,0.3520000076293945,91.0349967956543,23.936000518798824,17.213523754740148,19.86631279688785,RightFoot,FromCorner,MissedShots,0,0.0212108809500932,0
691608,31196,2026-08-30 13:00:00,Brighton,Luka Vuskovic,away,93,0.8330000305175781,0.4720000076293945,87.4650032043457,32.096000518798824,17.638064708125455,23.32334699391879,Head,SetPiece,MissedShots,0,0.015044217929244,0
691609,31196,2026-08-30 13:00:00,Brighton,Pascal Groß,away,95,0.8859999847412109,0.4540000152587891,93.02999839782714,30.872001037597656,12.371956832482521,32.10169682912127,Head,OpenPlay,Goal,1,0.0453363917768001,0
691093,31197,2026-08-30 13:00:00,Leeds,Noah Okafor,home,4,0.8519999694824218,0.6840000152587891,89.45999679565429,46.512001037597656,19.950986681262652,16.474718343743376,RightFoot,OpenPlay,BlockedShot,0,0.0429679490625858,0
691099,31197,2026-08-30 13:00:00,Leeds,Ethan Ampadu,home,20,0.7190000152587891,0.4829999923706055,75.49500160217285,32.84399948120117,29.527635659755184,14.121336355469667,RightFoot,OpenPlay,MissedShots,0,0.0133677246049046,0
691105,31197,2026-08-30 13:00:00,Leeds,Noah Okafor,home,49,0.8680000305175781,0.7130000305175781,91.1400032043457,48.48400207519531,20.047090244965965,14.636048575644619,RightFoot,OpenPlay,BlockedShot,0,0.0351286865770816,0
691110,31197,2026-08-30 13:00:00,Leeds,Harry Wilson,home,62,0.7130000305175781,0.3779999923706054,74.8650032043457,25.703999481201166,31.2560659149869,12.894726763975564,LeftFoot,OpenPlay,BlockedShot,0,0.0126873375847935,0
691111,31197,2026-08-30 13:00:00,Leeds,James Justin,home,63,0.77,0.6129999923706054,80.85000000000001,41.68399948120117,25.34297433268438,15.700878557293168,RightFoot,OpenPlay,SavedShot,0,0.0174954924732446,0
691112,31197,2026-08-30 13:00:00,Leeds,Daniel James,home,68,0.8230000305175781,0.5979999923706054,86.4150032043457,40.66399948120117,19.743631757605545,19.870616740775475,LeftFoot,OpenPlay,BlockedShot,0,0.043002676218748,0
691117,31197,2026-08-30 13:00:00,Leeds,Daniel James,home,72,0.8519999694824218,0.325,89.45999679565429,22.1,19.572983921494313,17.102318477373725,RightFoot,OpenPlay,MissedShots,0,0.087622083723545,0
691118,31197,2026-08-30 13:00:00,Leeds,Anton Stach,home,76,0.7440000152587891,0.5359999847412109,78.12000160217286,36.447998962402345,26.9912395563285,15.383733101904816,RightFoot,DirectFreekick,BlockedShot,0,0.059730265289545,0
691119,31197,2026-08-30 13:00:00,Leeds,Lukas Nmecha,home,78,0.9669999694824218,0.3390000152587891,101.5349967956543,23.05200103759766,11.483245555455511,12.084370579488654,RightFoot,OpenPlay,MissedShots,0,0.0393981784582138,0
691120,31197,2026-08-30 13:00:00,Leeds,Dominic Calvert-Lewin,home,78,0.968000030517578,0.5079999923706054,101.64000320434569,34.54399948120117,3.4037499764751202,94.20910415766619,LeftFoot,OpenPlay,Goal,1,0.7724223732948303,1
691123,31197,2026-08-30 13:00:00,Leeds,Daniel James,home,81,0.8240000152587891,0.3179999923706054,86.52000160217285,21.623999481201167,22.241306832670666,15.699100240383258,LeftFoot,FromCorner,MissedShots,0,0.0250732135027647,0
691124,31197,2026-08-30 13:00:00,Leeds,Daniel James,home,83,0.865,0.2629999923706054,90.825,17.883999481201165,21.46290049648286,13.061133463522065,RightFoot,OpenPlay,BlockedShot,0,0.0314671769738197,0
691092,31197,2026-08-30 13:00:00,Brentford,Kevin Schade,away,0,0.914000015258789,0.46,95.97000160217284,31.28,9.430761955683169,41.1854423730606,RightFoot,OpenPlay,BlockedShot,0,0.1076071634888649,0
691094,31197,2026-08-30 13:00:00,Brentford,Thiago,away,7,0.9109999847412108,0.2710000038146972,95.65499839782713,18.428000259399408,18.1608433412625,12.198763090930296,RightFoot,OpenPlay,SavedShot,0,0.0454157032072544,0
691095,31197,2026-08-30 13:00:00,Brentford,Keane Lewis-Potter,away,8,0.6969999694824218,0.654000015258789,73.18499679565429,44.47200103759766,33.49413731720784,11.86516926210249,RightFoot,OpenPlay,BlockedShot,0,0.0110522853210568,0
691096,31197,2026-08-30 13:00:00,Brentford,Nathan Collins,away,9,0.8909999847412109,0.429000015258789,93.55499839782715,29.172001037597653,12.42165993958526,30.734833664343515,Head,FromCorner,SavedShot,0,0.0434646792709827,0
691097,31197,2026-08-30 13:00:00,Brentford,Jaidon Anthony,away,10,0.865999984741211,0.404000015258789,90.92999839782715,27.47200103759765,15.510632338440388,24.386847953063654,RightFoot,OpenPlay,BlockedShot,0,0.076881006360054,0
691098,31197,2026-08-30 13:00:00,Brentford,Mikkel Damsgaard,away,13,0.9180000305175782,0.7319999694824219,96.3900032043457,49.775997924804685,17.97259456351862,11.50578739909236,RightFoot,OpenPlay,SavedShot,0,0.0429168827831745,0
691100,31197,2026-08-30 13:00:00,Brentford,Mamadou Sangaré,away,23,0.860999984741211,0.409000015258789,90.40499839782716,27.81200103759765,15.852615018542538,24.182868155513198,RightFoot,SetPiece,BlockedShot,0,0.0622817873954772,0
691101,31197,2026-08-30 13:00:00,Brentford,Kevin Schade,away,39,0.9080000305175782,0.5929999923706055,95.3400032043457,40.32399948120118,11.545930344943363,30.527333441870148,Head,OpenPlay,MissedShots,0,0.0437756031751632,0
691102,31197,2026-08-30 13:00:00,Brentford,Mamadou Sangaré,away,40,0.8490000152587891,0.5170000076293946,89.14500160217285,35.156000518798834,15.897084996771092,25.870973739180144,LeftFoot,OpenPlay,MissedShots,0,0.0985527783632278,0
691103,31197,2026-08-30 13:00:00,Brentford,Kevin Schade,away,40,0.9109999847412108,0.5479999923706055,95.65499839782713,37.263999481201175,9.898623518343097,38.96238024638348,RightFoot,OpenPlay,Goal,1,0.1079181134700775,0
691104,31197,2026-08-30 13:00:00,Brentford,Thiago,away,45,0.921999969482422,0.6580000305175782,96.80999679565431,44.74400207519531,13.509616318718816,19.519375556815227,Head,FromCorner,MissedShots,0,0.010937426239252,0
691106,31197,2026-08-30 13:00:00,Brentford,Jaidon Anthony,away,54,0.805,0.2679999923706054,84.525,18.22399948120117,25.847781672111452,12.894003399224491,RightFoot,OpenPlay,BlockedShot,0,0.0288782902061939,0
691107,31197,2026-08-30 13:00:00,Brentford,Nathan Collins,away,55,0.9309999847412108,0.335,97.75499839782714,22.78,13.355839479998526,17.81989946064081,Head,OpenPlay,BlockedShot,0,0.0240955166518688,0
691108,31197,2026-08-30 13:00:00,Brentford,Nathan Collins,away,56,0.950999984741211,0.5879999923706055,99.85499839782715,39.983999481201174,7.891722959999113,37.61169763263434,Head,FromCorner,BlockedShot,0,0.0360872782766819,0
691109,31197,2026-08-30 13:00:00,Brentford,Mikkel Damsgaard,away,56,0.9,0.4159999847412109,94.5,28.28799896240234,11.953114901711468,30.693324421192912,Head,FromCorner,MissedShots,0,0.0168210435658693,0
691113,31197,2026-08-30 13:00:00,Brentford,Dango Ouattara,away,69,0.7580000305175781,0.2870000076293945,79.5900032043457,19.516000518798826,29.248148285431633,12.455974404296054,LeftFoot,OpenPlay,BlockedShot,0,0.0147544490173459,0
691114,31197,2026-08-30 13:00:00,Brentford,Mamadou Sangaré,away,70,0.845999984741211,0.515,88.82999839782715,35.02,16.20214034670335,25.414357015104372,LeftFoot,OpenPlay,BlockedShot,0,0.043978277593851,0
691115,31197,2026-08-30 13:00:00,Brentford,Thiago,away,70,0.925,0.5070000076293946,97.125,34.47600051879883,7.889372693306911,49.7230835212548,Head,OpenPlay,MissedShots,0,0.0581752881407737,0
691116,31197,2026-08-30 13:00:00,Brentford,Michael Kayode,away,71,0.7380000305175781,0.4120000076293945,77.4900032043457,28.016000518798826,28.153297737350876,14.490013149181614,LeftFoot,OpenPlay,BlockedShot,0,0.0229633934795856,0
691121,31197,2026-08-30 13:00:00,Brentford,Thiago,away,80,0.9009999847412108,0.4420000076293945,94.60499839782713,30.056000518798825,11.118056944308734,34.620694858338645,Head,OpenPlay,SavedShot,0,0.2324966341257095,1
691122,31197,2026-08-30 13:00:00,Brentford,Thiago,away,80,0.9619999694824218,0.43,101.00999679565429,29.24,6.211096969995643,49.23208543787692,RightFoot,OpenPlay,MissedShots,0,0.5443413257598877,1
691125,31197,2026-08-30 13:00:00,Brentford,Callum Wilson,away,90,0.8440000152587891,0.4609999847412109,88.62000160217285,31.34799896240234,16.593295544172022,24.595522982134522,RightFoot,OpenPlay,BlockedShot,0,0.0666065290570259,0
691310,31198,2026-08-30 15:30:00,Man United,Marcus Rashford,home,5,0.7030000305175781,0.5729999923706055,73.8150032043457,38.96399948120117,31.57760782570989,13.063996228416135,RightFoot,OpenPlay,SavedShot,0,0.0088778045028448,0
691311,31198,2026-08-30 15:30:00,Man United,Matheus Cunha,home,6,0.815,0.6379999923706055,85.57499999999999,43.38399948120117,21.572901317699117,17.462830201547266,RightFoot,OpenPlay,MissedShots,0,0.0305919423699378,0
691312,31198,2026-08-30 15:30:00,Man United,Diogo Dalot,home,11,0.855999984741211,0.3420000076293945,89.87999839782715,23.256000518798825,18.548530219447596,18.506805846999153,LeftFoot,OpenPlay,SavedShot,0,0.091075412929058,0
691314,31198,2026-08-30 15:30:00,Man United,Bruno Fernandes,home,13,0.865,0.36,90.825,24.48,17.07515812518291,20.456473091183913,RightFoot,OpenPlay,BlockedShot,0,0.1043142154812812,0
691315,31198,2026-08-30 15:30:00,Man United,Youri Tielemans,home,16,0.785,0.2120000076293945,82.425,14.416000518798826,29.88584381742781,10.638055848962447,RightFoot,OpenPlay,BlockedShot,0,0.013249454088509,0
691316,31198,2026-08-30 15:30:00,Man United,Marcus Rashford,home,19,0.69,0.56,72.44999999999999,38.080000000000005,32.80470850350603,12.636579189816164,RightFoot,DirectFreekick,MissedShots,0,0.0339869409799575,0
691319,31198,2026-08-30 15:30:00,Man United,Bruno Fernandes,home,25,0.7269999694824218,0.620999984741211,76.33499679565429,42.227998962402346,29.822514575911335,13.470435885902617,RightFoot,DirectFreekick,BlockedShot,0,0.0436957664787769,0
691320,31198,2026-08-30 15:30:00,Man United,Marcus Rashford,home,26,0.975999984741211,0.6029999923706054,102.47999839782715,41.00399948120117,7.443548670333258,23.705662852437978,RightFoot,OpenPlay,MissedShots,0,0.0768578425049781,0
691324,31198,2026-08-30 15:30:00,Man United,Bruno Fernandes,home,39,0.8680000305175781,0.610999984741211,91.1400032043457,41.547998962402346,15.782008728675011,23.291174941746085,LeftFoot,OpenPlay,Goal,1,0.5706879496574402,1
691325,31198,2026-08-30 15:30:00,Man United,Diogo Dalot,home,44,0.745,0.3390000152587891,78.225,23.05200103759766,28.926792187879443,13.389469891185012,RightFoot,OpenPlay,MissedShots,0,0.0193642005324363,0
691326,31198,2026-08-30 15:30:00,Man United,Lisandro Martínez,home,45,0.725,0.495,76.125,33.66,28.877001662222483,14.44585582110854,LeftFoot,OpenPlay,MissedShots,0,0.0149012766778469,0
691328,31198,2026-08-30 15:30:00,Man United,Bryan Mbeumo,home,51,0.988000030517578,0.469000015258789,103.7400032043457,31.89200103759765,2.4558606537319023,128.60600706072776,RightFoot,OpenPlay,ShotOnPost,0,0.9380573630332948,1
691329,31198,2026-08-30 15:30:00,Man United,Youri Tielemans,home,51,0.955,0.5270000076293946,100.27499999999999,35.83600051879883,5.069173789191851,70.42198748578512,LeftFoot,OpenPlay,BlockedShot,0,0.1651834696531295,0
691330,31198,2026-08-30 15:30:00,Man United,Kobbie Mainoo,home,52,0.860999984741211,0.5120000076293946,90.40499839782716,34.81600051879883,14.617794929951227,28.07629602055764,RightFoot,FromCorner,BlockedShot,0,0.0697709619998931,0
691331,31198,2026-08-30 15:30:00,Man United,Diogo Dalot,home,52,0.8490000152587891,0.495,89.14500160217285,33.66,15.85864351686806,25.986193284704985,RightFoot,FromCorner,BlockedShot,0,0.0667065232992172,0
691332,31198,2026-08-30 15:30:00,Man United,Kobbie Mainoo,home,52,0.8119999694824219,0.525,85.2599967956543,35.7,19.813069588218237,20.86159791340509,LeftFoot,FromCorner,BlockedShot,0,0.0359379388391971,0
691333,31198,2026-08-30 15:30:00,Man United,Youri Tielemans,home,53,0.749000015258789,0.4379999923706055,78.64500160217284,29.783999481201175,26.690084318412787,15.429828619363676,RightFoot,OpenPlay,SavedShot,0,0.0207990109920501,0
691334,31198,2026-08-30 15:30:00,Man United,Bryan Mbeumo,home,55,0.916999969482422,0.499000015258789,96.28499679565431,33.93200103759765,8.71526848184515,45.55932618884555,Head,OpenPlay,BlockedShot,0,0.0678879544138908,0
691335,31198,2026-08-30 15:30:00,Man United,Harry Maguire,home,55,0.860999984741211,0.2720000076293945,90.40499839782716,18.496000518798827,21.292911301193975,13.647971712059206,RightFoot,OpenPlay,MissedShots,0,0.0311234593391418,0
691337,31198,2026-08-30 15:30:00,Man United,Bruno Fernandes,home,60,0.885,0.5,92.925,34.0,12.075000000000003,33.72469903927551,RightFoot,Penalty,Goal,1,0.7611688375473022,1
691338,31198,2026-08-30 15:30:00,Man United,Marcus Rashford,home,63,0.955999984741211,0.615,100.37999839782715,41.82,9.082775721335395,26.077311340156726,RightFoot,OpenPlay,SavedShot,0,0.2959602475166321,1
691339,31198,2026-08-30 15:30:00,Man United,Diogo Dalot,home,63,0.914000015258789,0.5790000152587891,95.97000160217284,39.372001037597656,10.507105510687104,34.27103781344898,Head,FromCorner,MissedShots,0,0.049820564687252,0
691340,31198,2026-08-30 15:30:00,Man United,Kobbie Mainoo,home,67,0.774000015258789,0.6359999847412109,81.27000160217285,43.24799896240234,25.46837860503636,15.293357782644632,RightFoot,OpenPlay,BlockedShot,0,0.0225698985159397,0
691341,31198,2026-08-30 15:30:00,Man United,Bryan Mbeumo,home,67,0.8590000152587891,0.419000015258789,90.19500160217285,28.492001037597653,15.79639294679294,24.652862316076007,LeftFoot,OpenPlay,BlockedShot,0,0.0610201880335807,0
691342,31198,2026-08-30 15:30:00,Man United,Bruno Fernandes,home,67,0.936999969482422,0.5520000076293945,98.38499679565432,37.53600051879883,7.500771097857156,48.482776385479056,RightFoot,OpenPlay,Goal,1,0.5881048440933228,1
691343,31198,2026-08-30 15:30:00,Man United,Bruno Fernandes,home,69,0.52,0.435,54.6,29.58,50.593442262807145,8.244092659899275,RightFoot,OpenPlay,MissedShots,0,0.0110314693301916,0
691344,31198,2026-08-30 15:30:00,Man United,Bryan Mbeumo,home,75,0.8859999847412109,0.2760000038146972,93.02999839782714,18.768000259399408,19.37252576340208,13.610138935641453,LeftFoot,OpenPlay,BlockedShot,0,0.0500064231455326,0
691345,31198,2026-08-30 15:30:00,Man United,Bruno Fernandes,home,76,0.779000015258789,0.654000015258789,81.79500160217285,44.47200103759766,25.45849085029604,14.981701141777773,RightFoot,OpenPlay,BlockedShot,0,0.0418671704828739,0
691346,31198,2026-08-30 15:30:00,Man United,Matheus Cunha,home,76,0.901999969482422,0.3290000152587891,94.7099967956543,22.372001037597656,15.527218869297704,18.30421957803618,RightFoot,OpenPlay,SavedShot,0,0.0839813873171806,0
691347,31198,2026-08-30 15:30:00,Man United,Bruno Fernandes,home,80,0.7669999694824219,0.3520000076293945,80.5349967956543,23.936000518798824,26.454120044829754,14.622160881441665,RightFoot,OpenPlay,BlockedShot,0,0.0854562148451805,0
691348,31198,2026-08-30 15:30:00,Man United,Bryan Mbeumo,home,81,0.7719999694824219,0.3290000152587891,81.0599967956543,22.372001037597656,26.614547024018883,14.153060597205926,LeftFoot,OpenPlay,Goal,1,0.3359232246875763,1
691349,31198,2026-08-30 15:30:00,Man United,Patrick Dorgu,home,85,0.968000030517578,0.590999984741211,101.64000320434569,40.18799896240235,7.0413712887121465,34.20397009342166,Head,OpenPlay,SavedShot,0,0.1869331896305084,0
691352,31198,2026-08-30 15:30:00,Man United,Patrick Dorgu,home,96,0.855999984741211,0.695,89.87999839782715,47.26,20.110744602070543,15.803177104142831,LeftFoot,OpenPlay,SavedShot,0,0.0985427126288414,0
691313,31198,2026-08-30 15:30:00,Ipswich,Julio Enciso,away,12,0.8430000305175781,0.4909999847412109,88.5150032043457,33.38799896240234,16.49635307038356,25.003728874399332,LeftFoot,OpenPlay,SavedShot,0,0.5151225328445435,1
691317,31198,2026-08-30 15:30:00,Ipswich,Daizen Maeda,away,22,0.865999984741211,0.6930000305175781,90.92999839782715,47.12400207519531,19.24069581784602,16.10071899581939,LeftFoot,OpenPlay,SavedShot,0,0.1086564436554908,0
691318,31198,2026-08-30 15:30:00,Ipswich,Dara O'Shea,away,22,0.9790000152587892,0.6129999923706054,102.79500160217287,41.68399948120117,7.994114457619433,17.721314159803075,Head,FromCorner,MissedShots,0,0.0188435949385166,0
691321,31198,2026-08-30 15:30:00,Ipswich,Leif Davis,away,28,0.89,0.5929999923706055,93.45,40.32399948120118,13.167971348625905,27.852552123608877,LeftFoot,OpenPlay,Goal,1,0.3105922937393188,1
691322,31198,2026-08-30 15:30:00,Ipswich,Leif Davis,away,30,0.970999984741211,0.5840000152587891,101.95499839782715,39.71200103759766,6.472942963656634,38.02510845951233,LeftFoot,OpenPlay,SavedShot,0,0.3500528335571289,1
691323,31198,2026-08-30 15:30:00,Ipswich,Sasa Lukic,away,31,0.8059999847412109,0.63,84.62999839782715,42.84,22.205462509763773,17.267608552860512,RightFoot,FromCorner,BlockedShot,0,0.0379965938627719,0
691327,31198,2026-08-30 15:30:00,Ipswich,Julio Enciso,away,49,0.7330000305175781,0.4370000076293945,76.9650032043457,29.716000518798825,28.36042483615643,14.545541742276122,RightFoot,OpenPlay,MissedShots,0,0.0213083587586879,0
691336,31198,2026-08-30 15:30:00,Ipswich,Jacob Greaves,away,55,0.0889999961853027,0.54,9.344999599456784,36.72,95.69366489808989,4.378890304778849,RightFoot,OpenPlay,OwnGoal,0,0.0,0
691350,31198,2026-08-30 15:30:00,Ipswich,Julio Enciso,away,90,0.7719999694824219,0.3229999923706054,81.0599967956543,21.963999481201167,26.79531791027321,13.966764516443256,RightFoot,OpenPlay,MissedShots,0,0.0135723073035478,0
691351,31198,2026-08-30 15:30:00,Ipswich,Chuba Akpom,away,90,0.92,0.489000015258789,96.60000000000001,33.25200103759765,8.43323795749621,46.80850460920391,RightFoot,OpenPlay,Goal,1,0.4293347895145416,1
691696,31199,2026-08-31 19:00:00,Aston Villa,John McGinn,home,6,0.745999984741211,0.4329999923706055,78.32999839782715,29.443999481201175,27.056350939977058,15.197875438138299,LeftFoot,OpenPlay,MissedShots,0,0.0207442939281463,0
691699,31199,2026-08-31 19:00:00,Aston Villa,Emiliano Buendía,home,11,0.784000015258789,0.364000015258789,82.32000160217285,24.75200103759765,24.4930155786101,15.804645341776771,RightFoot,OpenPlay,ShotOnPost,0,0.0273728407919406,0
691702,31199,2026-08-31 19:00:00,Aston Villa,Ian Maatsen,home,26,0.874000015258789,0.700999984741211,91.77000160217284,47.66799896240234,19.022277814256125,15.531974965036829,RightFoot,OpenPlay,MissedShots,0,0.0420445278286933,0
691703,31199,2026-08-31 19:00:00,Aston Villa,Ian Maatsen,home,46,0.919000015258789,0.7180000305175781,96.49500160217285,48.82400207519531,17.09052472197496,12.592538682828263,LeftFoot,OpenPlay,MissedShots,0,0.0402790792286396,0
691706,31199,2026-08-31 19:00:00,Aston Villa,Matthew Cash,home,64,0.8919999694824219,0.3890000152587891,93.6599967956543,26.452001037597658,13.622333170606192,25.739938649450178,LeftFoot,OpenPlay,BlockedShot,0,0.0784304365515708,0
691707,31199,2026-08-31 19:00:00,Aston Villa,Ross Barkley,home,67,0.799000015258789,0.5729999923706055,83.89500160217285,38.96399948120117,21.680918989324503,18.69048246190103,RightFoot,OpenPlay,BlockedShot,0,0.0360604859888553,0
691708,31199,2026-08-31 19:00:00,Aston Villa,John McGinn,home,69,0.8180000305175781,0.3720000076293945,85.8900032043457,25.296000518798827,20.998847218327672,18.116747655844648,LeftFoot,OpenPlay,MissedShots,0,0.0369931831955909,0
691697,31199,2026-08-31 19:00:00,Arsenal,Myles Lewis-Skelly,away,7,0.8440000152587891,0.665,88.62000160217285,45.22,19.854287887326002,17.477649667948334,LeftFoot,OpenPlay,BlockedShot,0,0.0472012013196945,0
691698,31199,2026-08-31 19:00:00,Arsenal,Gabriel,away,7,0.9359999847412108,0.4620000076293945,98.27999839782714,31.41600051879883,7.199685746756846,51.99413234901797,Head,FromCorner,MissedShots,0,0.327258437871933,1
691700,31199,2026-08-31 19:00:00,Arsenal,Bukayo Saka,away,12,0.8109999847412109,0.335,85.15499839782714,22.78,22.797203525657334,16.00850910160484,LeftFoot,OpenPlay,MissedShots,0,0.0374827608466148,0
691701,31199,2026-08-31 19:00:00,Arsenal,Riccardo Calafiori,away,17,0.9640000152587892,0.5770000076293945,101.22000160217287,39.236000518798825,6.4578703393949635,44.34608786556812,Head,FromCorner,MissedShots,0,0.0487022772431373,0
691704,31199,2026-08-31 19:00:00,Arsenal,Martin Odegaard,away,56,0.8159999847412109,0.3290000152587891,85.67999839782715,22.372001037597656,22.549341936686126,15.942376083935535,LeftFoot,DirectFreekick,MissedShots,0,0.0908846855163574,0
691705,31199,2026-08-31 19:00:00,Arsenal,Bukayo Saka,away,58,0.975,0.494000015258789,102.375,33.592001037597655,2.6565180506296944,108.25633351458694,RightFoot,OpenPlay,Goal,1,0.9377986788749696,1
691709,31199,2026-08-31 19:00:00,Arsenal,Kai Havertz,away,73,0.8390000152587891,0.2639999961853027,88.09500160217286,17.95199974060058,23.309167362997375,13.143885662366118,LeftFoot,OpenPlay,SavedShot,0,0.0350794270634651,0
691975,31200,2026-09-04 19:00:00,Ipswich,Abdul Fatawu,home,10,0.8,0.2670000076293945,84.0,18.156000518798827,26.306507171426293,12.762864931350062,LeftFoot,OpenPlay,MissedShots,0,0.0202792920172214,0
691976,31200,2026-09-04 19:00:00,Ipswich,Julio Enciso,home,11,0.8,0.489000015258789,84.0,33.25200103759765,21.013317264243526,19.749223714952734,LeftFoot,OpenPlay,BlockedShot,0,0.0525427237153053,0
691977,31200,2026-09-04 19:00:00,Ipswich,Julio Enciso,home,18,0.775,0.5970000076293945,81.375,40.59600051879883,24.528510917786967,16.382335547496623,RightFoot,OpenPlay,SavedShot,0,0.0287127532064914,0
691980,31200,2026-09-04 19:00:00,Ipswich,Emersonn,home,25,0.9569999694824218,0.55,100.4849967956543,37.400000000000006,5.652013263895618,60.696100251189584,LeftFoot,OpenPlay,BlockedShot,0,0.1079452708363533,0
691981,31200,2026-09-04 19:00:00,Ipswich,Julio Enciso,home,28,0.9309999847412108,0.315,97.75499839782714,21.42,14.5171088104859,15.041547427481241,RightFoot,OpenPlay,BlockedShot,0,0.0420508831739425,0
691982,31200,2026-09-04 19:00:00,Ipswich,Leif Davis,home,29,0.968000030517578,0.5970000076293945,101.64000320434569,40.59600051879883,7.402486157420472,30.71324044981215,Head,OpenPlay,MissedShots,0,0.0750168114900589,0
691984,31200,2026-09-04 19:00:00,Ipswich,Daizen Maeda,home,34,0.9590000152587892,0.6859999847412109,100.69500160217287,46.64799896240234,13.360572179297744,10.805459994993555,LeftFoot,OpenPlay,SavedShot,0,0.0598773099482059,0
691985,31200,2026-09-04 19:00:00,Ipswich,Julio Enciso,home,37,0.7480000305175781,0.6990000152587891,78.54000320434571,47.53200103759766,29.719463025222705,12.553095721920137,RightFoot,OpenPlay,MissedShots,0,0.0139307305216789,0
691990,31200,2026-09-04 19:00:00,Ipswich,Abdul Fatawu,home,55,0.7880000305175782,0.2470000076293945,82.74000320434571,16.796000518798827,28.133344193175994,11.827642921793316,LeftFoot,OpenPlay,MissedShots,0,0.0140563203021883,0
691991,31200,2026-09-04 19:00:00,Ipswich,Julio Enciso,home,59,0.775,0.625999984741211,81.375,42.56799896240235,25.130683063134747,15.629475517654765,RightFoot,OpenPlay,SavedShot,0,0.062811441719532,0
691992,31200,2026-09-04 19:00:00,Ipswich,Zian Flemming,home,75,0.8130000305175781,0.735,85.3650032043457,49.98,25.315874449944538,12.901038689870395,RightFoot,OpenPlay,SavedShot,0,0.0139680858701467,0
691994,31200,2026-09-04 19:00:00,Ipswich,Jack Clarke,home,85,0.77,0.5970000076293945,80.85000000000001,40.59600051879883,25.03457055441523,16.07828436645511,RightFoot,OpenPlay,BlockedShot,0,0.0284725446254014,0
691995,31200,2026-09-04 19:00:00,Ipswich,Kasey McAteer,home,93,0.7569999694824219,0.42,79.4849967956543,28.56,26.08848382941737,15.638270814250028,RightFoot,OpenPlay,SavedShot,0,0.0215396918356418,0
691996,31200,2026-09-04 19:00:00,Ipswich,Julio Enciso,home,94,0.8080000305175781,0.575,84.84000320434569,39.099999999999994,20.79508285150102,19.400479705762933,RightFoot,OpenPlay,MissedShots,0,0.0567679740488529,0
691973,31200,2026-09-04 19:00:00,Liverpool,Alexander Isak,away,5,0.8719999694824219,0.3359999847412109,91.5599967956543,22.84799896240234,17.464272480564485,18.643199692706375,RightFoot,OpenPlay,Goal,1,0.1204346865415573,0
691974,31200,2026-09-04 19:00:00,Liverpool,Alexander Isak,away,8,0.8619999694824219,0.6719999694824219,90.50999679565429,45.695997924804686,18.621400600357227,17.649722643352238,LeftFoot,OpenPlay,Goal,1,0.1274365037679672,0
691978,31200,2026-09-04 19:00:00,Liverpool,Dominik Szoboszlai,away,19,0.7930000305175782,0.5459999847412109,83.2650032043457,37.127998962402344,21.95892673187587,18.746099140508488,RightFoot,OpenPlay,SavedShot,0,0.0622197464108467,0
691979,31200,2026-09-04 19:00:00,Liverpool,Dominik Szoboszlai,away,22,0.8069999694824219,0.4509999847412109,84.7349967956543,30.66799896240234,20.53710266290485,19.963166138091523,RightFoot,OpenPlay,SavedShot,0,0.0702009946107864,0
691983,31200,2026-09-04 19:00:00,Liverpool,Alexis Mac Allister,away,30,0.7809999847412109,0.52,82.00499839782715,35.36,23.035183929891506,18.02676013973864,RightFoot,OpenPlay,MissedShots,0,0.0486696250736713,0
691986,31200,2026-09-04 19:00:00,Liverpool,Dominik Szoboszlai,away,39,0.7190000152587891,0.2679999923706054,75.49500160217285,18.22399948120117,33.457840976741515,11.04920187432146,RightFoot,OpenPlay,SavedShot,0,0.0157013591378927,0
691987,31200,2026-09-04 19:00:00,Liverpool,Florian Wirtz,away,41,0.785,0.585999984741211,82.425,39.84799896240234,23.320156879066207,17.303659877718125,RightFoot,SetPiece,SavedShot,0,0.0265824198722839,0
691988,31200,2026-09-04 19:00:00,Liverpool,Florian Wirtz,away,46,0.8369999694824218,0.4320000076293945,87.88499679565429,29.376000518798826,17.728640835859718,22.604130441108367,RightFoot,OpenPlay,BlockedShot,0,0.1193745955824852,0
691989,31200,2026-09-04 19:00:00,Liverpool,Alexis Mac Allister,away,46,0.89,0.444000015258789,93.45,30.192001037597652,12.161552372031183,32.15176618340476,Head,FromCorner,SavedShot,0,0.0347161181271076,0
691993,31200,2026-09-04 19:00:00,Liverpool,Cody Gakpo,away,76,0.874000015258789,0.3870000076293945,91.77000160217284,26.316000518798827,15.299565537413445,23.69376425456425,LeftFoot,OpenPlay,BlockedShot,0,0.1188027262687683,0
692051,31201,2026-09-05 11:30:00,Newcastle,Amar Dedic,home,7,0.95,0.3429999923706054,99.75,23.323999481201167,11.897036903254229,16.69384330539191,RightFoot,OpenPlay,BlockedShot,0,0.1145160123705864,0
692063,31201,2026-09-05 11:30:00,Newcastle,Malick Thiaw,home,34,0.0419999980926513,0.4329999923706055,4.409999799728387,29.443999481201175,100.69312429862299,4.159099418606515,RightFoot,OpenPlay,OwnGoal,0,0.0,0
692064,31201,2026-09-05 11:30:00,Newcastle,Harvey Barnes,home,36,0.8590000152587891,0.725,90.19500160217285,49.3,21.290325914829587,13.84017612827784,RightFoot,OpenPlay,Goal,1,0.0242041479796171,0
692065,31201,2026-09-05 11:30:00,Newcastle,Joe Willock,home,37,0.7040000152587891,0.6129999923706054,73.92000160217286,41.68399948120117,32.01577967871527,12.674578181296075,RightFoot,OpenPlay,BlockedShot,0,0.0156378559768199,0
692067,31201,2026-09-05 11:30:00,Newcastle,Joe Willock,home,51,0.95,0.4709999847412109,99.75,32.02799896240234,5.608144799511353,64.83430593609114,Head,OpenPlay,MissedShots,0,0.4200004637241363,1
692069,31201,2026-09-05 11:30:00,Newcastle,Lewis Hall,home,59,0.8109999847412109,0.3420000076293945,85.15499839782714,23.256000518798825,22.56673688069,16.328226565193887,LeftFoot,FromCorner,MissedShots,0,0.0295141227543354,0
692072,31201,2026-09-05 11:30:00,Newcastle,Harvey Barnes,home,87,0.8719999694824219,0.5029999923706054,91.5599967956543,34.20399948120117,13.441551321226024,30.46070954291361,RightFoot,SetPiece,MissedShots,0,0.0675467774271965,0
692073,31201,2026-09-05 11:30:00,Newcastle,Jacob Ramsey,home,87,0.8440000152587891,0.5509999847412109,88.62000160217285,37.46799896240234,16.743099005740955,24.188552172179822,RightFoot,SetPiece,Goal,1,0.0591822117567062,0
692075,31201,2026-09-05 11:30:00,Newcastle,Amar Dedic,home,95,0.7219999694824218,0.425,75.8099967956543,28.9,29.63218329907049,13.880421306640104,RightFoot,DirectFreekick,MissedShots,0,0.0450318194925785,0
692050,31201,2026-09-05 11:30:00,Bournemouth,Marcus Tavernier,away,3,0.7580000305175781,0.385,79.5900032043457,26.18,26.58609292760336,15.015307749672216,LeftFoot,DirectFreekick,SavedShot,0,0.0609133206307888,0
692052,31201,2026-09-05 11:30:00,Bournemouth,Alex Scott,away,8,0.8269999694824218,0.4279999923706055,86.83499679565429,29.10399948120117,18.813244337273893,21.3285944736887,RightFoot,OpenPlay,BlockedShot,0,0.0650243833661079,0
692053,31201,2026-09-05 11:30:00,Bournemouth,Marcus Tavernier,away,8,0.950999984741211,0.534000015258789,99.85499839782715,36.31200103759765,5.640601943428898,63.93601407941198,LeftFoot,OpenPlay,Goal,1,0.6284084916114807,1
692054,31201,2026-09-05 11:30:00,Bournemouth,Evanilson,away,11,0.845999984741211,0.509000015258789,88.82999839782715,34.61200103759765,16.18157894286874,25.473850627226465,LeftFoot,OpenPlay,MissedShots,0,0.3753243684768677,1
692055,31201,2026-09-05 11:30:00,Bournemouth,António Silva,away,14,0.933000030517578,0.3459999847412109,97.96500320434569,23.527998962402343,12.615624663341597,19.458223282598702,Head,OpenPlay,SavedShot,0,0.0163459684699773,0
692056,31201,2026-09-05 11:30:00,Bournemouth,Marcus Tavernier,away,15,0.8819999694824219,0.6370000076293946,92.6099967956543,43.31600051879883,15.50161427303482,21.786833227855034,Head,OpenPlay,SavedShot,0,0.0146308811381459,0
692057,31201,2026-09-05 11:30:00,Bournemouth,Evanilson,away,16,0.94,0.325,98.69999999999999,22.1,13.464768843169946,15.357941225733978,RightFoot,OpenPlay,BlockedShot,0,0.0736584886908531,0
692058,31201,2026-09-05 11:30:00,Bournemouth,Marcus Tavernier,away,25,0.860999984741211,0.485,90.40499839782716,32.98,14.630600526548042,28.03186689380195,LeftFoot,OpenPlay,SavedShot,0,0.1422207653522491,0
692059,31201,2026-09-05 11:30:00,Bournemouth,Adam Smith,away,30,0.7280000305175781,0.4109999847412109,76.4400032043457,27.94799896240234,29.194179788561744,13.993362947259039,LeftFoot,OpenPlay,BlockedShot,0,0.0194541551172733,0
692060,31201,2026-09-05 11:30:00,Bournemouth,Justin Kluivert,away,30,0.7669999694824219,0.3209999847412109,80.5349967956543,21.82799896240234,27.325702022965928,13.723962737946907,RightFoot,OpenPlay,BlockedShot,0,0.0244907233864069,0
692061,31201,2026-09-05 11:30:00,Bournemouth,Adrien Truffert,away,32,0.754000015258789,0.345,79.17000160217285,23.459999999999997,27.897677631511794,13.884875007576813,LeftFoot,FromCorner,BlockedShot,0,0.0194241944700479,0
692062,31201,2026-09-05 11:30:00,Bournemouth,Justin Kluivert,away,34,0.7,0.4029999923706054,73.5,27.40399948120117,32.18318229827489,12.709645479016222,RightFoot,OpenPlay,ShotOnPost,0,0.0295404344797134,0
692066,31201,2026-09-05 11:30:00,Bournemouth,Rayan,away,47,0.9080000305175782,0.4229999923706055,95.3400032043457,28.76399948120117,10.987776823585053,33.376317647406054,Head,OpenPlay,MissedShots,0,0.0522265769541263,0
692068,31201,2026-09-05 11:30:00,Bournemouth,Evanilson,away,51,0.916999969482422,0.2989999961853027,96.28499679565431,20.331999740600583,16.210043551536135,14.349659916729735,RightFoot,OpenPlay,MissedShots,0,0.0632498636841774,0
692070,31201,2026-09-05 11:30:00,Bournemouth,Alex Scott,away,61,0.7519999694824219,0.655,78.95999679565429,44.54,28.092229653096865,13.804424857477926,RightFoot,OpenPlay,BlockedShot,0,0.0144157577306032,0
692071,31201,2026-09-05 11:30:00,Bournemouth,Marcus Tavernier,away,83,0.7319999694824219,0.3470000076293945,76.8599967956543,23.596000518798824,30.001716376657864,13.078026222066937,LeftFoot,SetPiece,MissedShots,0,0.0194920524954795,0
692074,31201,2026-09-05 11:30:00,Bournemouth,Ben Doak,away,91,0.8519999694824218,0.425,89.45999679565429,28.9,16.355479191728836,24.116094441154864,RightFoot,SetPiece,BlockedShot,0,0.0609487667679786,0
692316,31202,2026-09-05 14:00:00,Man City,Erling Haaland,home,15,0.8690000152587891,0.624000015258789,91.24500160217286,42.43200103759765,16.13377272748922,22.185542625542812,LeftFoot,SetPiece,SavedShot,0,0.1043065562844276,0
692317,31202,2026-09-05 14:00:00,Man City,Antoine Semenyo,home,15,0.916999969482422,0.2670000076293945,96.28499679565431,18.156000518798827,18.08268786469696,11.498881286041454,RightFoot,SetPiece,BlockedShot,0,0.0264898277819156,0
692318,31202,2026-09-05 14:00:00,Man City,Josko Gvardiol,home,20,0.855,0.4659999847412109,89.77499999999999,31.687998962402343,15.399544597092893,26.47726736164813,Head,SetPiece,BlockedShot,0,0.0088141243904829,0
692319,31202,2026-09-05 14:00:00,Man City,Mathis Cherki,home,22,0.8590000152587891,0.444000015258789,90.19500160217285,30.192001037597652,15.286884367238532,26.194739647721335,LeftFoot,OpenPlay,ShotOnPost,0,0.0993554517626762,0
692322,31202,2026-09-05 14:00:00,Man City,Erling Haaland,home,25,0.931999969482422,0.5470000076293945,97.85999679565431,37.196000518798826,7.822663553689949,47.55571993540346,Head,OpenPlay,Goal,1,0.3716918230056762,1
692323,31202,2026-09-05 14:00:00,Man City,Mathis Cherki,home,30,0.855,0.3179999923706054,89.77499999999999,21.623999481201167,19.620550803718768,16.695831402611343,LeftFoot,FromCorner,BlockedShot,0,0.0597082562744617,0
692324,31202,2026-09-05 14:00:00,Man City,Enzo Fernández,home,34,0.8719999694824219,0.405,91.5599967956543,27.540000000000003,14.911917587380325,25.210583879367444,RightFoot,OpenPlay,BlockedShot,0,0.0960105136036872,0
692325,31202,2026-09-05 14:00:00,Man City,Enzo Fernández,home,34,0.87,0.3929999923706054,91.35,26.72399948120117,15.468118293753802,23.863410923598657,RightFoot,OpenPlay,BlockedShot,0,0.077783316373825,0
692326,31202,2026-09-05 14:00:00,Man City,Erling Haaland,home,43,0.8919999694824219,0.590999984741211,93.6599967956543,40.18799896240235,12.918475290577577,28.404716832219712,LeftFoot,OpenPlay,SavedShot,0,0.4197343587875366,1
692327,31202,2026-09-05 14:00:00,Man City,Iliman Ndiaye,home,47,0.894000015258789,0.6129999923706054,93.87000160217285,41.68399948120117,13.524818385573049,25.668340611913973,Head,OpenPlay,MissedShots,0,0.0326538681983947,0
692328,31202,2026-09-05 14:00:00,Man City,Elliot Anderson,home,51,0.725,0.3609999847412109,76.125,24.547998962402342,30.38265868245811,13.080208446382766,LeftFoot,OpenPlay,MissedShots,0,0.0175134222954511,0
692329,31202,2026-09-05 14:00:00,Man City,Mathis Cherki,home,55,0.835,0.5229999923706055,87.675,35.56399948120117,17.395451111632536,23.67780265994359,LeftFoot,OpenPlay,BlockedShot,0,0.0788860097527504,0
692334,31202,2026-09-05 14:00:00,Man City,Erling Haaland,home,72,0.9230000305175782,0.4540000152587891,96.91500320434571,30.872001037597656,8.668999405613677,43.780829978768274,LeftFoot,OpenPlay,MissedShots,0,0.1244786232709884,0
692335,31202,2026-09-05 14:00:00,Man City,Phil Foden,home,77,0.950999984741211,0.4659999847412109,99.85499839782715,31.687998962402343,5.6406019434289,63.93601407941198,LeftFoot,OpenPlay,BlockedShot,0,0.6280249953269958,1
692336,31202,2026-09-05 14:00:00,Man City,Antoine Semenyo,home,77,0.8569999694824219,0.3220000076293945,89.9849967956543,21.89600051879883,19.286189998738216,17.04186743560761,LeftFoot,OpenPlay,MissedShots,0,0.0562923848628997,0
692314,31202,2026-09-05 14:00:00,Coventry,Taiwo Awoniyi,away,7,0.8109999847412109,0.5209999847412109,85.15499839782714,35.42799896240234,19.8963129656443,20.79732576444891,RightFoot,OpenPlay,MissedShots,0,0.2944519221782684,1
692315,31202,2026-09-05 14:00:00,Coventry,Bobby Thomas,away,10,0.899000015258789,0.51,94.39500160217285,34.68,10.62677707576085,37.95172952244129,Head,FromCorner,MissedShots,0,0.067487247288227,0
692320,31202,2026-09-05 14:00:00,Coventry,Jack Rudoni,away,23,0.950999984741211,0.435,99.85499839782715,29.58,6.7828785545932675,49.10999403558267,Head,OpenPlay,SavedShot,0,0.4385386705398559,1
692321,31202,2026-09-05 14:00:00,Coventry,Bobby Thomas,away,23,0.9769999694824218,0.5929999923706055,102.58499679565429,40.32399948120118,6.7694320230897365,28.595404864889986,Head,FromCorner,BlockedShot,0,0.0165886152535676,0
692330,31202,2026-09-05 14:00:00,Coventry,Bobby Thomas,away,63,0.8580000305175781,0.4520000076293945,90.0900032043457,30.73600051879883,15.26308281638093,26.430897338764947,Head,SetPiece,MissedShots,0,0.0240999106317758,0
692331,31202,2026-09-05 14:00:00,Coventry,Ethan Pinnock,away,63,0.860999984741211,0.3970000076293945,90.40499839782716,26.996000518798827,16.188578705374173,23.24930433042279,LeftFoot,SetPiece,MissedShots,0,0.0588291734457016,0
692332,31202,2026-09-05 14:00:00,Coventry,Loum Tchaouna,away,69,0.8430000305175781,0.3520000076293945,88.5150032043457,23.936000518798824,19.314222865814454,18.547998596978406,RightFoot,OpenPlay,SavedShot,0,0.0431971400976181,0
692333,31202,2026-09-05 14:00:00,Coventry,Matt Grimes,away,69,0.7669999694824219,0.4429999923706054,80.5349967956543,30.123999481201167,24.770138510116865,16.614650798992844,LeftFoot,OpenPlay,MissedShots,0,0.0163927637040615,0
692337,31202,2026-09-05 14:00:00,Coventry,Ellis Simms,away,79,0.9669999694824218,0.580999984741211,101.5349967956543,39.50799896240235,6.507249785888916,41.22369265100747,RightFoot,OpenPlay,SavedShot,0,0.4884032309055328,1
692338,31202,2026-09-05 14:00:00,Coventry,Bobby Thomas,away,81,0.9080000305175782,0.455,95.3400032043457,30.94,10.133071503352339,38.378677478134584,Head,FromCorner,MissedShots,0,0.0268687233328819,0
692339,31202,2026-09-05 14:00:00,Coventry,Loum Tchaouna,away,88,0.700999984741211,0.7090000152587891,73.60499839782715,48.21200103759766,34.461965978352325,11.073514123852874,LeftFoot,OpenPlay,BlockedShot,0,0.0104630002751946,0
692340,31202,2026-09-05 14:00:00,Coventry,Bobby Thomas,away,92,0.720999984741211,0.469000015258789,75.70499839782715,31.89200103759765,29.37074698567946,14.17129494163337,RightFoot,SetPiece,BlockedShot,0,0.0091546019539237,0
692342,31203,2026-09-05 14:00:00,Nott'm Forest,Murillo,home,11,0.8809999847412109,0.484000015258789,92.50499839782714,32.912001037597655,12.542280764697104,32.43782130365262,LeftFoot,FromCorner,MissedShots,0,0.0870486423373222,0
692343,31203,2026-09-05 14:00:00,Nott'm Forest,James McAtee,home,13,0.6780000305175782,0.4509999847412109,71.19000320434571,30.66799896240234,33.97378569186403,12.240039215537392,LeftFoot,OpenPlay,SavedShot,0,0.023296421393752,0
692346,31203,2026-09-05 14:00:00,Nott'm Forest,James McAtee,home,25,0.795,0.4720000076293945,83.47500000000001,32.096000518798824,21.609045305714318,19.15699136054189,LeftFoot,OpenPlay,MissedShots,0,0.0410964377224445,0
692347,31203,2026-09-05 14:00:00,Nott'm Forest,Morgan Gibbs-White,home,25,0.870999984741211,0.495,91.45499839782715,33.66,13.549268186985781,30.224682049658323,RightFoot,OpenPlay,MissedShots,0,0.0852928757667541,0
692348,31203,2026-09-05 14:00:00,Nott'm Forest,Jair,home,30,0.8,0.3340000152587891,84.0,22.71200103759766,23.84153771414915,15.480674062869939,RightFoot,OpenPlay,MissedShots,0,0.0132355606183409,0
692349,31203,2026-09-05 14:00:00,Nott'm Forest,Murillo,home,33,0.8930000305175781,0.5109999847412109,93.7650032043457,34.74799896240234,11.25986924640412,35.953077164921446,LeftFoot,FromCorner,MissedShots,0,0.0935926288366317,0
692350,31203,2026-09-05 14:00:00,Nott'm Forest,Liam Delap,home,43,0.75,0.495,78.75,33.66,26.252201812419468,15.872414856948026,RightFoot,OpenPlay,MissedShots,0,0.0457547046244144,0
692357,31203,2026-09-05 14:00:00,Nott'm Forest,Morgan Gibbs-White,home,64,0.9080000305175782,0.3720000076293945,95.3400032043457,25.296000518798827,13.002889873439731,24.428014719817057,RightFoot,OpenPlay,BlockedShot,0,0.2896759510040283,1
692359,31203,2026-09-05 14:00:00,Nott'm Forest,Xaver Schlager,home,77,0.7440000152587891,0.535,78.12000160217286,36.38,26.985157288168423,15.390463705124084,LeftFoot,OpenPlay,MissedShots,0,0.0175865031778812,0
692360,31203,2026-09-05 14:00:00,Nott'm Forest,Daniel Muñoz,home,77,0.815,0.3240000152587891,85.57499999999999,22.032001037597656,22.815863432359166,15.661515378482935,RightFoot,OpenPlay,BlockedShot,0,0.0316556394100189,0
692362,31203,2026-09-05 14:00:00,Nott'm Forest,James McAtee,home,81,0.8040000152587891,0.444000015258789,84.42000160217285,30.192001037597652,20.929338024701725,19.532618000327993,RightFoot,OpenPlay,BlockedShot,0,0.0433826893568038,0
692363,31203,2026-09-05 14:00:00,Nott'm Forest,Morgan Gibbs-White,home,85,0.875,0.3240000152587891,91.875,22.032001037597656,17.762280939228035,17.641738481567813,RightFoot,OpenPlay,BlockedShot,0,0.0600736923515796,0
692341,31203,2026-09-05 14:00:00,Tottenham,Jan Paul van Hecke,away,9,0.94,0.3940000152587891,98.69999999999999,26.792001037597657,9.573152513252538,30.51273720599047,Head,FromCorner,MissedShots,0,0.0425253957509994,0
692344,31203,2026-09-05 14:00:00,Tottenham,Omar Marmoush,away,16,0.8340000152587891,0.3979999923706054,87.57000160217285,27.06399948120117,18.759342934789444,20.651485481411413,RightFoot,OpenPlay,MissedShots,0,0.3392054140567779,1
692345,31203,2026-09-05 14:00:00,Tottenham,Rodrigo Bentancur,away,22,0.94,0.5940000152587891,98.69999999999999,40.39200103759766,8.974835779258006,34.47893344796581,Head,SetPiece,MissedShots,0,0.0345872491598129,0
692351,31203,2026-09-05 14:00:00,Tottenham,Pedro Porro,away,45,0.749000015258789,0.3379999923706054,78.64500160217284,22.983999481201167,28.564632117001757,13.516547329328715,RightFoot,OpenPlay,BlockedShot,0,0.0136463353410363,0
692352,31203,2026-09-05 14:00:00,Tottenham,Sávio,away,46,0.889000015258789,0.285,93.34500160217284,19.38,18.697149185192742,14.239395514584611,LeftFoot,OpenPlay,BlockedShot,0,0.0390728749334812,0
692353,31203,2026-09-05 14:00:00,Tottenham,Omar Marmoush,away,53,0.789000015258789,0.5770000076293945,82.84500160217284,39.236000518798825,22.765316941360282,17.808278868922983,RightFoot,DirectFreekick,BlockedShot,0,0.0979884937405586,0
692354,31203,2026-09-05 14:00:00,Tottenham,Micky van de Ven,away,53,0.919000015258789,0.6880000305175781,96.49500160217285,46.78400207519531,15.354664008230216,15.640564002679602,RightFoot,OpenPlay,BlockedShot,0,0.060057133436203,0
692355,31203,2026-09-05 14:00:00,Tottenham,Micky van de Ven,away,54,0.9769999694824218,0.4909999847412109,102.58499679565429,33.38799896240234,2.4913421577576718,112.12947148066725,Head,FromCorner,MissedShots,0,0.6256811022758484,1
692356,31203,2026-09-05 14:00:00,Tottenham,Jan Paul van Hecke,away,58,0.9769999694824218,0.3940000152587891,102.58499679565429,26.792001037597657,7.601808305856791,21.713531099605905,RightFoot,FromCorner,MissedShots,0,0.0476945824921131,0
692358,31203,2026-09-05 14:00:00,Tottenham,Omar Marmoush,away,70,0.84,0.705,88.2,47.94,21.830336690028393,14.869557614515639,RightFoot,OpenPlay,MissedShots,0,0.0461257211863994,0
692361,31203,2026-09-05 14:00:00,Tottenham,Pedro Porro,away,80,0.529000015258789,0.0680000019073486,55.545001602172846,4.624000129699705,57.521702294950984,6.2690871205937535,RightFoot,OpenPlay,MissedShots,0,0.0061795250512659,0
692364,31203,2026-09-05 14:00:00,Tottenham,Dominic Solanke,away,87,0.9209999847412108,0.4979999923706055,96.70499839782714,33.863999481201176,8.29611642403624,47.607459190468084,Head,OpenPlay,MissedShots,0,0.1316954344511032,0
692365,31204,2026-09-05 14:00:00,Fulham,Timothy Castagne,home,3,0.840999984741211,0.3220000076293945,88.30499839782715,21.89600051879883,20.621102830291893,16.527691688860667,RightFoot,OpenPlay,MissedShots,0,0.038913793861866,0
692366,31204,2026-09-05 14:00:00,Fulham,Joshua King,home,10,0.860999984741211,0.5429999923706055,90.40499839782716,36.92399948120117,14.885020817368465,27.167650268861394,LeftFoot,OpenPlay,Goal,1,0.118539959192276,0
692371,31204,2026-09-05 14:00:00,Fulham,Alex Iwobi,home,22,0.855,0.6930000305175781,89.77499999999999,47.12400207519531,20.100747634596356,15.922924175270323,RightFoot,OpenPlay,BlockedShot,0,0.0531024746596813,0
692372,31204,2026-09-05 14:00:00,Fulham,Oscar Bobb,home,23,0.9030000305175782,0.3970000076293945,94.8150032043457,26.996000518798827,12.360832029445051,28.13977665385926,RightFoot,OpenPlay,BlockedShot,0,0.1006459519267082,0
692373,31204,2026-09-05 14:00:00,Fulham,Antonee Robinson,home,23,0.7930000305175782,0.6909999847412109,83.2650032043457,46.987998962402344,25.319917115868822,14.222902472568563,RightFoot,OpenPlay,BlockedShot,0,0.0310505907982587,0
692374,31204,2026-09-05 14:00:00,Fulham,César Palacios,home,26,0.8640000152587891,0.5429999923706055,90.72000160217286,36.92399948120117,14.576286468370828,27.703198094442556,RightFoot,OpenPlay,BlockedShot,0,0.0991570875048637,0
692375,31204,2026-09-05 14:00:00,Fulham,Timothy Castagne,home,27,0.9690000152587892,0.3970000076293945,101.74500160217286,26.996000518798827,7.72340749297378,27.25340663617115,RightFoot,FromCorner,MissedShots,0,0.0565070323646068,0
692376,31204,2026-09-05 14:00:00,Fulham,Gonzalo García,home,30,0.755,0.6959999847412109,79.275,47.32799896240235,28.97259362469639,12.842263929864977,RightFoot,OpenPlay,BlockedShot,0,0.0201826374977827,0
692377,31204,2026-09-05 14:00:00,Fulham,Timothy Castagne,home,32,0.9290000152587892,0.445,97.54500160217286,30.26,8.340539617531062,44.173051382526396,LeftFoot,OpenPlay,SavedShot,0,0.487360268831253,1
692379,31204,2026-09-05 14:00:00,Fulham,Gonzalo García,home,37,0.9080000305175782,0.5570000076293945,95.3400032043457,37.876000518798826,10.408598278047817,36.67772902369164,Head,OpenPlay,MissedShots,0,0.0443624407052993,0
692380,31204,2026-09-05 14:00:00,Fulham,Antonee Robinson,home,37,0.8280000305175781,0.6480000305175782,86.9400032043457,44.06400207519531,20.674806456859013,17.707324003751932,RightFoot,OpenPlay,MissedShots,0,0.045775156468153,0
692381,31204,2026-09-05 14:00:00,Fulham,César Palacios,home,41,0.925,0.4820000076293945,97.125,32.776000518798824,7.969554550285777,48.995377411935145,RightFoot,OpenPlay,Goal,1,0.5427436232566833,1
692382,31204,2026-09-05 14:00:00,Fulham,Gonzalo García,home,44,0.8619999694824219,0.7519999694824219,90.50999679565429,51.135997924804684,22.441092169073666,12.208967723373846,RightFoot,OpenPlay,MissedShots,0,0.0273562856018543,0
692383,31204,2026-09-05 14:00:00,Fulham,Gonzalo García,home,48,0.948000030517578,0.4859999847412109,99.54000320434568,33.047998962402346,5.542370520286644,66.56749200003665,Head,FromCorner,BlockedShot,0,0.0785482451319694,0
692384,31204,2026-09-05 14:00:00,Fulham,César Palacios,home,48,0.9390000152587892,0.5409999847412109,98.59500160217286,36.78799896240234,6.985480848912607,52.94448796136177,LeftFoot,FromCorner,MissedShots,0,0.1408092677593231,0
692385,31204,2026-09-05 14:00:00,Fulham,Joshua King,home,48,0.894000015258789,0.3829999923706054,93.87000160217285,26.043999481201165,13.68118447323777,25.118236440536908,RightFoot,OpenPlay,BlockedShot,0,0.102229043841362,0
692389,31204,2026-09-05 14:00:00,Fulham,César Palacios,home,55,0.8819999694824219,0.62,92.6099967956543,42.16,14.835692751054692,23.69044980988492,RightFoot,OpenPlay,SavedShot,0,0.0677405372262001,0
692390,31204,2026-09-05 14:00:00,Fulham,Oscar Bobb,home,59,0.8969999694824219,0.364000015258789,94.1849967956543,24.75200103759765,14.22989034106035,22.717021618869833,LeftFoot,OpenPlay,SavedShot,0,0.158801183104515,0
692391,31204,2026-09-05 14:00:00,Fulham,César Palacios,home,60,0.8569999694824219,0.629000015258789,89.9849967956543,42.772001037597654,17.389603889396852,20.822170983502595,RightFoot,SetPiece,MissedShots,0,0.0576534122228622,0
692392,31204,2026-09-05 14:00:00,Fulham,Gonzalo García,home,66,0.8980000305175782,0.4640000152587891,94.29000320434571,31.55200103759766,10.986206364475779,36.15289839373036,RightFoot,OpenPlay,BlockedShot,0,0.1307585686445236,0
692393,31204,2026-09-05 14:00:00,Fulham,Oscar Bobb,home,70,0.905,0.49,95.025,33.32,9.998151079074566,40.14661701477752,LeftFoot,OpenPlay,MissedShots,0,0.1347067505121231,0
692396,31204,2026-09-05 14:00:00,Fulham,Rodrigo Muniz,home,85,0.8830000305175781,0.56,92.7150032043457,38.080000000000005,12.944788382559071,30.25436893094747,LeftFoot,OpenPlay,SavedShot,0,0.0892665684223175,0
692397,31204,2026-09-05 14:00:00,Fulham,Ryan Sessegnon,home,85,0.8919999694824219,0.3909999847412109,93.6599967956543,26.58799896240234,13.547451127644626,26.007360613722234,RightFoot,OpenPlay,MissedShots,0,0.0685546323657035,0
692398,31204,2026-09-05 14:00:00,Fulham,Rodrigo Muniz,home,87,0.9230000305175782,0.45,96.91500320434571,30.6,8.770813712862687,42.9700905739131,RightFoot,OpenPlay,MissedShots,0,0.1136804670095443,0
692399,31204,2026-09-05 14:00:00,Fulham,Hugo Larsson,home,92,0.911999969482422,0.5259999847412109,95.75999679565432,35.767998962402345,9.407628795152062,42.003953567447404,RightFoot,OpenPlay,BlockedShot,0,0.0914710462093353,0
692367,31204,2026-09-05 14:00:00,Crystal Palace,Chris Richards,away,17,0.8190000152587891,0.500999984741211,85.99500160217285,34.06799896240235,19.00512004593237,21.800982456391672,RightFoot,FromCorner,SavedShot,0,0.0335021689534187,0
692368,31204,2026-09-05 14:00:00,Crystal Palace,Anan Khalaili,away,19,0.8119999694824219,0.2489999961853027,85.2599967956543,16.931999740600585,26.09567702441224,12.21303813623128,LeftFoot,OpenPlay,MissedShots,0,0.0110886674374341,0
692369,31204,2026-09-05 14:00:00,Crystal Palace,Quinten Timber,away,21,0.715,0.529000015258789,75.075,35.97200103759766,29.989905186450425,13.887108924717497,RightFoot,OpenPlay,MissedShots,0,0.0154942627996206,0
692370,31204,2026-09-05 14:00:00,Crystal Palace,Eddie Nketiah,away,22,0.8869999694824219,0.5720000076293945,93.1349967956543,38.89600051879883,12.835463455567629,29.84867692964855,LeftFoot,OpenPlay,SavedShot,0,0.5262172818183899,1
692378,31204,2026-09-05 14:00:00,Crystal Palace,Tyrick Mitchell,away,34,0.950999984741211,0.68,99.85499839782715,46.24,13.277373290164034,13.018228389259699,LeftFoot,OpenPlay,Goal,1,0.3963215053081512,1
692386,31204,2026-09-05 14:00:00,Crystal Palace,Tyrick Mitchell,away,53,0.8619999694824219,0.6630000305175782,90.50999679565429,45.084002075195315,18.24322599939175,18.369314427575535,LeftFoot,OpenPlay,BlockedShot,0,0.0385273769497871,0
692387,31204,2026-09-05 14:00:00,Crystal Palace,Yeremi Pino,away,53,0.899000015258789,0.5279999923706055,94.39500160217285,35.90399948120117,10.774562870127523,37.08598261571689,RightFoot,OpenPlay,MissedShots,0,0.4146426916122436,1
692388,31204,2026-09-05 14:00:00,Crystal Palace,Tyrick Mitchell,away,53,0.8909999847412109,0.5829999923706055,93.55499839782715,39.64399948120118,12.760987102005014,29.27420711164353,LeftFoot,OpenPlay,Goal,1,0.3540160059928894,1
692394,31204,2026-09-05 14:00:00,Crystal Palace,Anan Khalaili,away,76,0.8730000305175781,0.4590000152587891,91.66500320434571,31.21200103759766,13.623328438911937,29.546959971902385,LeftFoot,OpenPlay,BlockedShot,0,0.3526329100131988,1
692395,31204,2026-09-05 14:00:00,Crystal Palace,Ben Chilwell,away,76,0.8980000305175782,0.5729999923706055,94.29000320434571,38.96399948120117,11.804461961999397,31.90012428524285,LeftFoot,OpenPlay,Goal,1,0.3881159126758575,1
692401,31205,2026-09-05 14:00:00,Brentford,Michael Kayode,home,3,0.749000015258789,0.3970000076293945,78.64500160217284,26.996000518798827,27.269799216021713,14.798473052082295,RightFoot,OpenPlay,BlockedShot,0,0.016838202252984,0
692402,31205,2026-09-05 14:00:00,Brentford,Keane Lewis-Potter,home,4,0.9180000305175782,0.5,96.3900032043457,34.0,8.609996795654297,46.059453817106736,LeftFoot,FromCorner,BlockedShot,0,0.3593809604644775,1
692406,31205,2026-09-05 14:00:00,Brentford,Mamadou Sangaré,home,48,0.9619999694824218,0.4109999847412109,101.00999679565429,27.94799896240234,7.24892006644936,36.722935627320254,Head,OpenPlay,MissedShots,0,0.1056536361575126,0
692407,31205,2026-09-05 14:00:00,Brentford,Keane Lewis-Potter,home,48,0.740999984741211,0.5209999847412109,77.80499839782715,35.42799896240234,27.232467629262064,15.289109631860477,RightFoot,FromCorner,MissedShots,0,0.0159935448318719,0
692409,31205,2026-09-05 14:00:00,Brentford,Mamadou Sangaré,home,52,0.7230000305175781,0.5020000076293946,75.9150032043457,34.13600051879883,29.085314760963733,14.34427620237695,LeftFoot,OpenPlay,MissedShots,0,0.0165319796651601,0
692410,31205,2026-09-05 14:00:00,Brentford,Thiago,home,50,0.95,0.435,99.75,29.58,6.862863833706743,48.74907759148528,Head,OpenPlay,SavedShot,0,0.3605841994285583,1
692411,31205,2026-09-05 14:00:00,Brentford,Jaidon Anthony,home,50,0.794000015258789,0.359000015258789,83.37000160217285,24.41200103759765,23.659808849461015,16.160378009750588,RightFoot,OpenPlay,MissedShots,0,0.0292496141046285,0
692413,31205,2026-09-05 14:00:00,Brentford,Vitaly Janelt,home,56,0.8540000152587891,0.53,89.67000160217286,36.04,15.465136626534623,26.428493066959824,LeftFoot,OpenPlay,Goal,1,0.3616722524166107,1
692416,31205,2026-09-05 14:00:00,Brentford,Keane Lewis-Potter,home,67,0.8780000305175781,0.565,92.1900032043457,38.419999999999995,13.551103936752659,28.846679939184188,RightFoot,OpenPlay,MissedShots,0,0.0548158064484596,0
692421,31205,2026-09-05 14:00:00,Brentford,Yehor Yarmolyuk,home,84,0.7440000152587891,0.624000015258789,78.12000160217286,42.43200103759765,28.171491891009914,14.153832457253102,RightFoot,SetPiece,BlockedShot,0,0.0161119308322668,0
692422,31205,2026-09-05 14:00:00,Brentford,Thiago,home,89,0.953000030517578,0.514000015258789,100.06500320434569,34.952001037597654,5.02598242622329,71.81735769632603,Head,OpenPlay,BlockedShot,0,0.1404483467340469,0
692423,31205,2026-09-05 14:00:00,Brentford,Jannik Schuster,home,90,0.925,0.4829999923706055,97.125,32.84399948120117,7.95939458749616,49.08711404635558,Head,FromCorner,MissedShots,0,0.1085636392235755,0
692400,31205,2026-09-05 14:00:00,Sunderland,Noah Sadiki,away,2,0.874000015258789,0.5359999847412109,91.77000160217284,36.447998962402345,13.454573814373765,30.015990482661124,RightFoot,OpenPlay,BlockedShot,0,0.1161770597100257,0
692403,31205,2026-09-05 14:00:00,Sunderland,Enzo Le Fée,away,19,0.860999984741211,0.35,90.40499839782716,23.799999999999997,17.80601223652921,19.383275920937624,RightFoot,OpenPlay,ShotOnPost,0,0.0591948181390762,0
692404,31205,2026-09-05 14:00:00,Sunderland,Thomas Meunier,away,22,0.875,0.4540000152587891,91.875,30.872001037597656,13.492590652235402,29.668263544095304,RightFoot,OpenPlay,BlockedShot,0,0.3508208990097046,1
692405,31205,2026-09-05 14:00:00,Sunderland,Noah Sadiki,away,24,0.84,0.4829999923706055,88.2,32.84399948120117,16.839724973985266,24.473223726686214,RightFoot,OpenPlay,BlockedShot,0,0.0643260926008224,0
692408,31205,2026-09-05 14:00:00,Sunderland,Brian Brobbey,away,50,0.950999984741211,0.3809999847412109,99.85499839782715,25.90799896240234,9.589135637733094,25.614068943079786,Head,FromCorner,BlockedShot,0,0.0137289399281144,0
692412,31205,2026-09-05 14:00:00,Sunderland,Brian Brobbey,away,55,0.9309999847412108,0.509000015258789,97.75499839782714,34.61200103759765,7.270804184236291,53.342314335405284,RightFoot,OpenPlay,BlockedShot,0,0.1215724050998687,0
692414,31205,2026-09-05 14:00:00,Sunderland,Noah Sadiki,away,61,0.9569999694824218,0.3990000152587891,100.4849967956543,27.132001037597657,8.219164415122235,31.39305492169728,RightFoot,OpenPlay,SavedShot,0,0.3745043873786926,1
692415,31205,2026-09-05 14:00:00,Sunderland,Granit Xhaka,away,62,0.7759999847412109,0.3390000152587891,81.47999839782715,23.05200103759766,25.943190949591695,14.62761345124508,LeftFoot,DirectFreekick,MissedShots,0,0.0633862242102623,0
692417,31205,2026-09-05 14:00:00,Sunderland,Wilson Isidor,away,74,0.8109999847412109,0.285,85.15499839782714,19.38,24.648904409531944,13.738374767303798,RightFoot,OpenPlay,MissedShots,0,0.0223424881696701,0
692418,31205,2026-09-05 14:00:00,Sunderland,Wilson Isidor,away,78,0.7619999694824219,0.4359999847412109,80.0099967956543,29.64799896240234,25.366122549267544,16.19010006033395,RightFoot,DirectFreekick,SavedShot,0,0.0713181048631668,0
692419,31205,2026-09-05 14:00:00,Sunderland,Enzo Le Fée,away,81,0.885,0.5,92.925,34.0,12.075000000000003,33.72469903927551,RightFoot,Penalty,Goal,1,0.7611688375473022,1
692420,31205,2026-09-05 14:00:00,Sunderland,Dan Ballard,away,83,0.9359999847412108,0.425,98.27999839782714,28.9,8.436137832752959,40.41258579164658,Head,OpenPlay,MissedShots,0,0.0498398542404174,0
692424,31205,2026-09-05 14:00:00,Sunderland,Enzo Le Fée,away,91,0.7719999694824219,0.3329999923706054,81.0599967956543,22.643999481201167,26.496839456943572,14.276306316552626,RightFoot,OpenPlay,MissedShots,0,0.0116134574636816,0
692425,31205,2026-09-05 14:00:00,Sunderland,Brian Brobbey,away,92,0.92,0.3479999923706054,96.60000000000001,23.663999481201166,13.318892849055045,20.55267893250981,RightFoot,OpenPlay,MissedShots,0,0.0749006867408752,0
692290,31206,2026-09-05 14:00:00,Brighton,Pascal Groß,home,26,0.7469999694824219,0.720999984741211,78.4349967956543,49.02799896240234,30.521142640157876,11.958090111124909,RightFoot,SetPiece,MissedShots,0,0.0155943799763917,0
692291,31206,2026-09-05 14:00:00,Brighton,Diego Gómez,home,28,0.9390000152587892,0.3039999961853027,98.59500160217286,20.671999740600583,14.787142908307851,12.86627473263532,RightFoot,OpenPlay,SavedShot,0,0.0440309233963489,0
692292,31206,2026-09-05 14:00:00,Brighton,Ferdi Kadioglu,home,45,0.7330000305175781,0.47,76.9650032043457,31.959999999999997,28.109120322990304,14.799726878772564,RightFoot,SetPiece,BlockedShot,0,0.0174423232674598,0
692294,31206,2026-09-05 14:00:00,Brighton,Charalampos Kostoulas,home,53,0.7480000305175781,0.62,78.54000320434571,42.16,27.689655657411762,14.419057491478016,RightFoot,OpenPlay,BlockedShot,0,0.0205718651413917,0
692295,31206,2026-09-05 14:00:00,Brighton,Pascal Groß,home,54,0.8080000305175781,0.4870000076293945,84.84000320434569,33.11600051879883,20.179368817769202,20.54225921138583,RightFoot,OpenPlay,MissedShots,0,0.0434031747281551,0
692296,31206,2026-09-05 14:00:00,Brighton,Charalampos Kostoulas,home,56,0.8490000152587891,0.509000015258789,89.14500160217285,34.61200103759765,15.866805584777358,25.961672944964878,RightFoot,OpenPlay,BlockedShot,0,0.0807976648211479,0
692298,31206,2026-09-05 14:00:00,Brighton,Diego Gómez,home,62,0.7869999694824219,0.2589999961853027,82.6349967956543,17.611999740600584,27.726520171714096,12.228712844307188,RightFoot,OpenPlay,BlockedShot,0,0.0196207948029041,0
692299,31206,2026-09-05 14:00:00,Brighton,Pascal Groß,home,64,0.8209999847412109,0.3559999847412109,86.20499839782715,24.207998962402343,21.19281410162401,17.5228636320037,RightFoot,SetPiece,MissedShots,0,0.0308137312531471,0
692300,31206,2026-09-05 14:00:00,Brighton,Ferdi Kadioglu,home,64,0.845,0.4579999923706054,88.725,31.143999481201167,16.52369099091905,24.647781436512048,RightFoot,SetPiece,SavedShot,0,0.0616231299936771,0
692301,31206,2026-09-05 14:00:00,Brighton,Charalampos Kostoulas,home,67,0.8569999694824219,0.4629999923706054,89.9849967956543,31.483999481201167,15.224341688135738,26.71541375167113,RightFoot,OpenPlay,SavedShot,0,0.1044078394770622,0
692302,31206,2026-09-05 14:00:00,Brighton,Malick Yalcouyé,home,68,0.835999984741211,0.6759999847412109,87.77999839782716,45.96799896240234,20.970490083517333,16.469738864076326,RightFoot,OpenPlay,MissedShots,0,0.0335022881627082,0
692303,31206,2026-09-05 14:00:00,Brighton,Diego Gómez,home,69,0.745,0.4970000076293945,78.225,33.79600051879883,26.77577712762658,15.5666962380335,RightFoot,OpenPlay,MissedShots,0,0.0200302768498659,0
692304,31206,2026-09-05 14:00:00,Brighton,Luka Vuskovic,home,70,0.975999984741211,0.5690000152587891,102.47999839782715,38.692001037597656,5.3259066657022105,50.939886175672115,Head,FromCorner,Goal,1,0.3656381666660309,1
692306,31206,2026-09-05 14:00:00,Brighton,Yasin Ayari,home,81,0.894000015258789,0.634000015258789,93.87000160217285,43.11200103759765,14.384207564020189,22.8320863782341,RightFoot,OpenPlay,SavedShot,0,0.0914322584867477,0
692307,31206,2026-09-05 14:00:00,Brighton,Diego Gómez,home,82,0.794000015258789,0.6609999847412109,83.37000160217285,44.947998962402345,24.242844551965593,15.41275189738656,RightFoot,OpenPlay,BlockedShot,0,0.0181318800896406,0
692308,31206,2026-09-05 14:00:00,Brighton,Yasin Ayari,home,82,0.7830000305175782,0.5629999923706055,82.2150032043457,38.28399948120117,23.184234525489693,17.652398230466282,RightFoot,OpenPlay,MissedShots,0,0.0357178412377834,0
692309,31206,2026-09-05 14:00:00,Brighton,Promise David,home,84,0.9390000152587892,0.47,98.59500160217286,31.959999999999997,6.7220238378161286,55.86084260440928,RightFoot,SetPiece,MissedShots,0,0.520228385925293,1
692310,31206,2026-09-05 14:00:00,Brighton,Luka Vuskovic,home,86,0.8440000152587891,0.37,88.62000160217285,25.16,18.61316597231164,19.799184470230646,RightFoot,OpenPlay,BlockedShot,0,0.0201987456530332,0
692311,31206,2026-09-05 14:00:00,Brighton,Pascal Groß,home,88,0.925,0.5059999847412109,97.125,34.40799896240234,7.885562006180751,49.757879039174675,Head,OpenPlay,BlockedShot,0,0.0698570907115936,0
692312,31206,2026-09-05 14:00:00,Brighton,Pascal Groß,home,88,0.950999984741211,0.504000015258789,99.85499839782715,34.272001037597654,5.152186531057997,70.75342757332135,RightFoot,OpenPlay,MissedShots,0,0.6548594832420349,1
692284,31206,2026-09-05 14:00:00,Leeds,Dominic Calvert-Lewin,away,14,0.926999969482422,0.54,97.33499679565432,36.72,8.133306469242969,46.76403246245073,Head,FromCorner,SavedShot,0,0.2820230424404144,1
692285,31206,2026-09-05 14:00:00,Leeds,Ao Tanaka,away,14,0.9740000152587892,0.5679999923706055,102.27000160217287,38.623999481201174,5.369754412846778,52.31150682079514,LeftFoot,FromCorner,MissedShots,0,0.5451717376708984,1
692286,31206,2026-09-05 14:00:00,Leeds,Jayden Bogle,away,14,0.991999969482422,0.4659999847412109,104.15999679565431,31.687998962402343,2.4598687325066093,140.0644531674759,RightFoot,FromCorner,Goal,1,0.9668696522712708,1
692287,31206,2026-09-05 14:00:00,Leeds,James Justin,away,21,0.9159999847412108,0.4259999847412109,96.17999839782713,28.967998962402344,10.154479932754597,35.73939558235879,Head,FromCorner,MissedShots,0,0.0194143075495958,0
692288,31206,2026-09-05 14:00:00,Leeds,Dominic Calvert-Lewin,away,22,0.8859999847412109,0.4490000152587891,93.02999839782714,30.532001037597656,12.462261237802894,31.69227049601959,RightFoot,OpenPlay,BlockedShot,0,0.416883111000061,1
692289,31206,2026-09-05 14:00:00,Leeds,Ao Tanaka,away,23,0.899000015258789,0.6279999923706054,94.39500160217285,42.70399948120117,13.719533446391923,23.942335002250548,RightFoot,FromCorner,ShotOnPost,0,0.0631086751818656,0
692293,31206,2026-09-05 14:00:00,Leeds,Anton Stach,away,47,0.935,0.414000015258789,98.17500000000001,28.15200103759765,8.987753716266306,36.55346583381166,RightFoot,OpenPlay,SavedShot,0,0.4997932016849518,1
692297,31206,2026-09-05 14:00:00,Leeds,James Justin,away,62,0.8809999847412109,0.3559999847412109,92.50499839782714,24.207998962402343,15.87477084428673,20.97248664816996,RightFoot,OpenPlay,SavedShot,0,0.0834886953234672,0
692305,31206,2026-09-05 14:00:00,Leeds,Lukas Nmecha,away,75,0.86,0.5129999923706055,90.3,34.88399948120117,14.726556117530128,27.871199232091143,LeftFoot,OpenPlay,BlockedShot,0,0.085502028465271,0
692313,31206,2026-09-05 14:00:00,Leeds,Lukas Nmecha,away,89,0.909000015258789,0.644000015258789,95.44500160217285,43.79200103759766,13.681420931423496,21.923041016106264,RightFoot,OpenPlay,MissedShots,0,0.0767024084925651,0
692566,31207,2026-09-05 16:30:00,Hull,Nobel Mendy,home,6,0.484000015258789,0.72,50.820001602172844,48.96,56.2074178946921,7.185312886571414,LeftFoot,OpenPlay,SavedShot,0,0.0097751133143901,0
692570,31207,2026-09-05 16:30:00,Hull,Nobel Mendy,home,18,0.7280000305175781,0.6819999694824219,76.4400032043457,46.37599792480469,31.12617454173503,12.34229146558215,LeftFoot,OpenPlay,MissedShots,0,0.0136779993772506,0
692573,31207,2026-09-05 16:30:00,Hull,Regan Slater,home,33,0.7290000152587891,0.5129999923706055,76.54500160217286,34.88399948120117,28.46872650652131,14.645003114734942,RightFoot,OpenPlay,MissedShots,0,0.0108007863163948,0
692574,31207,2026-09-05 16:30:00,Hull,Mohamed Belloumi,home,36,0.755,0.3840000152587891,79.275,26.112001037597658,26.90717660087844,14.842065345806217,LeftFoot,OpenPlay,SavedShot,0,0.020734405145049,0
692575,31207,2026-09-05 16:30:00,Hull,Regan Slater,home,37,0.7440000152587891,0.46,78.12000160217286,31.28,27.01726695776591,15.354979038567302,RightFoot,OpenPlay,SavedShot,0,0.0197418574243783,0
692578,31207,2026-09-05 16:30:00,Hull,Oliver McBurnie,home,48,0.7340000152587891,0.4770000076293945,77.07000160217285,32.43600051879883,27.973753857496934,14.885842401102892,RightFoot,OpenPlay,MissedShots,0,0.0324212647974491,0
692580,31207,2026-09-05 16:30:00,Hull,Elliot Stroud,home,50,0.936999969482422,0.735,98.38499679565432,49.98,17.295047481678203,9.618594265600793,LeftFoot,OpenPlay,MissedShots,0,0.0402760431170463,0
692582,31207,2026-09-05 16:30:00,Hull,Mohamed Belloumi,home,64,0.8809999847412109,0.1130000019073486,92.50499839782714,7.6840001296997045,29.13171663688818,6.249147313480753,LeftFoot,FromCorner,ShotOnPost,0,0.022213065996766,0
692583,31207,2026-09-05 16:30:00,Hull,Oliver McBurnie,home,71,0.9230000305175782,0.5820000076293945,96.91500320434571,39.57600051879883,9.821351993049886,35.46965993533495,Head,OpenPlay,MissedShots,0,0.0412038564682006,0
692587,31207,2026-09-05 16:30:00,Hull,Mohamed Ali-Cho,home,88,0.865999984741211,0.6140000152587891,90.92999839782715,41.75200103759766,16.06419824242909,22.82897319084168,LeftFoot,OpenPlay,SavedShot,0,0.3181773126125335,1
692588,31207,2026-09-05 16:30:00,Hull,Oliver McBurnie,home,89,0.8719999694824219,0.4620000076293945,91.5599967956543,31.41600051879883,13.686151374717095,29.496099651728393,RightFoot,OpenPlay,MissedShots,0,0.2833631336688995,1
692565,31207,2026-09-05 16:30:00,Aston Villa,Nicolas Jackson,away,1,0.955,0.4620000076293945,100.27499999999999,31.41600051879883,5.385413477055221,65.71314389932394,Head,OpenPlay,MissedShots,0,0.1131966412067413,0
692567,31207,2026-09-05 16:30:00,Aston Villa,George Hemmings,away,12,0.8959999847412109,0.6519999694824219,94.07999839782714,44.33599792480469,15.035933229867197,20.598080697452904,LeftFoot,OpenPlay,SavedShot,0,0.2612697780132293,1
692568,31207,2026-09-05 16:30:00,Aston Villa,Ross Barkley,away,12,0.8590000152587891,0.634000015258789,90.19500160217285,43.11200103759765,17.38437633246718,20.56730324471821,LeftFoot,OpenPlay,BlockedShot,0,0.0492001734673976,0
692569,31207,2026-09-05 16:30:00,Aston Villa,Nicolas Jackson,away,13,0.9009999847412108,0.285,94.60499839782713,19.38,17.938797571442088,13.859541081443053,RightFoot,FromCorner,BlockedShot,0,0.0439537204802036,0
692571,31207,2026-09-05 16:30:00,Aston Villa,Ross Barkley,away,24,0.8530000305175781,0.495,89.5650032043457,33.66,15.438741078269903,26.667776592952404,RightFoot,OpenPlay,MissedShots,0,0.0725351870059967,0
692572,31207,2026-09-05 16:30:00,Aston Villa,Tyrone Mings,away,26,0.705,0.5940000152587891,74.02499999999999,40.39200103759766,31.627650912842864,12.938817961151212,LeftFoot,OpenPlay,MissedShots,0,0.0156388767063617,0
692576,31207,2026-09-05 16:30:00,Aston Villa,Emiliano Buendía,away,39,0.759000015258789,0.6519999694824219,79.69500160217285,44.33599792480469,27.334516586462644,14.16753406209579,RightFoot,DirectFreekick,MissedShots,0,0.0552194043993949,0
692577,31207,2026-09-05 16:30:00,Aston Villa,Ross Barkley,away,46,0.7180000305175781,0.4870000076293945,75.3900032043457,33.11600051879883,29.623189654752267,14.080587422061013,RightFoot,OpenPlay,BlockedShot,0,0.015465865842998,0
692579,31207,2026-09-05 16:30:00,Aston Villa,John McGinn,away,49,0.9059999847412108,0.484000015258789,95.12999839782714,32.912001037597655,9.92978717642445,40.29579684579441,LeftFoot,OpenPlay,MissedShots,0,0.4635249972343445,1
692581,31207,2026-09-05 16:30:00,Aston Villa,Emiliano Buendía,away,52,0.914000015258789,0.58,95.97000160217284,39.44,10.54203353555475,34.07000247119341,RightFoot,OpenPlay,MissedShots,0,0.3991411626338959,1
692584,31207,2026-09-05 16:30:00,Aston Villa,Tyrone Mings,away,75,0.904000015258789,0.4559999847412109,94.92000160217285,31.00799896240234,10.514677261294493,37.21308499880462,Head,SetPiece,BlockedShot,0,0.0574949644505977,0
692585,31207,2026-09-05 16:30:00,Aston Villa,Ross Barkley,away,80,0.895,0.5370000076293945,93.97500000000001,36.516000518798826,11.308443023272291,35.18078598452145,Head,FromCorner,MissedShots,0,0.021227253600955,0
692586,31207,2026-09-05 16:30:00,Aston Villa,Tyrone Mings,away,80,0.8780000305175781,0.46,92.1900032043457,31.28,13.095587726584608,30.67238542742683,LeftFoot,FromCorner,BlockedShot,0,0.0802482962608337,0
692852,31208,2026-09-06 13:00:00,Everton,Kiernan Dewsbury-Hall,home,8,0.7269999694824218,0.5259999847412109,76.33499679565429,35.767998962402345,28.719474734684923,14.498825159424323,LeftFoot,SetPiece,BlockedShot,0,0.0164540782570838,0
692858,31208,2026-09-06 13:00:00,Everton,Thierno Barry,home,39,0.850999984741211,0.475,89.35499839782715,32.3,15.73709233410007,26.05232438490359,Head,SetPiece,MissedShots,0,0.0090488502755761,0
692859,31208,2026-09-06 13:00:00,Everton,Thierno Barry,home,41,0.86,0.2370000076293945,90.3,16.116000518798824,23.15010664000501,11.63614971730751,RightFoot,OpenPlay,BlockedShot,0,0.0269395299255847,0
692860,31208,2026-09-06 13:00:00,Everton,Thierno Barry,home,42,0.924000015258789,0.5320000076293945,97.02000160217285,36.17600051879882,8.271357366668216,46.71373304293082,Head,OpenPlay,MissedShots,0,0.3399359583854675,1
692861,31208,2026-09-06 13:00:00,Everton,Jarrad Branthwaite,home,46,0.9059999847412108,0.6930000305175781,95.12999839782714,47.12400207519531,16.421216827526077,15.744905400217128,LeftFoot,OpenPlay,SavedShot,0,0.0504822991788387,0
692864,31208,2026-09-06 13:00:00,Everton,Harrison Armstrong,home,53,0.8909999847412109,0.3060000038146973,93.55499839782715,20.808000259399414,17.4647335745423,16.02837962092509,RightFoot,OpenPlay,BlockedShot,0,0.0400756895542144,0
692865,31208,2026-09-06 13:00:00,Everton,Brennan Johnson,home,56,0.8630000305175781,0.3959999847412109,90.6150032043457,26.92799896240234,16.02938961678725,23.381475757679436,RightFoot,OpenPlay,BlockedShot,0,0.0709546729922294,0
692866,31208,2026-09-06 13:00:00,Everton,Thierno Barry,home,58,0.87,0.439000015258789,91.35,29.852001037597653,14.266337840948921,27.722685526715296,RightFoot,OpenPlay,BlockedShot,0,0.112828642129898,0
692867,31208,2026-09-06 13:00:00,Everton,Kiernan Dewsbury-Hall,home,58,0.8590000152587891,0.6029999923706054,90.19500160217285,41.00399948120117,16.37815576590755,23.037302043186685,RightFoot,OpenPlay,SavedShot,0,0.0572047010064125,0
692871,31208,2026-09-06 13:00:00,Everton,Kiernan Dewsbury-Hall,home,66,0.8180000305175781,0.4709999847412109,85.8900032043457,32.02799896240234,19.21147484245298,21.468905319598946,LeftFoot,FromCorner,SavedShot,0,0.0420932248234748,0
692872,31208,2026-09-06 13:00:00,Everton,James Tarkowski,home,69,0.9030000305175782,0.605,94.8150032043457,41.14,12.438398599799267,27.814452986002834,Head,SetPiece,MissedShots,0,0.011135353706777,0
692873,31208,2026-09-06 13:00:00,Everton,Kiernan Dewsbury-Hall,home,72,0.830999984741211,0.5459999847412109,87.25499839782715,37.127998962402344,18.018586497555994,22.65059398687686,RightFoot,OpenPlay,BlockedShot,0,0.0515249632298946,0
692874,31208,2026-09-06 13:00:00,Everton,Harrison Armstrong,home,72,0.8380000305175781,0.4470000076293945,87.9900032043457,30.39600051879883,17.387604873836647,23.313193449398224,LeftFoot,OpenPlay,MissedShots,0,0.0538418218493461,0
692876,31208,2026-09-06 13:00:00,Everton,Jarrad Branthwaite,home,81,0.9080000305175782,0.5620000076293945,95.3400032043457,38.21600051879883,10.539933513384382,35.896952534592884,Head,SetPiece,SavedShot,0,0.033757384866476,0
692877,31208,2026-09-06 13:00:00,Everton,Tyrique George,home,82,0.885,0.2979999923706055,92.925,20.26399948120117,18.288885566169462,15.391159793119387,RightFoot,OpenPlay,Goal,1,0.04832573980093,0
692880,31208,2026-09-06 13:00:00,Everton,Jack Grealish,home,89,0.7759999847412109,0.6669999694824219,81.47999839782715,45.35599792480469,26.117985455129997,14.436941502814586,RightFoot,OpenPlay,BlockedShot,0,0.0206971019506454,0
692881,31208,2026-09-06 13:00:00,Everton,Hayden Hackney,home,93,0.906999969482422,0.725999984741211,95.23499679565431,49.367998962402346,18.207983954553594,12.6631426323778,RightFoot,OpenPlay,MissedShots,0,0.0450175143778324,0
692882,31208,2026-09-06 13:00:00,Everton,Ainsley Maitland-Niles,home,95,0.74,0.5159999847412109,77.7,35.08799896240234,27.321671649849474,15.2482510061569,RightFoot,OpenPlay,Goal,1,0.0259769111871719,0
692851,31208,2026-09-06 13:00:00,Man United,Bruno Fernandes,away,7,0.855,0.4959999847412109,89.77499999999999,33.72799896240234,15.227429512706813,27.026306718084886,RightFoot,OpenPlay,ShotOnPost,0,0.0688583999872207,0
692853,31208,2026-09-06 13:00:00,Man United,Youri Tielemans,away,17,0.72,0.3990000152587891,75.6,27.132001037597657,30.19154533553326,13.474974556637713,RightFoot,OpenPlay,SavedShot,0,0.0142006902024149,0
692854,31208,2026-09-06 13:00:00,Man United,Matheus Cunha,away,18,0.7069999694824218,0.4270000076293945,74.2349967956543,29.036000518798826,31.1629060424853,13.232091881041644,RightFoot,OpenPlay,BlockedShot,0,0.0175678972154855,0
692855,31208,2026-09-06 13:00:00,Man United,Bruno Fernandes,away,19,0.7469999694824219,0.3970000076293945,78.4349967956543,26.996000518798827,27.472812087217495,14.697376614279719,RightFoot,OpenPlay,BlockedShot,0,0.0217207856476306,0
692856,31208,2026-09-06 13:00:00,Man United,Diogo Dalot,away,20,0.7340000152587891,0.469000015258789,77.07000160217285,31.89200103759765,28.009435376817514,14.848987330428564,RightFoot,FromCorner,BlockedShot,0,0.0152270765975117,0
692857,31208,2026-09-06 13:00:00,Man United,Matheus Cunha,away,21,0.8569999694824219,0.4329999923706055,89.9849967956543,29.443999481201175,15.690999393085416,25.271863867384077,RightFoot,OpenPlay,MissedShots,0,0.0870424881577491,0
692862,31208,2026-09-06 13:00:00,Man United,Bruno Fernandes,away,48,0.860999984741211,0.7519999694824219,90.40499839782716,51.135997924804684,22.50903144620706,12.220930684123124,RightFoot,OpenPlay,BlockedShot,0,0.02466531842947,0
692863,31208,2026-09-06 13:00:00,Man United,Bryan Mbeumo,away,46,0.8180000305175781,0.3309999847412109,85.8900032043457,22.50799896240234,22.299283965590984,16.12464043476535,LeftFoot,OpenPlay,Goal,1,0.0389138124883174,0
692868,31208,2026-09-06 13:00:00,Man United,Bruno Fernandes,away,64,0.7530000305175781,0.544000015258789,79.0650032043457,36.99200103759765,26.10701302331587,15.860966061092943,RightFoot,SetPiece,MissedShots,0,0.0150541793555021,0
692869,31208,2026-09-06 13:00:00,Man United,Youri Tielemans,away,64,0.7769999694824219,0.6630000305175782,81.5849967956543,45.084002075195315,25.905935170583078,14.60604529986587,LeftFoot,OpenPlay,BlockedShot,0,0.0302132293581962,0
692870,31208,2026-09-06 13:00:00,Man United,Luke Shaw,away,65,0.8080000305175781,0.5309999847412109,84.84000320434569,36.10799896240234,20.269907015728545,20.36860014579051,RightFoot,FromCorner,MissedShots,0,0.0381812565028667,0
692875,31208,2026-09-06 13:00:00,Man United,Bryan Mbeumo,away,73,0.855,0.3479999923706054,89.77499999999999,23.663999481201166,18.401998036208187,18.91468945224835,LeftFoot,OpenPlay,BlockedShot,0,0.068879909813404,0
692878,31208,2026-09-06 13:00:00,Man United,Benjamin Sesko,away,85,0.855,0.5020000076293946,89.77499999999999,34.13600051879883,15.2256074145209,27.03219813759273,Head,OpenPlay,MissedShots,0,0.0226435251533985,0
692879,31208,2026-09-06 13:00:00,Man United,Benjamin Sesko,away,87,0.9290000152587892,0.4779999923706055,97.54500160217286,32.50399948120117,7.6036187873835175,50.85506757389876,Head,OpenPlay,Goal,1,0.4090565741062164,1
693055,31209,2026-09-06 15:30:00,Arsenal,Riccardo Calafiori,home,4,0.936999969482422,0.4209999847412109,98.38499679565432,28.627998962402344,8.521541089583149,39.270988323945865,RightFoot,SetPiece,SavedShot,0,0.4750669598579407,1
693056,31209,2026-09-06 15:30:00,Arsenal,Gabriel,home,4,0.960999984741211,0.4229999923706055,100.90499839782716,28.76399948120117,6.6471602624473975,44.232770053382666,RightFoot,SetPiece,SavedShot,0,0.1343599408864975,0
693057,31209,2026-09-06 15:30:00,Arsenal,Gabriel,home,11,0.965,0.580999984741211,101.325,39.50799896240235,6.621455849722575,41.46072751997813,RightFoot,SetPiece,SavedShot,0,0.5216020345687866,1
693058,31209,2026-09-06 15:30:00,Arsenal,Kai Havertz,home,14,0.958000030517578,0.5620000076293945,100.59000320434569,38.21600051879883,6.101043526495551,53.56851061719255,Head,OpenPlay,SavedShot,0,0.0676256120204925,0
693059,31209,2026-09-06 15:30:00,Arsenal,Bukayo Saka,home,17,0.963000030517578,0.315,101.11500320434568,21.42,13.166229532491231,10.08126114186571,RightFoot,OpenPlay,SavedShot,0,0.3008607923984527,1
693060,31209,2026-09-06 15:30:00,Arsenal,Kai Havertz,home,19,0.8490000152587891,0.514000015258789,89.14500160217285,34.952001037597654,15.883553763899576,25.911453649563054,LeftFoot,OpenPlay,BlockedShot,0,0.0954787135124206,0
693063,31209,2026-09-06 15:30:00,Arsenal,Martin Odegaard,home,22,0.899000015258789,0.3859999847412109,94.39500160217285,26.24799896240234,13.136190890240272,25.999756278544695,LeftFoot,OpenPlay,BlockedShot,0,0.1296346634626388,0
693064,31209,2026-09-06 15:30:00,Arsenal,Riccardo Calafiori,home,23,0.8680000305175781,0.515,91.1400032043457,35.02,13.897478590577046,29.44219279151672,RightFoot,OpenPlay,BlockedShot,0,0.0882883742451667,0
693065,31209,2026-09-06 15:30:00,Arsenal,Kai Havertz,home,24,0.8230000305175781,0.3340000152587891,86.4150032043457,22.71200103759766,21.74444817579138,16.494744817886488,LeftFoot,OpenPlay,Goal,1,0.0353672616183757,0
693067,31209,2026-09-06 15:30:00,Arsenal,Myles Lewis-Skelly,home,33,0.8590000152587891,0.6359999847412109,90.19500160217285,43.24799896240234,17.45604372039264,20.40560592002539,LeftFoot,OpenPlay,MissedShots,0,0.0631627440452575,0
693070,31209,2026-09-06 15:30:00,Arsenal,Bukayo Saka,home,48,0.799000015258789,0.3359999847412109,83.89500160217285,22.84799896240234,23.87023427859194,15.51790827202163,LeftFoot,OpenPlay,BlockedShot,0,0.0226390231400728,0
693071,31209,2026-09-06 15:30:00,Arsenal,Martin Odegaard,home,49,0.901999969482422,0.5159999847412109,94.7099967956543,35.08799896240234,10.34736235412838,38.80310356797329,LeftFoot,OpenPlay,Goal,1,0.5586743354797363,1
693072,31209,2026-09-06 15:30:00,Arsenal,Declan Rice,home,55,0.7709999847412109,0.4729999923706054,80.95499839782714,32.16399948120117,24.114995333889762,17.21302208754637,RightFoot,OpenPlay,BlockedShot,0,0.0428596138954162,0
693073,31209,2026-09-06 15:30:00,Arsenal,Bukayo Saka,home,55,0.906999969482422,0.705,95.23499679565431,47.94,17.0199555692981,14.505463303775745,LeftFoot,OpenPlay,SavedShot,0,0.0881966203451156,0
693077,31209,2026-09-06 15:30:00,Arsenal,Martín Zubimendi,home,68,0.8590000152587891,0.5459999847412109,90.19500160217285,37.127998962402344,15.131832508604322,26.689133246121777,RightFoot,OpenPlay,BlockedShot,0,0.1103859096765518,0
693078,31209,2026-09-06 15:30:00,Arsenal,Bukayo Saka,home,68,0.8369999694824218,0.3829999923706054,87.88499679565429,26.043999481201165,18.873825233372575,20.07426747047868,LeftFoot,OpenPlay,SavedShot,0,0.1351766884326934,0
693054,31209,2026-09-06 15:30:00,Chelsea,Morgan Rogers,away,1,0.815,0.5409999847412109,85.57499999999999,36.78799896240234,19.624055727967065,20.933560816931653,RightFoot,SetPiece,Goal,1,0.0366709716618061,0
693061,31209,2026-09-06 15:30:00,Chelsea,Cole Palmer,away,20,0.7859999847412109,0.325,82.52999839782714,22.1,25.426580029599947,14.56323100835499,LeftFoot,OpenPlay,SavedShot,0,0.024129943922162,0
693062,31209,2026-09-06 15:30:00,Chelsea,Reece James,away,22,0.705,0.6569999694824219,74.02499999999999,44.67599792480469,32.763204310482735,12.07342759819933,RightFoot,OpenPlay,SavedShot,0,0.0147999413311481,0
693066,31209,2026-09-06 15:30:00,Chelsea,Morgan Rogers,away,30,0.9280000305175782,0.7030000305175781,97.44000320434571,47.804002075195314,15.738615721921022,13.28865432645931,RightFoot,OpenPlay,MissedShots,0,0.0593342445790767,0
693068,31209,2026-09-06 15:30:00,Chelsea,João Pedro,away,35,0.6940000152587891,0.5309999847412109,72.87000160217285,36.10799896240234,32.199075400853744,12.942824431203265,RightFoot,OpenPlay,MissedShots,0,0.0162631962448358,0
693069,31209,2026-09-06 15:30:00,Chelsea,Pedro Neto,away,47,0.884000015258789,0.285,92.82000160217285,19.38,19.028840242407625,14.342386649962792,LeftFoot,OpenPlay,ShotOnPost,0,0.0978277698159217,0
693074,31209,2026-09-06 15:30:00,Chelsea,Malo Gusto,away,60,0.8109999847412109,0.3809999847412109,85.15499839782714,25.90799896240234,21.43139214756533,18.04424686153656,RightFoot,OpenPlay,MissedShots,0,0.0382228009402751,0
693075,31209,2026-09-06 15:30:00,Chelsea,Cole Palmer,away,62,0.8580000305175781,0.35,90.0900032043457,23.799999999999997,18.0651046065729,19.226058537271282,RightFoot,OpenPlay,SavedShot,0,0.0173619613051414,0
693076,31209,2026-09-06 15:30:00,Chelsea,Morgan Rogers,away,64,0.7519999694824219,0.7230000305175781,78.95999679565429,49.16400207519531,30.133514992759515,12.027735449819216,RightFoot,OpenPlay,MissedShots,0,0.0133393658325076,0
693079,31209,2026-09-06 15:30:00,Chelsea,Reece James,away,75,0.735999984741211,0.355,77.27999839782716,24.14,29.42138828853025,13.392516544591752,RightFoot,FromCorner,BlockedShot,0,0.0127037549391388,0
693080,31209,2026-09-06 15:30:00,Chelsea,Cole Palmer,away,82,0.8869999694824219,0.7140000152587891,93.1349967956543,48.552001037597655,18.776022881254082,14.364268035328777,LeftFoot,OpenPlay,MissedShots,0,0.0378369092941284,0
693081,31209,2026-09-06 15:30:00,Chelsea,Reece James,away,87,0.6809999847412109,0.500999984741211,71.50499839782715,34.06799896240235,33.495070625219604,12.471892260765152,RightFoot,DirectFreekick,BlockedShot,0,0.0323267206549644,0
693082,31209,2026-09-06 15:30:00,Chelsea,Estêvão,away,88,0.8430000305175781,0.2779999923706054,88.5150032043457,18.90399948120117,22.352725807299365,13.937275973570369,LeftFoot,OpenPlay,SavedShot,0,0.0296902749687433,0
