id,minute,result,X,Y,xG,player,h_a,player_id,situation,season,shotType,match_id,h_team,a_team,h_goals,a_goals,date,player_assisted,lastAction,team_side
688493,4,MissedShots,0.8419999694824218,0.58,0.07754625380039215,Christos Tzolis,h,9746,OpenPlay,2026,RightFoot,31180,Arsenal,Coventry,3,0,2026-08-21 19:00:00,Martin Odegaard,Pass,home
688494,6,BlockedShot,0.9080000305175782,0.4179999923706055,0.09580084681510925,Bukayo Saka,h,7322,OpenPlay,2026,RightFoot,31180,Arsenal,Coventry,3,0,2026-08-21 19:00:00,Christos Tzolis,Cross,home
688495,7,BlockedShot,0.845,0.505,0.05152222886681557,Christos Tzolis,h,9746,FromCorner,2026,LeftFoot,31180,Arsenal,Coventry,3,0,2026-08-21 19:00:00,Ben White,Pass,home
688496,8,MissedShots,0.7180000305175781,0.6609999847412109,0.012301568873226643,Declan Rice,h,5553,OpenPlay,2026,RightFoot,31180,Arsenal,Coventry,3,0,2026-08-21 19:00:00,Christos Tzolis,Pass,home
688498,14,Goal,0.8540000152587891,0.48400001525878905,0.09835345298051834,Kai Havertz,h,5220,OpenPlay,2026,LeftFoot,31180,Arsenal,Coventry,3,0,2026-08-21 19:00:00,Riccardo Calafiori,Pass,home
688499,22,Goal,0.9319999694824219,0.4490000152587891,0.6286753416061401,Bukayo Saka,h,7322,OpenPlay,2026,LeftFoot,31180,Arsenal,Coventry,3,0,2026-08-21 19:00:00,,None,home
688500,32,BlockedShot,0.914000015258789,0.40700000762939453,0.12903930246829987,Ben White,h,7298,OpenPlay,2026,RightFoot,31180,Arsenal,Coventry,3,0,2026-08-21 19:00:00,Martin Odegaard,Pass,home
688501,37,BlockedShot,0.8240000152587891,0.5479999923706055,0.08370493352413177,Riccardo Calafiori,h,8129,OpenPlay,2026,LeftFoot,31180,Arsenal,Coventry,3,0,2026-08-21 19:00:00,Christos Tzolis,Pass,home
688503,45,BlockedShot,0.7980000305175782,0.29399999618530276,0.019344165921211243,Martin Odegaard,h,2517,FromCorner,2026,LeftFoot,31180,Arsenal,Coventry,3,0,2026-08-21 19:00:00,Bukayo Saka,Pass,home
688504,46,MissedShots,0.794000015258789,0.39299999237060546,0.027639780193567276,Declan Rice,h,5553,FromCorner,2026,LeftFoot,31180,Arsenal,Coventry,3,0,2026-08-21 19:00:00,Bukayo Saka,Pass,home
688505,48,Goal,0.9109999847412109,0.40099998474121096,0.13565748929977417,Martin Odegaard,h,2517,OpenPlay,2026,RightFoot,31180,Arsenal,Coventry,3,0,2026-08-21 19:00:00,Ben White,Pass,home
688506,51,MissedShots,0.82,0.34799999237060547,0.047731224447488785,Myles Lewis-Skelly,h,12272,OpenPlay,2026,LeftFoot,31180,Arsenal,Coventry,3,0,2026-08-21 19:00:00,Kai Havertz,Pass,home
688507,60,BlockedShot,0.8730000305175781,0.6329999923706054,0.07900393754243851,Christos Tzolis,h,9746,OpenPlay,2026,RightFoot,31180,Arsenal,Coventry,3,0,2026-08-21 19:00:00,Martin Odegaard,BallTouch,home
688508,61,BlockedShot,0.845,0.5379999923706055,0.051784105598926544,Bukayo Saka,h,7322,FromCorner,2026,LeftFoot,31180,Arsenal,Coventry,3,0,2026-08-21 19:00:00,Myles Lewis-Skelly,Pass,home
688509,64,SavedShot,0.8130000305175781,0.6029999923706054,0.029601093381643295,Christos Tzolis,h,9746,FromCorner,2026,RightFoot,31180,Arsenal,Coventry,3,0,2026-08-21 19:00:00,,None,home
688511,71,BlockedShot,0.8090000152587891,0.4640000152587891,0.07599208503961563,Martin Odegaard,h,2517,OpenPlay,2026,LeftFoot,31180,Arsenal,Coventry,3,0,2026-08-21 19:00:00,Noni Madueke,Pass,home
688512,77,BlockedShot,0.8980000305175782,0.26600000381469724,0.1020832285284996,Mikel Merino,h,5304,OpenPlay,2026,LeftFoot,31180,Arsenal,Coventry,3,0,2026-08-21 19:00:00,Noni Madueke,Pass,home
688513,81,MissedShots,0.774000015258789,0.6359999847412109,0.028713038191199303,Gabriel,h,5613,OpenPlay,2026,LeftFoot,31180,Arsenal,Coventry,3,0,2026-08-21 19:00:00,Noni Madueke,Pass,home
688515,90,SavedShot,0.77,0.44099998474121094,0.042255014181137085,Mikel Merino,h,5304,OpenPlay,2026,LeftFoot,31180,Arsenal,Coventry,3,0,2026-08-21 19:00:00,Noni Madueke,TakeOn,home
688516,94,MissedShots,0.6990000152587891,0.5259999847412109,0.03748644143342972,Eberechi Eze,h,8706,DirectFreekick,2026,RightFoot,31180,Arsenal,Coventry,3,0,2026-08-21 19:00:00,,Standard,home
688497,12,BlockedShot,0.715999984741211,0.3509999847412109,0.012768540531396866,Loum Tchaouna,a,9977,OpenPlay,2026,LeftFoot,31180,Arsenal,Coventry,3,0,2026-08-21 19:00:00,Ellis Simms,Pass,away
688502,41,MissedShots,0.7880000305175782,0.5420000076293945,0.03236808255314827,Loum Tchaouna,a,9977,OpenPlay,2026,LeftFoot,31180,Arsenal,Coventry,3,0,2026-08-21 19:00:00,Bobby Thomas,HeadPass,away
688510,66,MissedShots,0.7240000152587891,0.335,0.007854167371988297,Bobby Thomas,a,8483,OpenPlay,2026,RightFoot,31180,Arsenal,Coventry,3,0,2026-08-21 19:00:00,,None,away
688514,85,SavedShot,0.914000015258789,0.495,0.5053454041481018,Jack Rudoni,a,14747,OpenPlay,2026,Head,31180,Arsenal,Coventry,3,0,2026-08-21 19:00:00,Victor Torp,Aerial,away
688538,14,SavedShot,0.874000015258789,0.47400001525878904,0.026277294382452965,Oliver McBurnie,h,1736,OpenPlay,2026,Head,31181,Hull,Manchester United,2,0,2026-08-22 11:30:00,Ryan John Giles,Aerial,home
688539,16,SavedShot,0.9690000152587891,0.40299999237060546,0.41052940487861633,Oliver McBurnie,h,1736,FromCorner,2026,RightFoot,31181,Hull,Manchester United,2,0,2026-08-22 11:30:00,,None,home
688540,16,Goal,0.9690000152587891,0.46799999237060547,0.7058625221252441,Semi Ajayi,h,4490,FromCorner,2026,RightFoot,31181,Hull,Manchester United,2,0,2026-08-22 11:30:00,,Rebound,home
688542,20,MissedShots,0.8540000152587891,0.3390000152587891,0.017307370901107788,Mohamed Belloumi,h,14760,SetPiece,2026,LeftFoot,31181,Hull,Manchester United,2,0,2026-08-22 11:30:00,,Aerial,home
688546,37,Goal,0.9480000305175781,0.5029999923706054,0.5255845189094543,Nobel Mendy,h,12286,SetPiece,2026,Head,31181,Hull,Manchester United,2,0,2026-08-22 11:30:00,Regan Slater,Cross,home
688552,61,MissedShots,0.7769999694824219,0.27700000762939453,0.02903418429195881,Mohamed Belloumi,h,14760,OpenPlay,2026,LeftFoot,31181,Hull,Manchester United,2,0,2026-08-22 11:30:00,Lewie Coyle,Pass,home
688555,72,MissedShots,0.8219999694824218,0.3110000038146973,0.041359830647706985,Cody Drameh,h,9499,OpenPlay,2026,RightFoot,31181,Hull,Manchester United,2,0,2026-08-22 11:30:00,Oliver McBurnie,Pass,home
688556,74,BlockedShot,0.7919999694824219,0.72,0.030095621943473816,Ryan John Giles,h,7277,OpenPlay,2026,LeftFoot,31181,Hull,Manchester United,2,0,2026-08-22 11:30:00,Oliver McBurnie,Pass,home
688536,12,SavedShot,0.899000015258789,0.315,0.02381080761551857,Bryan Mbeumo,a,6552,OpenPlay,2026,RightFoot,31181,Hull,Manchester United,2,0,2026-08-22 11:30:00,Luke Shaw,Cross,away
688537,13,SavedShot,0.8469999694824218,0.3609999847412109,0.056740906089544296,Matheus Cunha,a,7080,OpenPlay,2026,LeftFoot,31181,Hull,Manchester United,2,0,2026-08-22 11:30:00,Noussair Mazraoui,Pass,away
688541,19,BlockedShot,0.7809999847412109,0.43900001525878907,0.03078845515847206,Youri Tielemans,a,5956,OpenPlay,2026,RightFoot,31181,Hull,Manchester United,2,0,2026-08-22 11:30:00,,None,away
688543,24,MissedShots,0.909000015258789,0.64,0.06070529669523239,Patrick Dorgu,a,11944,OpenPlay,2026,LeftFoot,31181,Hull,Manchester United,2,0,2026-08-22 11:30:00,,None,away
688544,28,MissedShots,0.9390000152587891,0.5420000076293945,0.44202718138694763,Patrick Dorgu,a,11944,OpenPlay,2026,LeftFoot,31181,Hull,Manchester United,2,0,2026-08-22 11:30:00,Harry Maguire,Cross,away
688545,34,BlockedShot,0.9059999847412109,0.35200000762939454,0.04977758973836899,Bryan Mbeumo,a,6552,OpenPlay,2026,LeftFoot,31181,Hull,Manchester United,2,0,2026-08-22 11:30:00,Luke Shaw,Cross,away
688547,43,MissedShots,0.9280000305175782,0.5590000152587891,0.12129988521337509,Patrick Dorgu,a,11944,OpenPlay,2026,Head,31181,Hull,Manchester United,2,0,2026-08-22 11:30:00,Bryan Mbeumo,Cross,away
688548,46,BlockedShot,0.7659999847412109,0.6179999923706054,0.02254619263112545,Bruno Fernandes,a,1228,OpenPlay,2026,RightFoot,31181,Hull,Manchester United,2,0,2026-08-22 11:30:00,Matheus Cunha,Pass,away
688549,50,MissedShots,0.855,0.485,0.019801810383796692,Ayden Heaven,a,13080,OpenPlay,2026,Head,31181,Hull,Manchester United,2,0,2026-08-22 11:30:00,Bruno Fernandes,Cross,away
688550,55,BlockedShot,0.9259999847412109,0.4979999923706055,0.1123661920428276,Ayden Heaven,a,13080,FromCorner,2026,Head,31181,Hull,Manchester United,2,0,2026-08-22 11:30:00,Bruno Fernandes,Cross,away
688551,58,SavedShot,0.6940000152587891,0.6780000305175782,0.007276418153196573,Bruno Fernandes,a,1228,OpenPlay,2026,RightFoot,31181,Hull,Manchester United,2,0,2026-08-22 11:30:00,Marcus Rashford,Pass,away
688553,65,BlockedShot,0.8669999694824219,0.6320000076293946,0.06598352640867233,Matheus Cunha,a,7080,OpenPlay,2026,RightFoot,31181,Hull,Manchester United,2,0,2026-08-22 11:30:00,Luke Shaw,Pass,away
688554,66,MissedShots,0.9569999694824218,0.43099998474121093,0.09059377759695053,Noussair Mazraoui,a,10696,OpenPlay,2026,RightFoot,31181,Hull,Manchester United,2,0,2026-08-22 11:30:00,Luke Shaw,Cross,away
688557,75,MissedShots,0.8830000305175781,0.2989999961853027,0.04875008016824722,Bryan Mbeumo,a,6552,OpenPlay,2026,LeftFoot,31181,Hull,Manchester United,2,0,2026-08-22 11:30:00,Noussair Mazraoui,Pass,away
688558,77,SavedShot,0.855,0.43599998474121093,0.42816442251205444,Bryan Mbeumo,a,6552,OpenPlay,2026,RightFoot,31181,Hull,Manchester United,2,0,2026-08-22 11:30:00,Matheus Cunha,Throughball,away
688559,78,MissedShots,0.9540000152587891,0.435,0.0633055716753006,Matheus Cunha,a,7080,FromCorner,2026,Head,31181,Hull,Manchester United,2,0,2026-08-22 11:30:00,Harry Maguire,HeadPass,away
688560,83,BlockedShot,0.8119999694824219,0.6569999694824219,0.026342200115323067,Kobbie Mainoo,a,11174,OpenPlay,2026,RightFoot,31181,Hull,Manchester United,2,0,2026-08-22 11:30:00,Marcus Rashford,Pass,away
688561,83,SavedShot,0.8069999694824219,0.33,0.023901332169771194,Harry Maguire,a,1687,OpenPlay,2026,LeftFoot,31181,Hull,Manchester United,2,0,2026-08-22 11:30:00,Diogo Dalot,TakeOn,away
688562,88,BlockedShot,0.7969999694824219,0.750999984741211,0.01114521361887455,Bruno Fernandes,a,1228,OpenPlay,2026,LeftFoot,31181,Hull,Manchester United,2,0,2026-08-22 11:30:00,Marcus Rashford,Pass,away
688563,92,BlockedShot,0.889000015258789,0.46,0.039644911885261536,Benjamin Sesko,a,11974,OpenPlay,2026,Head,31181,Hull,Manchester United,2,0,2026-08-22 11:30:00,Marcus Rashford,Aerial,away
688564,94,MissedShots,0.92,0.7069999694824218,0.03377111628651619,Harry Maguire,a,1687,OpenPlay,2026,RightFoot,31181,Hull,Manchester United,2,0,2026-08-22 11:30:00,Bruno Fernandes,Chipped,away
688587,11,SavedShot,0.8640000152587891,0.3940000152587891,0.0854983851313591,Iliman Ndiaye,h,9307,OpenPlay,2026,RightFoot,31182,Everton,Crystal Palace,2,0,2026-08-22 14:00:00,Merlin Röhl,Pass,home
688589,17,MissedShots,0.830999984741211,0.7240000152587891,0.028086043894290924,Tyrique George,h,12573,OpenPlay,2026,RightFoot,31182,Everton,Crystal Palace,2,0,2026-08-22 14:00:00,Vitalii Mykolenko,Pass,home
688590,30,MissedShots,0.9069999694824219,0.4109999847412109,0.04858771711587906,James Tarkowski,h,1665,SetPiece,2026,Head,31182,Everton,Crystal Palace,2,0,2026-08-22 14:00:00,Kiernan Dewsbury-Hall,Chipped,home
688591,33,BlockedShot,0.7930000305175782,0.6619999694824219,0.02669128030538559,Tyrique George,h,12573,OpenPlay,2026,LeftFoot,31182,Everton,Crystal Palace,2,0,2026-08-22 14:00:00,Iliman Ndiaye,Pass,home
688593,41,BlockedShot,0.9169999694824219,0.66,0.09686107188463211,Kiernan Dewsbury-Hall,h,9739,OpenPlay,2026,LeftFoot,31182,Everton,Crystal Palace,2,0,2026-08-22 14:00:00,Tyrique George,TakeOn,home
688594,41,Goal,0.885,0.6719999694824219,0.06906358152627945,Kiernan Dewsbury-Hall,h,9739,OpenPlay,2026,LeftFoot,31182,Everton,Crystal Palace,2,0,2026-08-22 14:00:00,Harrison Armstrong,Pass,home
688596,46,BlockedShot,0.7430000305175781,0.500999984741211,0.03167112171649933,Thierno Barry,h,12916,OpenPlay,2026,RightFoot,31182,Everton,Crystal Palace,2,0,2026-08-22 14:00:00,Hayden Hackney,BallRecovery,home
688597,47,BlockedShot,0.78,0.625999984741211,0.01897476054728031,Tyrique George,h,12573,FromCorner,2026,RightFoot,31182,Everton,Crystal Palace,2,0,2026-08-22 14:00:00,,None,home
688598,48,BlockedShot,0.895,0.7559999847412109,0.03810520097613335,Hayden Hackney,h,14769,FromCorner,2026,RightFoot,31182,Everton,Crystal Palace,2,0,2026-08-22 14:00:00,Tyrique George,Pass,home
688599,50,MissedShots,0.7709999847412109,0.6830000305175781,0.02548147737979889,Kiernan Dewsbury-Hall,h,9739,OpenPlay,2026,LeftFoot,31182,Everton,Crystal Palace,2,0,2026-08-22 14:00:00,Iliman Ndiaye,Pass,home
688600,52,Goal,0.95,0.5159999847412109,0.5571271181106567,Thierno Barry,h,12916,SetPiece,2026,Head,31182,Everton,Crystal Palace,2,0,2026-08-22 14:00:00,Iliman Ndiaye,Cross,home
688601,55,SavedShot,0.874000015258789,0.46599998474121096,0.13361485302448273,Iliman Ndiaye,h,9307,OpenPlay,2026,RightFoot,31182,Everton,Crystal Palace,2,0,2026-08-22 14:00:00,Thierno Barry,Cross,home
688604,72,BlockedShot,0.875,0.6959999847412109,0.07030624896287918,Tyrique George,h,12573,OpenPlay,2026,RightFoot,31182,Everton,Crystal Palace,2,0,2026-08-22 14:00:00,Kiernan Dewsbury-Hall,Pass,home
688605,72,MissedShots,0.935,0.6519999694824219,0.09607944637537003,Tyrique George,h,12573,OpenPlay,2026,LeftFoot,31182,Everton,Crystal Palace,2,0,2026-08-22 14:00:00,,Dispossessed,home
688608,92,BlockedShot,0.8240000152587891,0.47200000762939454,0.06535620987415314,Beto,h,9983,OpenPlay,2026,RightFoot,31182,Everton,Crystal Palace,2,0,2026-08-22 14:00:00,,None,home
688609,95,SavedShot,0.8530000305175781,0.6730000305175782,0.059344056993722916,Carlos Alcaraz,h,11297,OpenPlay,2026,RightFoot,31182,Everton,Crystal Palace,2,0,2026-08-22 14:00:00,James Garner,Pass,home
688584,2,MissedShots,0.9669999694824218,0.5479999923706055,0.7940734624862671,Jean-Philippe Mateta,a,5735,OpenPlay,2026,RightFoot,31182,Everton,Crystal Palace,2,0,2026-08-22 14:00:00,Eddie Nketiah,Pass,away
688585,9,BlockedShot,0.7569999694824219,0.505,0.024988599121570587,Dwight McNeil,a,6756,OpenPlay,2026,LeftFoot,31182,Everton,Crystal Palace,2,0,2026-08-22 14:00:00,Jean-Philippe Mateta,Pass,away
688586,11,SavedShot,0.8930000305175781,0.37599998474121094,0.07143311202526093,Daniel Muñoz,a,12408,OpenPlay,2026,LeftFoot,31182,Everton,Crystal Palace,2,0,2026-08-22 14:00:00,,None,away
688588,16,SavedShot,0.9080000305175782,0.5770000076293945,0.3071564733982086,Eddie Nketiah,a,6482,OpenPlay,2026,RightFoot,31182,Everton,Crystal Palace,2,0,2026-08-22 14:00:00,Adam Wharton,Chipped,away
688592,37,ShotOnPost,0.8919999694824219,0.4620000076293945,0.5248755812644958,Jean-Philippe Mateta,a,5735,OpenPlay,2026,RightFoot,31182,Everton,Crystal Palace,2,0,2026-08-22 14:00:00,Eddie Nketiah,Pass,away
688595,48,MissedShots,0.92,0.4590000152587891,0.2571656405925751,Daniel Muñoz,a,12408,OpenPlay,2026,Head,31182,Everton,Crystal Palace,2,0,2026-08-22 14:00:00,Daichi Kamada,Cross,away
688602,61,BlockedShot,0.7419999694824219,0.5629999923706055,0.0194392167031765,Yeremi Pino,a,9024,OpenPlay,2026,RightFoot,31182,Everton,Crystal Palace,2,0,2026-08-22 14:00:00,Adam Wharton,BallRecovery,away
688603,65,SavedShot,0.7880000305175782,0.43599998474121093,0.04007472097873688,Evann Guessand,a,8006,OpenPlay,2026,RightFoot,31182,Everton,Crystal Palace,2,0,2026-08-22 14:00:00,Daichi Kamada,Pass,away
688606,82,BlockedShot,0.855999984741211,0.3559999847412109,0.01944364793598652,Jaydee Canvot,a,13091,OpenPlay,2026,RightFoot,31182,Everton,Crystal Palace,2,0,2026-08-22 14:00:00,Anan Khalaili,HeadPass,away
688607,92,SavedShot,0.93,0.47,0.1436384618282318,Jørgen Strand Larsen,a,11070,OpenPlay,2026,Head,31182,Everton,Crystal Palace,2,0,2026-08-22 14:00:00,Anan Khalaili,Cross,away
688610,95,MissedShots,0.8630000305175781,0.725999984741211,0.028658203780651093,Yeremi Pino,a,9024,OpenPlay,2026,RightFoot,31182,Everton,Crystal Palace,2,0,2026-08-22 14:00:00,Tyrick Mitchell,Pass,away
688613,6,BlockedShot,0.749000015258789,0.3609999847412109,0.02159455418586731,Julio Enciso,h,11058,OpenPlay,2026,RightFoot,31183,Ipswich,Sunderland,2,1,2026-08-22 14:00:00,Emersonn,Pass,home
688614,6,SavedShot,0.840999984741211,0.5329999923706055,0.0106583833694458,Emersonn,h,14082,OpenPlay,2026,Head,31183,Ipswich,Sunderland,2,1,2026-08-22 14:00:00,Dara O&#039;Shea,Aerial,home
688615,23,Goal,0.8959999847412109,0.5170000076293946,0.5669058561325073,Emersonn,h,14082,OpenPlay,2026,RightFoot,31183,Ipswich,Sunderland,2,1,2026-08-22 14:00:00,Julio Enciso,Pass,home
688616,26,MissedShots,0.9,0.5459999847412109,0.0372440367937088,Emersonn,h,14082,SetPiece,2026,Head,31183,Ipswich,Sunderland,2,1,2026-08-22 14:00:00,Dara O&#039;Shea,Aerial,home
688620,30,MissedShots,0.9069999694824219,0.580999984741211,0.10848024487495422,Julio Enciso,h,11058,OpenPlay,2026,LeftFoot,31183,Ipswich,Sunderland,2,1,2026-08-22 14:00:00,Emersonn,Cross,home
688624,49,MissedShots,0.9590000152587891,0.5159999847412109,0.6158341765403748,Daizen Maeda,h,14772,OpenPlay,2026,Head,31183,Ipswich,Sunderland,2,1,2026-08-22 14:00:00,Abdul Fatawu,Cross,home
688625,50,MissedShots,0.8919999694824219,0.4179999923706055,0.0732707604765892,Julio Enciso,h,11058,OpenPlay,2026,RightFoot,31183,Ipswich,Sunderland,2,1,2026-08-22 14:00:00,Abdul Fatawu,Cross,home
688627,64,MissedShots,0.8769999694824219,0.624000015258789,0.055459536612033844,Marcelino Núñez,h,14771,FromCorner,2026,RightFoot,31183,Ipswich,Sunderland,2,1,2026-08-22 14:00:00,,None,home
688629,89,Goal,0.8440000152587891,0.625,0.06425638496875763,Jack Clarke,h,13019,OpenPlay,2026,RightFoot,31183,Ipswich,Sunderland,2,1,2026-08-22 14:00:00,Sasa Lukic,Pass,home
688630,91,MissedShots,0.674000015258789,0.6170000076293946,0.030820326879620552,Jack Clarke,h,13019,OpenPlay,2026,RightFoot,31183,Ipswich,Sunderland,2,1,2026-08-22 14:00:00,Guemissongui Ouattara,Pass,home
688611,3,BlockedShot,0.8619999694824219,0.3920000076293945,0.49776360392570496,Brian Brobbey,a,9789,OpenPlay,2026,RightFoot,31183,Ipswich,Sunderland,2,1,2026-08-22 14:00:00,Trai Hume,Throughball,away
688612,3,MissedShots,0.7580000305175781,0.5309999847412109,0.019959822297096252,Trai Hume,a,13713,FromCorner,2026,RightFoot,31183,Ipswich,Sunderland,2,1,2026-08-22 14:00:00,Noah Sadiki,BallTouch,away
688617,28,SavedShot,0.905,0.4420000076293945,0.288067489862442,Noah Sadiki,a,13716,OpenPlay,2026,Head,31183,Ipswich,Sunderland,2,1,2026-08-22 14:00:00,Trai Hume,Aerial,away
688618,28,BlockedShot,0.715999984741211,0.49700000762939456,0.021169524639844894,Luke O&#039;Nien,a,14099,FromCorner,2026,LeftFoot,31183,Ipswich,Sunderland,2,1,2026-08-22 14:00:00,Trai Hume,Pass,away
688619,29,MissedShots,0.960999984741211,0.41700000762939454,0.037810228765010834,Nilson Angulo,a,14424,FromCorner,2026,Head,31183,Ipswich,Sunderland,2,1,2026-08-22 14:00:00,Granit Xhaka,Aerial,away
688621,37,BlockedShot,0.8230000305175781,0.4209999847412109,0.03578585758805275,Thomas Meunier,a,5680,OpenPlay,2026,RightFoot,31183,Ipswich,Sunderland,2,1,2026-08-22 14:00:00,Noah Sadiki,Cross,away
688622,38,Goal,0.794000015258789,0.6519999694824219,0.07915539294481277,Nilson Angulo,a,14424,DirectFreekick,2026,RightFoot,31183,Ipswich,Sunderland,2,1,2026-08-22 14:00:00,,Standard,away
688623,46,MissedShots,0.9180000305175782,0.3840000152587891,0.033754706382751465,Trai Hume,a,13713,OpenPlay,2026,Head,31183,Ipswich,Sunderland,2,1,2026-08-22 14:00:00,Reinildo,Cross,away
688626,52,BlockedShot,0.91,0.4859999847412109,0.13810701668262482,Brian Brobbey,a,9789,OpenPlay,2026,RightFoot,31183,Ipswich,Sunderland,2,1,2026-08-22 14:00:00,Reinildo,Pass,away
688628,81,SavedShot,0.840999984741211,0.13899999618530273,0.01048893854022026,Thomas Meunier,a,5680,OpenPlay,2026,RightFoot,31183,Ipswich,Sunderland,2,1,2026-08-22 14:00:00,Granit Xhaka,HeadPass,away
688631,93,BlockedShot,0.745999984741211,0.6480000305175782,0.015362401492893696,Habib Diarra,a,9767,OpenPlay,2026,RightFoot,31183,Ipswich,Sunderland,2,1,2026-08-22 14:00:00,,None,away
688633,16,SavedShot,0.9030000305175782,0.4829999923706055,0.05974733084440231,Igor Jesus,h,13778,OpenPlay,2026,Head,31184,Nottingham Forest,Leeds,0,1,2026-08-22 14:00:00,Ola Aina,Pass,home
688636,28,MissedShots,0.7430000305175781,0.64,0.01400030218064785,Morgan Gibbs-White,h,6857,SetPiece,2026,RightFoot,31184,Nottingham Forest,Leeds,0,1,2026-08-22 14:00:00,,BallTouch,home
688637,32,MissedShots,0.9009999847412109,0.48400001525878905,0.04636634141206741,Nikola Milenkovic,h,6174,OpenPlay,2026,Head,31184,Nottingham Forest,Leeds,0,1,2026-08-22 14:00:00,Murillo,Aerial,home
688638,35,SavedShot,0.765,0.3240000152587891,0.019795270636677742,Ola Aina,h,725,OpenPlay,2026,LeftFoot,31184,Nottingham Forest,Leeds,0,1,2026-08-22 14:00:00,James McAtee,Pass,home
688639,40,ShotOnPost,0.905,0.48900001525878906,0.07749739289283752,Nikola Milenkovic,h,6174,FromCorner,2026,Head,31184,Nottingham Forest,Leeds,0,1,2026-08-22 14:00:00,James McAtee,Cross,home
688644,54,MissedShots,0.9330000305175781,0.53,0.13593603670597076,Igor Jesus,h,13778,SetPiece,2026,Head,31184,Nottingham Forest,Leeds,0,1,2026-08-22 14:00:00,Ola Aina,Cross,home
688646,61,MissedShots,0.7119999694824218,0.42700000762939455,0.014822493307292461,Ibrahim Sangare,h,5722,OpenPlay,2026,RightFoot,31184,Nottingham Forest,Leeds,0,1,2026-08-22 14:00:00,Ola Aina,Pass,home
688647,62,BlockedShot,0.759000015258789,0.31,0.01766836829483509,Ola Aina,h,725,OpenPlay,2026,RightFoot,31184,Nottingham Forest,Leeds,0,1,2026-08-22 14:00:00,Ibrahim Sangare,Pass,home
688648,63,MissedShots,0.8819999694824219,0.534000015258789,0.055871471762657166,Morgan Gibbs-White,h,6857,OpenPlay,2026,RightFoot,31184,Nottingham Forest,Leeds,0,1,2026-08-22 14:00:00,,Aerial,home
688649,64,MissedShots,0.8159999847412109,0.5170000076293946,0.058869559317827225,Chris Wood,h,4456,OpenPlay,2026,RightFoot,31184,Nottingham Forest,Leeds,0,1,2026-08-22 14:00:00,Murillo,Pass,home
688651,73,BlockedShot,0.9180000305175782,0.455,0.08250962942838669,Igor Jesus,h,13778,FromCorner,2026,Head,31184,Nottingham Forest,Leeds,0,1,2026-08-22 14:00:00,James McAtee,Cross,home
688654,92,MissedShots,0.7609999847412109,0.47099998474121096,0.07359727472066879,Morgan Gibbs-White,h,6857,DirectFreekick,2026,RightFoot,31184,Nottingham Forest,Leeds,0,1,2026-08-22 14:00:00,,Standard,home
688632,0,BlockedShot,0.7519999694824219,0.4809999847412109,0.012050499208271503,Anton Stach,a,9910,OpenPlay,2026,RightFoot,31184,Nottingham Forest,Leeds,0,1,2026-08-22 14:00:00,,Aerial,away
688634,19,BlockedShot,0.899000015258789,0.42900001525878906,0.033589523285627365,Joe Rodon,a,6377,OpenPlay,2026,Head,31184,Nottingham Forest,Leeds,0,1,2026-08-22 14:00:00,Ethan Ampadu,Pass,away
688635,19,BlockedShot,0.9680000305175781,0.3970000076293945,0.03783676028251648,Jaka Bijol,a,6807,OpenPlay,2026,Head,31184,Nottingham Forest,Leeds,0,1,2026-08-22 14:00:00,,Aerial,away
688640,45,BlockedShot,0.8980000305175782,0.3920000076293945,0.045307401567697525,Jaka Bijol,a,6807,OpenPlay,2026,LeftFoot,31184,Nottingham Forest,Leeds,0,1,2026-08-22 14:00:00,,Aerial,away
688641,46,SavedShot,0.7819999694824219,0.735,0.018504053354263306,Brenden Aaronson,a,10751,OpenPlay,2026,RightFoot,31184,Nottingham Forest,Leeds,0,1,2026-08-22 14:00:00,Harry Wilson,Pass,away
688642,51,MissedShots,0.92,0.735999984741211,0.04616284370422363,Dominic Calvert-Lewin,a,5555,OpenPlay,2026,LeftFoot,31184,Nottingham Forest,Leeds,0,1,2026-08-22 14:00:00,Ethan Ampadu,BallRecovery,away
688643,52,MissedShots,0.9219999694824219,0.83,0.05921553447842598,Anton Stach,a,9910,DirectFreekick,2026,RightFoot,31184,Nottingham Forest,Leeds,0,1,2026-08-22 14:00:00,,Standard,away
688645,55,BlockedShot,0.740999984741211,0.5209999847412109,0.016369245946407318,Dominic Calvert-Lewin,a,5555,OpenPlay,2026,RightFoot,31184,Nottingham Forest,Leeds,0,1,2026-08-22 14:00:00,,None,away
688650,69,SavedShot,0.9219999694824219,0.5279999923706055,0.06015468388795853,Tarik Muharemovic,a,13879,OpenPlay,2026,Head,31184,Nottingham Forest,Leeds,0,1,2026-08-22 14:00:00,Noah Okafor,Aerial,away
688652,85,BlockedShot,0.9169999694824219,0.4209999847412109,0.09783720225095749,Dominic Calvert-Lewin,a,5555,OpenPlay,2026,LeftFoot,31184,Nottingham Forest,Leeds,0,1,2026-08-22 14:00:00,Joe Rodon,Cross,away
688653,87,Goal,0.7930000305175782,0.8030000305175782,0.03921906650066376,Anton Stach,a,9910,DirectFreekick,2026,RightFoot,31184,Nottingham Forest,Leeds,0,1,2026-08-22 14:00:00,,Standard,away
688731,2,BlockedShot,0.89,0.8490000152587891,0.04871726408600807,Mathias Jensen,h,7166,DirectFreekick,2026,RightFoot,31185,Brentford,Tottenham,3,0,2026-08-22 16:30:00,,Standard,home
688732,3,BlockedShot,0.8109999847412109,0.44799999237060545,0.0339069738984108,Keane Lewis-Potter,h,10809,FromCorner,2026,RightFoot,31185,Brentford,Tottenham,3,0,2026-08-22 16:30:00,Mathias Jensen,Cross,home
688733,3,MissedShots,0.950999984741211,0.509000015258789,0.485587477684021,Nathan Collins,h,9733,FromCorner,2026,Head,31185,Brentford,Tottenham,3,0,2026-08-22 16:30:00,Mathias Jensen,Cross,home
688734,7,MissedShots,0.9419999694824219,0.6790000152587891,0.009310474619269371,Dango Ouattara,h,9662,FromCorner,2026,Head,31185,Brentford,Tottenham,3,0,2026-08-22 16:30:00,Vitaly Janelt,Cross,home
688736,11,Goal,0.925,0.49400001525878906,0.5437885522842407,Keane Lewis-Potter,h,10809,OpenPlay,2026,RightFoot,31185,Brentford,Tottenham,3,0,2026-08-22 16:30:00,Mamadou Sangaré,Pass,home
688738,28,MissedShots,0.89,0.4829999923706055,0.07549700886011124,Michael Kayode,h,11281,SetPiece,2026,Head,31185,Brentford,Tottenham,3,0,2026-08-22 16:30:00,Mathias Jensen,Cross,home
688739,32,SavedShot,0.7930000305175782,0.34400001525878904,0.03872928023338318,Mathias Jensen,h,7166,OpenPlay,2026,RightFoot,31185,Brentford,Tottenham,3,0,2026-08-22 16:30:00,,BallRecovery,home
688740,32,Goal,0.9130000305175782,0.4640000152587891,0.44415485858917236,Vitaly Janelt,h,9680,OpenPlay,2026,RightFoot,31185,Brentford,Tottenham,3,0,2026-08-22 16:30:00,,Rebound,home
688741,35,BlockedShot,0.8959999847412109,0.42,0.01785750687122345,Michael Kayode,h,11281,OpenPlay,2026,Head,31185,Brentford,Tottenham,3,0,2026-08-22 16:30:00,Keane Lewis-Potter,Aerial,home
688743,42,MissedShots,0.7430000305175781,0.435,0.020452728495001793,Dango Ouattara,h,9662,OpenPlay,2026,LeftFoot,31185,Brentford,Tottenham,3,0,2026-08-22 16:30:00,Mamadou Sangaré,Pass,home
688744,44,MissedShots,0.919000015258789,0.46900001525878904,0.05533910542726517,Michael Kayode,h,11281,OpenPlay,2026,Head,31185,Brentford,Tottenham,3,0,2026-08-22 16:30:00,Dango Ouattara,Aerial,home
688745,47,BlockedShot,0.95,0.3820000076293945,0.11029800027608871,Kevin Schade,h,9156,OpenPlay,2026,RightFoot,31185,Brentford,Tottenham,3,0,2026-08-22 16:30:00,Dango Ouattara,HeadPass,home
688746,47,SavedShot,0.8569999694824219,0.55,0.039199743419885635,Mamadou Sangaré,h,13917,FromCorner,2026,LeftFoot,31185,Brentford,Tottenham,3,0,2026-08-22 16:30:00,Nathan Collins,HeadPass,home
688747,48,Goal,0.9619999694824218,0.4779999923706055,0.667422354221344,Michael Kayode,h,11281,FromCorner,2026,RightFoot,31185,Brentford,Tottenham,3,0,2026-08-22 16:30:00,,Rebound,home
688750,52,MissedShots,0.8569999694824219,0.5629999923706055,0.08439822494983673,Kevin Schade,h,9156,OpenPlay,2026,RightFoot,31185,Brentford,Tottenham,3,0,2026-08-22 16:30:00,,None,home
688751,52,BlockedShot,0.8930000305175781,0.6580000305175782,0.04388490319252014,Vitaly Janelt,h,9680,OpenPlay,2026,LeftFoot,31185,Brentford,Tottenham,3,0,2026-08-22 16:30:00,Kevin Schade,Rebound,home
688752,54,ShotOnPost,0.885,0.5,0.7611688375473022,Thiago,h,13222,Penalty,2026,RightFoot,31185,Brentford,Tottenham,3,0,2026-08-22 16:30:00,,Standard,home
688755,68,SavedShot,0.87,0.5790000152587891,0.023402083665132523,Kevin Schade,h,9156,OpenPlay,2026,Head,31185,Brentford,Tottenham,3,0,2026-08-22 16:30:00,Jaidon Anthony,Cross,home
688756,75,MissedShots,0.805,0.4979999923706055,0.01617930270731449,Jaidon Anthony,h,10746,FromCorner,2026,LeftFoot,31185,Brentford,Tottenham,3,0,2026-08-22 16:30:00,Nathan Collins,HeadPass,home
688757,76,MissedShots,0.9330000305175781,0.4590000152587891,0.14507773518562317,Thiago,h,13222,OpenPlay,2026,LeftFoot,31185,Brentford,Tottenham,3,0,2026-08-22 16:30:00,Jaidon Anthony,Pass,home
688758,77,BlockedShot,0.9159999847412109,0.4,0.0187356136739254,Nathan Collins,h,9733,OpenPlay,2026,Head,31185,Brentford,Tottenham,3,0,2026-08-22 16:30:00,Jaidon Anthony,Aerial,home
688760,84,SavedShot,0.965,0.5559999847412109,0.07533276826143265,Kristoffer Ajer,h,9677,FromCorner,2026,Head,31185,Brentford,Tottenham,3,0,2026-08-22 16:30:00,Mikkel Damsgaard,Aerial,home
688762,87,SavedShot,0.8980000305175782,0.42700000762939455,0.14352603256702423,Kevin Schade,h,9156,OpenPlay,2026,RightFoot,31185,Brentford,Tottenham,3,0,2026-08-22 16:30:00,Callum Wilson,Pass,home
688763,90,BlockedShot,0.9630000305175781,0.34200000762939453,0.08469273895025253,Callum Wilson,h,468,OpenPlay,2026,RightFoot,31185,Brentford,Tottenham,3,0,2026-08-22 16:30:00,Mikkel Damsgaard,Pass,home
688764,90,MissedShots,0.9519999694824218,0.46599998474121096,0.0743473544716835,Kevin Schade,h,9156,FromCorner,2026,Head,31185,Brentford,Tottenham,3,0,2026-08-22 16:30:00,Vitaly Janelt,Aerial,home
688765,92,MissedShots,0.82,0.36400001525878906,0.027612298727035522,Yehor Yarmolyuk,h,11772,FromCorner,2026,RightFoot,31185,Brentford,Tottenham,3,0,2026-08-22 16:30:00,,None,home
688735,9,MissedShots,0.7190000152587891,0.6329999923706054,0.01676817238330841,Conor Gallagher,a,9040,OpenPlay,2026,RightFoot,31185,Brentford,Tottenham,3,0,2026-08-22 16:30:00,Mathys Tel,Pass,away
688737,14,BlockedShot,0.7190000152587891,0.6370000076293946,0.03921889513731003,Mathys Tel,a,9780,DirectFreekick,2026,RightFoot,31185,Brentford,Tottenham,3,0,2026-08-22 16:30:00,,Standard,away
688742,39,MissedShots,0.795,0.4640000152587891,0.017000919207930565,Sandro Tonali,a,7958,OpenPlay,2026,RightFoot,31185,Brentford,Tottenham,3,0,2026-08-22 16:30:00,Mikey Moore,HeadPass,away
688748,49,SavedShot,0.8769999694824219,0.36400001525878906,0.08789630979299545,Mikey Moore,a,12603,OpenPlay,2026,RightFoot,31185,Brentford,Tottenham,3,0,2026-08-22 16:30:00,Mateus Fernandes,Pass,away
688749,51,SavedShot,0.899000015258789,0.33599998474121096,0.24651990830898285,Mikey Moore,a,12603,OpenPlay,2026,RightFoot,31185,Brentford,Tottenham,3,0,2026-08-22 16:30:00,Andrew Robertson,Cross,away
688753,58,SavedShot,0.715,0.644000015258789,0.009762866422533989,Sandro Tonali,a,7958,OpenPlay,2026,RightFoot,31185,Brentford,Tottenham,3,0,2026-08-22 16:30:00,Mathys Tel,Pass,away
688754,61,SavedShot,0.9169999694824219,0.3160000038146973,0.27518752217292786,Mikey Moore,a,12603,OpenPlay,2026,RightFoot,31185,Brentford,Tottenham,3,0,2026-08-22 16:30:00,Mateus Fernandes,Chipped,away
688759,81,MissedShots,0.745999984741211,0.5,0.022197911515831947,Mathys Tel,a,9780,OpenPlay,2026,LeftFoot,31185,Brentford,Tottenham,3,0,2026-08-22 16:30:00,Rodrigo Bentancur,Pass,away
688761,86,BlockedShot,0.84,0.6,0.04173195734620094,Dominic Solanke,a,1679,OpenPlay,2026,LeftFoot,31185,Brentford,Tottenham,3,0,2026-08-22 16:30:00,,None,away
689207,7,ShotOnPost,0.9359999847412109,0.29700000762939455,0.3025970757007599,Maxim De Cuyper,h,13711,OpenPlay,2026,RightFoot,31186,Brighton,Aston Villa,4,0,2026-08-23 13:00:00,,BallRecovery,home
689210,17,Goal,0.975,0.5079999923706054,0.9075709581375122,Maxim De Cuyper,h,13711,OpenPlay,2026,LeftFoot,31186,Brighton,Aston Villa,4,0,2026-08-23 13:00:00,Georginio Rutter,Pass,home
689211,23,MissedShots,0.7609999847412109,0.285,0.016567936167120934,Georginio Rutter,h,6937,OpenPlay,2026,RightFoot,31186,Brighton,Aston Villa,4,0,2026-08-23 13:00:00,Diego Gómez,BallRecovery,home
689212,29,Goal,0.975,0.5220000076293946,0.79644775390625,Jack Hinshelwood,h,11269,OpenPlay,2026,Head,31186,Brighton,Aston Villa,4,0,2026-08-23 13:00:00,Diego Gómez,HeadPass,home
689213,30,Goal,0.8869999694824219,0.5609999847412109,0.4964374303817749,Jack Hinshelwood,h,11269,OpenPlay,2026,RightFoot,31186,Brighton,Aston Villa,4,0,2026-08-23 13:00:00,,None,home
689214,41,BlockedShot,0.7909999847412109,0.46599998474121096,0.03677110746502876,Yasin Ayari,h,11385,OpenPlay,2026,RightFoot,31186,Brighton,Aston Villa,4,0,2026-08-23 13:00:00,,None,home
689215,41,MissedShots,0.8330000305175781,0.39299999237060546,0.08135496079921722,Mats Wieffer,h,12758,OpenPlay,2026,RightFoot,31186,Brighton,Aston Villa,4,0,2026-08-23 13:00:00,Maxim De Cuyper,Pass,home
689216,42,MissedShots,0.8180000305175781,0.56,0.07555624842643738,Maxim De Cuyper,h,13711,OpenPlay,2026,LeftFoot,31186,Brighton,Aston Villa,4,0,2026-08-23 13:00:00,Pascal Groß,Chipped,home
689217,43,BlockedShot,0.874000015258789,0.6519999694824219,0.09380283206701279,Maxim De Cuyper,h,13711,OpenPlay,2026,LeftFoot,31186,Brighton,Aston Villa,4,0,2026-08-23 13:00:00,Pascal Groß,Pass,home
689218,44,SavedShot,0.88,0.55,0.10088619589805603,Diego Gómez,h,13364,OpenPlay,2026,RightFoot,31186,Brighton,Aston Villa,4,0,2026-08-23 13:00:00,Jack Hinshelwood,Tackle,home
689219,48,MissedShots,0.6919999694824219,0.539000015258789,0.013998284935951233,Luka Vuskovic,h,13725,OpenPlay,2026,RightFoot,31186,Brighton,Aston Villa,4,0,2026-08-23 13:00:00,Maxim De Cuyper,Pass,home
689220,50,MissedShots,0.8719999694824219,0.5570000076293945,0.045717015862464905,Yasin Ayari,h,11385,FromCorner,2026,RightFoot,31186,Brighton,Aston Villa,4,0,2026-08-23 13:00:00,Maxim De Cuyper,Chipped,home
689222,53,MissedShots,0.97,0.4229999923706055,0.35315704345703125,Luka Vuskovic,h,13725,FromCorner,2026,LeftFoot,31186,Brighton,Aston Villa,4,0,2026-08-23 13:00:00,,Aerial,home
689223,56,SavedShot,0.924000015258789,0.35200000762939454,0.11031394451856613,Diego Gómez,h,13364,OpenPlay,2026,RightFoot,31186,Brighton,Aston Villa,4,0,2026-08-23 13:00:00,Yasin Ayari,Chipped,home
689224,57,BlockedShot,0.8769999694824219,0.49900001525878906,0.10852551460266113,Jack Hinshelwood,h,11269,OpenPlay,2026,RightFoot,31186,Brighton,Aston Villa,4,0,2026-08-23 13:00:00,,None,home
689225,60,MissedShots,0.9180000305175782,0.655,0.05288620665669441,Georginio Rutter,h,6937,FromCorner,2026,RightFoot,31186,Brighton,Aston Villa,4,0,2026-08-23 13:00:00,Mats Wieffer,HeadPass,home
689226,64,ShotOnPost,0.76,0.4590000152587891,0.023927055299282074,Costinha,h,14854,OpenPlay,2026,RightFoot,31186,Brighton,Aston Villa,4,0,2026-08-23 13:00:00,Pascal Groß,Pass,home
689228,70,MissedShots,0.7319999694824219,0.39099998474121095,0.020467154681682587,Diego Gómez,h,13364,OpenPlay,2026,RightFoot,31186,Brighton,Aston Villa,4,0,2026-08-23 13:00:00,Mats Wieffer,Pass,home
689229,76,MissedShots,0.8680000305175781,0.40099998474121096,0.05431147292256355,Charalampos Kostoulas,h,14118,OpenPlay,2026,RightFoot,31186,Brighton,Aston Villa,4,0,2026-08-23 13:00:00,,Aerial,home
689230,89,SavedShot,0.87,0.509000015258789,0.02805580012500286,Costinha,h,14854,OpenPlay,2026,Head,31186,Brighton,Aston Villa,4,0,2026-08-23 13:00:00,Ibrahim Osman,Cross,home
689231,93,MissedShots,0.9080000305175782,0.5609999847412109,0.28391528129577637,Charalampos Kostoulas,h,14118,OpenPlay,2026,Head,31186,Brighton,Aston Villa,4,0,2026-08-23 13:00:00,Pascal Groß,Chipped,home
689204,3,MissedShots,0.7719999694824219,0.5529999923706055,0.020128635689616203,Emiliano Buendía,a,2203,SetPiece,2026,RightFoot,31186,Brighton,Aston Villa,4,0,2026-08-23 13:00:00,,None,away
689205,4,MissedShots,0.8230000305175781,0.3609999847412109,0.0454123355448246,Emiliano Buendía,a,2203,OpenPlay,2026,LeftFoot,31186,Brighton,Aston Villa,4,0,2026-08-23 13:00:00,Ross Barkley,BlockedPass,away
689206,6,MissedShots,0.88,0.6630000305175782,0.051970478147268295,Emiliano Buendía,a,2203,OpenPlay,2026,LeftFoot,31186,Brighton,Aston Villa,4,0,2026-08-23 13:00:00,Ross Barkley,Chipped,away
689208,7,OwnGoal,0.015,0.5359999847412109,0,Victor Lindelöf,a,6080,OpenPlay,2026,OtherBodyPart,31186,Brighton,Aston Villa,4,0,2026-08-23 13:00:00,,None,away
689209,16,MissedShots,0.7959999847412109,0.385,0.03462063521146774,John McGinn,a,7723,OpenPlay,2026,LeftFoot,31186,Brighton,Aston Villa,4,0,2026-08-23 13:00:00,João Gomes,Pass,away
689221,51,MissedShots,0.7859999847412109,0.6480000305175782,0.025440337136387825,Ian Maatsen,a,11807,OpenPlay,2026,LeftFoot,31186,Brighton,Aston Villa,4,0,2026-08-23 13:00:00,George Hemmings,Pass,away
689227,67,MissedShots,0.955999984741211,0.5779999923706055,0.0976761132478714,Ross Barkley,a,592,FromCorner,2026,Head,31186,Brighton,Aston Villa,4,0,2026-08-23 13:00:00,Emiliano Buendía,Cross,away
689232,3,SavedShot,0.965999984741211,0.3890000152587891,0.3493589162826538,Rico Lewis,h,10847,OpenPlay,2026,RightFoot,31187,Manchester City,Bournemouth,2,1,2026-08-23 13:00:00,Phil Foden,Pass,home
689233,4,MissedShots,0.960999984741211,0.6129999923706054,0.16302089393138885,Nico O&#039;Reilly,h,11592,FromCorner,2026,Head,31187,Manchester City,Bournemouth,2,1,2026-08-23 13:00:00,Phil Foden,Cross,home
689234,7,BlockedShot,0.9119999694824219,0.3659999847412109,0.05560465529561043,Phil Foden,h,6055,OpenPlay,2026,LeftFoot,31187,Manchester City,Bournemouth,2,1,2026-08-23 13:00:00,Nico O&#039;Reilly,Cross,home
689237,32,BlockedShot,0.8190000152587891,0.4809999847412109,0.048174794763326645,Erling Haaland,h,8260,OpenPlay,2026,LeftFoot,31187,Manchester City,Bournemouth,2,1,2026-08-23 13:00:00,,None,home
689238,38,SavedShot,0.889000015258789,0.47900001525878905,0.026699868962168694,Erling Haaland,h,8260,OpenPlay,2026,Head,31187,Manchester City,Bournemouth,2,1,2026-08-23 13:00:00,Rúben Dias,Aerial,home
689241,43,MissedShots,0.914000015258789,0.495,0.11130133271217346,Erling Haaland,h,8260,FromCorner,2026,LeftFoot,31187,Manchester City,Bournemouth,2,1,2026-08-23 13:00:00,,None,home
689242,50,MissedShots,0.975999984741211,0.46,0.532733678817749,Marc Guehi,h,7603,FromCorner,2026,Head,31187,Manchester City,Bournemouth,2,1,2026-08-23 13:00:00,Elliot Anderson,Cross,home
689243,66,SavedShot,0.9269999694824219,0.6769999694824219,0.051345810294151306,Antoine Semenyo,h,11363,OpenPlay,2026,LeftFoot,31187,Manchester City,Bournemouth,2,1,2026-08-23 13:00:00,,None,home
689244,67,BlockedShot,0.8219999694824218,0.36,0.0453963465988636,Phil Foden,h,6055,OpenPlay,2026,LeftFoot,31187,Manchester City,Bournemouth,2,1,2026-08-23 13:00:00,Mathis Cherki,Pass,home
689245,71,MissedShots,0.895,0.610999984741211,0.08766872435808182,Erling Haaland,h,8260,OpenPlay,2026,LeftFoot,31187,Manchester City,Bournemouth,2,1,2026-08-23 13:00:00,Mathis Cherki,Pass,home
689246,74,SavedShot,0.9180000305175782,0.4620000076293945,0.48015788197517395,Erling Haaland,h,8260,OpenPlay,2026,RightFoot,31187,Manchester City,Bournemouth,2,1,2026-08-23 13:00:00,Marc Guehi,Pass,home
689248,83,Goal,0.9290000152587891,0.5170000076293946,0.11412540078163147,Marc Guehi,h,7603,FromCorner,2026,Head,31187,Manchester City,Bournemouth,2,1,2026-08-23 13:00:00,Mathis Cherki,Cross,home
689249,90,Goal,0.8919999694824219,0.45799999237060546,0.40884682536125183,Josko Gvardiol,h,9790,OpenPlay,2026,RightFoot,31187,Manchester City,Bournemouth,2,1,2026-08-23 13:00:00,Mathis Cherki,Throughball,home
689235,13,SavedShot,0.9230000305175782,0.3290000152587891,0.0670793354511261,Rayan,a,14395,OpenPlay,2026,RightFoot,31187,Manchester City,Bournemouth,2,1,2026-08-23 13:00:00,,Foul,away
689236,25,Goal,0.9259999847412109,0.57,0.4407866895198822,Marcus Tavernier,a,10741,OpenPlay,2026,LeftFoot,31187,Manchester City,Bournemouth,2,1,2026-08-23 13:00:00,Evanilson,Pass,away
689239,39,MissedShots,0.745999984741211,0.425,0.0385570153594017,Marcus Tavernier,a,10741,OpenPlay,2026,LeftFoot,31187,Manchester City,Bournemouth,2,1,2026-08-23 13:00:00,Justin Kluivert,Pass,away
689240,40,SavedShot,0.855,0.6320000076293946,0.07864044606685638,Justin Kluivert,a,6963,OpenPlay,2026,RightFoot,31187,Manchester City,Bournemouth,2,1,2026-08-23 13:00:00,Rayan,Pass,away
689247,78,SavedShot,0.9019999694824219,0.5540000152587891,0.08247722685337067,Daniel Jebbison,a,9509,SetPiece,2026,Head,31187,Manchester City,Bournemouth,2,1,2026-08-23 13:00:00,Marcus Tavernier,Cross,away
689362,4,Goal,0.8569999694824219,0.32799999237060545,0.2569243609905243,Anthony Elanga,h,9524,OpenPlay,2026,RightFoot,31188,Newcastle United,Liverpool,2,2,2026-08-23 15:30:00,William Osula,Pass,home
689365,11,MissedShots,0.695,0.5659999847412109,0.013825546950101852,Yoane Wissa,h,5786,OpenPlay,2026,LeftFoot,31188,Newcastle United,Liverpool,2,2,2026-08-23 15:30:00,,None,home
689368,21,BlockedShot,0.9369999694824219,0.28200000762939453,0.05798335000872612,Amar Dedic,h,13456,OpenPlay,2026,RightFoot,31188,Newcastle United,Liverpool,2,2,2026-08-23 15:30:00,Lewis Miley,Chipped,home
689372,30,BlockedShot,0.7119999694824218,0.485,0.04265609011054039,William Osula,h,9556,DirectFreekick,2026,RightFoot,31188,Newcastle United,Liverpool,2,2,2026-08-23 15:30:00,,Standard,home
689373,31,BlockedShot,0.7559999847412109,0.515,0.01630183309316635,William Osula,h,9556,SetPiece,2026,LeftFoot,31188,Newcastle United,Liverpool,2,2,2026-08-23 15:30:00,,Rebound,home
689375,43,MissedShots,0.795,0.27100000381469724,0.02479308843612671,Yoane Wissa,h,5786,OpenPlay,2026,RightFoot,31188,Newcastle United,Liverpool,2,2,2026-08-23 15:30:00,,None,home
689379,47,MissedShots,0.7980000305175782,0.6,0.049853045493364334,Lewis Miley,h,11386,OpenPlay,2026,RightFoot,31188,Newcastle United,Liverpool,2,2,2026-08-23 15:30:00,,None,home
689385,56,Goal,0.8219999694824218,0.63,0.07223523408174515,Joe Willock,h,6630,OpenPlay,2026,RightFoot,31188,Newcastle United,Liverpool,2,2,2026-08-23 15:30:00,Yoane Wissa,Pass,home
689388,66,MissedShots,0.9490000152587891,0.5179999923706055,0.6304523944854736,Yoane Wissa,h,5786,OpenPlay,2026,RightFoot,31188,Newcastle United,Liverpool,2,2,2026-08-23 15:30:00,Lewis Hall,Rebound,home
689389,67,SavedShot,0.7719999694824219,0.27600000381469725,0.02433796226978302,Anthony Elanga,h,9524,OpenPlay,2026,LeftFoot,31188,Newcastle United,Liverpool,2,2,2026-08-23 15:30:00,Lewis Miley,Pass,home
689391,69,MissedShots,0.85,0.5370000076293945,0.09045211225748062,Jacob Ramsey,h,8941,OpenPlay,2026,LeftFoot,31188,Newcastle United,Liverpool,2,2,2026-08-23 15:30:00,,None,home
689395,85,SavedShot,0.8959999847412109,0.3820000076293945,0.3008303940296173,Yoane Wissa,h,5786,OpenPlay,2026,RightFoot,31188,Newcastle United,Liverpool,2,2,2026-08-23 15:30:00,Joe Willock,Chipped,home
689397,89,BlockedShot,0.8340000152587891,0.65,0.060245297849178314,Harvey Barnes,h,6681,OpenPlay,2026,RightFoot,31188,Newcastle United,Liverpool,2,2,2026-08-23 15:30:00,,Dispossessed,home
689361,1,BlockedShot,0.855,0.4209999847412109,0.09328129887580872,Florian Wirtz,a,8397,OpenPlay,2026,RightFoot,31188,Newcastle United,Liverpool,2,2,2026-08-23 15:30:00,Cody Gakpo,Pass,away
689363,8,BlockedShot,0.9309999847412109,0.5109999847412109,0.05730561539530754,Virgil van Dijk,a,833,SetPiece,2026,Head,31188,Newcastle United,Liverpool,2,2,2026-08-23 15:30:00,Dominik Szoboszlai,CornerAwarded,away
689364,8,BlockedShot,0.889000015258789,0.6370000076293946,0.055657755583524704,Cody Gakpo,a,11296,FromCorner,2026,LeftFoot,31188,Newcastle United,Liverpool,2,2,2026-08-23 15:30:00,,None,away
689366,17,SavedShot,0.879000015258789,0.6359999847412109,0.055351514369249344,Florian Wirtz,a,8397,OpenPlay,2026,LeftFoot,31188,Newcastle United,Liverpool,2,2,2026-08-23 15:30:00,,None,away
689367,17,MissedShots,0.7959999847412109,0.745,0.02242746576666832,Milos Kerkez,a,11709,FromCorner,2026,LeftFoot,31188,Newcastle United,Liverpool,2,2,2026-08-23 15:30:00,Dominik Szoboszlai,Cross,away
689369,25,BlockedShot,0.6769999694824219,0.3370000076293945,0.027728766202926636,Dominik Szoboszlai,a,9788,DirectFreekick,2026,RightFoot,31188,Newcastle United,Liverpool,2,2,2026-08-23 15:30:00,,Standard,away
689370,26,BlockedShot,0.8030000305175782,0.6819999694824219,0.027153585106134415,Cody Gakpo,a,11296,OpenPlay,2026,RightFoot,31188,Newcastle United,Liverpool,2,2,2026-08-23 15:30:00,Florian Wirtz,Pass,away
689371,28,SavedShot,0.7330000305175781,0.6580000305175782,0.0158837977796793,Milos Kerkez,a,11709,OpenPlay,2026,LeftFoot,31188,Newcastle United,Liverpool,2,2,2026-08-23 15:30:00,Jérémy Jacquet,Pass,away
689374,40,BlockedShot,0.7319999694824219,0.5409999847412109,0.015201340429484844,Ryan Gravenberch,a,10697,OpenPlay,2026,RightFoot,31188,Newcastle United,Liverpool,2,2,2026-08-23 15:30:00,,BallRecovery,away
689376,46,BlockedShot,0.9880000305175781,0.4620000076293945,0.5037542581558228,Alexander Isak,a,5232,FromCorner,2026,Head,31188,Newcastle United,Liverpool,2,2,2026-08-23 15:30:00,,BallRecovery,away
689377,46,SavedShot,0.9880000305175781,0.47200000762939454,0.7861687541007996,Alexander Isak,a,5232,FromCorner,2026,Head,31188,Newcastle United,Liverpool,2,2,2026-08-23 15:30:00,,None,away
689378,46,BlockedShot,0.8719999694824219,0.46599998474121096,0.07640118151903152,Florian Wirtz,a,8397,FromCorner,2026,RightFoot,31188,Newcastle United,Liverpool,2,2,2026-08-23 15:30:00,,None,away
689380,52,MissedShots,0.7719999694824219,0.620999984741211,0.024252556264400482,Cody Gakpo,a,11296,OpenPlay,2026,RightFoot,31188,Newcastle United,Liverpool,2,2,2026-08-23 15:30:00,Milos Kerkez,Pass,away
689381,54,Goal,0.71,0.3559999847412109,0.014872793108224869,Cody Gakpo,a,11296,OpenPlay,2026,RightFoot,31188,Newcastle United,Liverpool,2,2,2026-08-23 15:30:00,Ryan Gravenberch,Pass,away
689382,56,BlockedShot,0.850999984741211,0.32799999237060545,0.05073927342891693,Rio Ngumoha,a,13692,OpenPlay,2026,LeftFoot,31188,Newcastle United,Liverpool,2,2,2026-08-23 15:30:00,Jeremie Frimpong,Pass,away
689383,56,BlockedShot,0.870999984741211,0.539000015258789,0.08386443555355072,Cody Gakpo,a,11296,OpenPlay,2026,LeftFoot,31188,Newcastle United,Liverpool,2,2,2026-08-23 15:30:00,,Rebound,away
689384,56,BlockedShot,0.789000015258789,0.4520000076293945,0.04046129807829857,Ryan Gravenberch,a,10697,OpenPlay,2026,LeftFoot,31188,Newcastle United,Liverpool,2,2,2026-08-23 15:30:00,Alexander Isak,BallTouch,away
689386,59,MissedShots,0.77,0.6480000305175782,0.01999964937567711,Cody Gakpo,a,11296,OpenPlay,2026,RightFoot,31188,Newcastle United,Liverpool,2,2,2026-08-23 15:30:00,,None,away
689387,65,SavedShot,0.924000015258789,0.654000015258789,0.06562499701976776,Virgil van Dijk,a,833,SetPiece,2026,RightFoot,31188,Newcastle United,Liverpool,2,2,2026-08-23 15:30:00,Dominik Szoboszlai,Chipped,away
689390,68,MissedShots,0.8619999694824219,0.5270000076293946,0.08661928027868271,Alexander Isak,a,5232,OpenPlay,2026,LeftFoot,31188,Newcastle United,Liverpool,2,2,2026-08-23 15:30:00,Cody Gakpo,Pass,away
689392,77,BlockedShot,0.904000015258789,0.30700000762939456,0.026911349967122078,Víctor Muñoz,a,13279,OpenPlay,2026,RightFoot,31188,Newcastle United,Liverpool,2,2,2026-08-23 15:30:00,Jeremie Frimpong,HeadPass,away
689393,79,BlockedShot,0.7230000305175781,0.6140000152587891,0.04264264181256294,Dominik Szoboszlai,a,9788,DirectFreekick,2026,RightFoot,31188,Newcastle United,Liverpool,2,2,2026-08-23 15:30:00,,Standard,away
689394,84,SavedShot,0.8980000305175782,0.519000015258789,0.034117721021175385,Alexander Isak,a,5232,OpenPlay,2026,Head,31188,Newcastle United,Liverpool,2,2,2026-08-23 15:30:00,Jeremie Frimpong,Aerial,away
689396,85,BlockedShot,0.914000015258789,0.315,0.08249377459287643,Víctor Muñoz,a,13279,OpenPlay,2026,RightFoot,31188,Newcastle United,Liverpool,2,2,2026-08-23 15:30:00,,None,away
689398,90,BlockedShot,0.9009999847412109,0.76,0.05200997367501259,Lewis Koumas,a,12434,OpenPlay,2026,LeftFoot,31188,Newcastle United,Liverpool,2,2,2026-08-23 15:30:00,Cody Gakpo,Pass,away
689399,91,BlockedShot,0.7369999694824219,0.33,0.013493696227669716,Jeremie Frimpong,a,9328,FromCorner,2026,LeftFoot,31188,Newcastle United,Liverpool,2,2,2026-08-23 15:30:00,,None,away
689400,98,Goal,0.885,0.5,0.7611688375473022,Dominik Szoboszlai,a,9788,Penalty,2026,RightFoot,31188,Newcastle United,Liverpool,2,2,2026-08-23 15:30:00,,Standard,away
689753,19,SavedShot,0.7619999694824219,0.35700000762939454,0.022120017558336258,Joshua King,h,12410,OpenPlay,2026,RightFoot,31189,Fulham,Chelsea,2,3,2026-08-24 19:00:00,Sander Berge,Pass,home
689754,20,MissedShots,0.8109999847412109,0.5259999847412109,0.03983810916543007,César Palacios,h,14352,FromCorner,2026,RightFoot,31189,Fulham,Chelsea,2,3,2026-08-24 19:00:00,Joshua King,Pass,home
689755,21,BlockedShot,0.830999984741211,0.34,0.03691895306110382,Sander Berge,h,8285,OpenPlay,2026,RightFoot,31189,Fulham,Chelsea,2,3,2026-08-24 19:00:00,,None,home
689756,22,Goal,0.889000015258789,0.29,0.048884131014347076,Joshua King,h,12410,OpenPlay,2026,RightFoot,31189,Fulham,Chelsea,2,3,2026-08-24 19:00:00,Timothy Castagne,Pass,home
689757,26,BlockedShot,0.9209999847412109,0.5509999847412109,0.12013418972492218,César Palacios,h,14352,OpenPlay,2026,RightFoot,31189,Fulham,Chelsea,2,3,2026-08-24 19:00:00,Timothy Castagne,Cross,home
689758,26,BlockedShot,0.914000015258789,0.4859999847412109,0.14125970005989075,Gonzalo García,h,12035,OpenPlay,2026,RightFoot,31189,Fulham,Chelsea,2,3,2026-08-24 19:00:00,Oscar Bobb,Pass,home
689764,38,BlockedShot,0.7519999694824219,0.38799999237060545,0.017866402864456177,Calvin Bassey,h,11728,OpenPlay,2026,LeftFoot,31189,Fulham,Chelsea,2,3,2026-08-24 19:00:00,Sander Berge,Pass,home
689770,53,SavedShot,0.8880000305175781,0.4329999923706055,0.07213298976421356,Timothy Castagne,h,6157,OpenPlay,2026,LeftFoot,31189,Fulham,Chelsea,2,3,2026-08-24 19:00:00,,None,home
689771,53,Goal,0.955,0.48400001525878905,0.6358720660209656,Gonzalo García,h,12035,OpenPlay,2026,Head,31189,Fulham,Chelsea,2,3,2026-08-24 19:00:00,,Rebound,home
689773,71,MissedShots,0.8180000305175781,0.615999984741211,0.04774392396211624,Joshua King,h,12410,OpenPlay,2026,RightFoot,31189,Fulham,Chelsea,2,3,2026-08-24 19:00:00,Antonee Robinson,Pass,home
689774,77,MissedShots,0.8080000305175781,0.5679999923706055,0.2031559944152832,Antonee Robinson,h,8940,OpenPlay,2026,RightFoot,31189,Fulham,Chelsea,2,3,2026-08-24 19:00:00,Jorge Cuenca,Chipped,home
689775,83,SavedShot,0.9530000305175781,0.6880000305175781,0.038062553852796555,Ryan Sessegnon,h,6837,OpenPlay,2026,LeftFoot,31189,Fulham,Chelsea,2,3,2026-08-24 19:00:00,Jorge Cuenca,TakeOn,home
689776,92,BlockedShot,0.75,0.51,0.023323191329836845,Gonzalo García,h,12035,OpenPlay,2026,RightFoot,31189,Fulham,Chelsea,2,3,2026-08-24 19:00:00,Rodrigo Muniz,LayOff,home
689778,94,SavedShot,0.7340000152587891,0.5820000076293945,0.01562417857348919,Rodrigo Muniz,h,10717,OpenPlay,2026,RightFoot,31189,Fulham,Chelsea,2,3,2026-08-24 19:00:00,,None,home
689747,0,Goal,0.8719999694824219,0.3970000076293945,0.42771875858306885,João Pedro,a,8272,OpenPlay,2026,RightFoot,31189,Fulham,Chelsea,2,3,2026-08-24 19:00:00,Cole Palmer,BallRecovery,away
689748,3,BlockedShot,0.7580000305175781,0.48700000762939455,0.0371079184114933,Morgan Rogers,a,12412,OpenPlay,2026,RightFoot,31189,Fulham,Chelsea,2,3,2026-08-24 19:00:00,Cole Palmer,Chipped,away
689749,3,BlockedShot,0.82,0.3940000152587891,0.017008908092975616,Reece James,a,8067,FromCorner,2026,RightFoot,31189,Fulham,Chelsea,2,3,2026-08-24 19:00:00,Morgan Rogers,Chipped,away
689750,5,BlockedShot,0.8880000305175781,0.7469999694824219,0.046287089586257935,Levi Colwill,a,10805,OpenPlay,2026,LeftFoot,31189,Fulham,Chelsea,2,3,2026-08-24 19:00:00,,None,away
689751,7,SavedShot,0.9209999847412109,0.27899999618530275,0.08562389761209488,Cole Palmer,a,8497,OpenPlay,2026,RightFoot,31189,Fulham,Chelsea,2,3,2026-08-24 19:00:00,Morgan Rogers,Pass,away
689752,18,BlockedShot,0.855999984741211,0.455,0.10777656733989716,Cole Palmer,a,8497,OpenPlay,2026,LeftFoot,31189,Fulham,Chelsea,2,3,2026-08-24 19:00:00,Morgan Rogers,Pass,away
689759,29,MissedShots,0.894000015258789,0.4929999923706055,0.10266126692295074,João Pedro,a,8272,OpenPlay,2026,RightFoot,31189,Fulham,Chelsea,2,3,2026-08-24 19:00:00,Cole Palmer,Cross,away
689760,32,BlockedShot,0.8030000305175782,0.5459999847412109,0.07402676343917847,Morgan Rogers,a,12412,OpenPlay,2026,RightFoot,31189,Fulham,Chelsea,2,3,2026-08-24 19:00:00,João Pedro,Pass,away
689761,32,SavedShot,0.84,0.3579999923706055,0.06608152389526367,Reece James,a,8067,OpenPlay,2026,LeftFoot,31189,Fulham,Chelsea,2,3,2026-08-24 19:00:00,,Rebound,away
689762,35,BlockedShot,0.915,0.6170000076293946,0.034903109073638916,Jorrel Hato,a,13776,FromCorner,2026,Head,31189,Fulham,Chelsea,2,3,2026-08-24 19:00:00,Reece James,Cross,away
689763,35,SavedShot,0.9540000152587891,0.5409999847412109,0.5850690603256226,Romeo Lavia,a,10004,FromCorner,2026,RightFoot,31189,Fulham,Chelsea,2,3,2026-08-24 19:00:00,Jorrel Hato,Rebound,away
689765,40,Goal,0.9109999847412109,0.5470000076293945,0.4455546438694,Morgan Rogers,a,12412,OpenPlay,2026,RightFoot,31189,Fulham,Chelsea,2,3,2026-08-24 19:00:00,Maxence Lacroix,Pass,away
689766,43,MissedShots,0.8,0.325,0.028238240629434586,Cole Palmer,a,8497,OpenPlay,2026,LeftFoot,31189,Fulham,Chelsea,2,3,2026-08-24 19:00:00,Morgan Rogers,Pass,away
689767,46,BlockedShot,0.8980000305175782,0.634000015258789,0.10599633306264877,João Pedro,a,8272,OpenPlay,2026,LeftFoot,31189,Fulham,Chelsea,2,3,2026-08-24 19:00:00,Romeo Lavia,Pass,away
689768,47,MissedShots,0.8819999694824219,0.32299999237060545,0.0705757662653923,Cole Palmer,a,8497,OpenPlay,2026,LeftFoot,31189,Fulham,Chelsea,2,3,2026-08-24 19:00:00,Romeo Lavia,TakeOn,away
689769,48,Goal,0.9690000152587891,0.65,0.280918151140213,Cole Palmer,a,8497,OpenPlay,2026,LeftFoot,31189,Fulham,Chelsea,2,3,2026-08-24 19:00:00,João Pedro,Pass,away
689772,62,MissedShots,0.764000015258789,0.5070000076293946,0.03828806057572365,João Pedro,a,8272,OpenPlay,2026,RightFoot,31189,Fulham,Chelsea,2,3,2026-08-24 19:00:00,Morgan Rogers,BallTouch,away
689777,93,MissedShots,0.9680000305175781,0.3039999961853027,0.05531831085681915,Pedro Neto,a,6382,OpenPlay,2026,LeftFoot,31189,Fulham,Chelsea,2,3,2026-08-24 19:00:00,Enzo Fernández,TakeOn,away
690072,1,MissedShots,0.935,0.6569999694824219,0.06471377611160278,Eddie Nketiah,h,6482,OpenPlay,2026,LeftFoot,31190,Crystal Palace,Manchester City,1,4,2026-08-28 19:00:00,Adam Wharton,Pass,home
690073,2,BlockedShot,0.8590000152587891,0.685,0.04345335438847542,Daichi Kamada,h,6145,FromCorner,2026,RightFoot,31190,Crystal Palace,Manchester City,1,4,2026-08-28 19:00:00,Tyrick Mitchell,Pass,home
690074,4,MissedShots,0.749000015258789,0.4979999923706055,0.011945555917918682,Tyrick Mitchell,h,8214,OpenPlay,2026,LeftFoot,31190,Crystal Palace,Manchester City,1,4,2026-08-28 19:00:00,,Aerial,home
690083,32,MissedShots,0.875,0.4470000076293945,0.04091828316450119,Jørgen Strand Larsen,h,11070,SetPiece,2026,Head,31190,Crystal Palace,Manchester City,1,4,2026-08-28 19:00:00,Yeremi Pino,Cross,home
690084,33,MissedShots,0.8969999694824219,0.555,0.22518081963062286,Tyrick Mitchell,h,8214,OpenPlay,2026,Head,31190,Crystal Palace,Manchester City,1,4,2026-08-28 19:00:00,Adam Wharton,Cross,home
690086,38,SavedShot,0.8769999694824219,0.40299999237060546,0.024275168776512146,Chris Richards,h,8430,SetPiece,2026,Head,31190,Crystal Palace,Manchester City,1,4,2026-08-28 19:00:00,Yeremi Pino,Cross,home
690088,44,MissedShots,0.7780000305175782,0.22,0.015956293791532516,Anan Khalaili,h,14770,OpenPlay,2026,LeftFoot,31190,Crystal Palace,Manchester City,1,4,2026-08-28 19:00:00,Eddie Nketiah,Pass,home
690092,49,MissedShots,0.9330000305175781,0.5820000076293945,0.44644954800605774,Eddie Nketiah,h,6482,OpenPlay,2026,LeftFoot,31190,Crystal Palace,Manchester City,1,4,2026-08-28 19:00:00,Tyrick Mitchell,Pass,home
690095,55,ShotOnPost,0.7440000152587891,0.395,0.05373108386993408,Yeremi Pino,h,9024,DirectFreekick,2026,RightFoot,31190,Crystal Palace,Manchester City,1,4,2026-08-28 19:00:00,,Standard,home
690075,6,SavedShot,0.8119999694824219,0.6880000305175781,0.026843590661883354,Elliot Anderson,a,9154,FromCorner,2026,RightFoot,31190,Crystal Palace,Manchester City,1,4,2026-08-28 19:00:00,Mathis Cherki,Pass,away
690076,6,SavedShot,0.904000015258789,0.38799999237060545,0.07788559049367905,Rúben Dias,a,8961,FromCorner,2026,RightFoot,31190,Crystal Palace,Manchester City,1,4,2026-08-28 19:00:00,,Rebound,away
690077,6,BlockedShot,0.8969999694824219,0.4590000152587891,0.08807313442230225,Erling Haaland,a,8260,FromCorner,2026,LeftFoot,31190,Crystal Palace,Manchester City,1,4,2026-08-28 19:00:00,Rúben Dias,Pass,away
690078,7,MissedShots,0.9109999847412109,0.5820000076293945,0.12728798389434814,Erling Haaland,a,8260,OpenPlay,2026,LeftFoot,31190,Crystal Palace,Manchester City,1,4,2026-08-28 19:00:00,Antoine Semenyo,Pass,away
690079,16,Goal,0.914000015258789,0.45,0.2870340645313263,Erling Haaland,a,8260,OpenPlay,2026,Head,31190,Crystal Palace,Manchester City,1,4,2026-08-28 19:00:00,Antoine Semenyo,Cross,away
690080,20,MissedShots,0.8640000152587891,0.39599998474121095,0.3418318033218384,Phil Foden,a,6055,OpenPlay,2026,LeftFoot,31190,Crystal Palace,Manchester City,1,4,2026-08-28 19:00:00,Elliot Anderson,Pass,away
690081,21,MissedShots,0.6840000152587891,0.514000015258789,0.009585893712937832,Nico O&#039;Reilly,a,11592,OpenPlay,2026,LeftFoot,31190,Crystal Palace,Manchester City,1,4,2026-08-28 19:00:00,,TakeOn,away
690082,27,MissedShots,0.93,0.4640000152587891,0.45522600412368774,Phil Foden,a,6055,OpenPlay,2026,OtherBodyPart,31190,Crystal Palace,Manchester City,1,4,2026-08-28 19:00:00,Mathis Cherki,Pass,away
690085,37,SavedShot,0.889000015258789,0.7419999694824219,0.0437023900449276,Antoine Semenyo,a,11363,OpenPlay,2026,LeftFoot,31190,Crystal Palace,Manchester City,1,4,2026-08-28 19:00:00,Josko Gvardiol,Pass,away
690087,43,MissedShots,0.924000015258789,0.5679999923706055,0.059675149619579315,Erling Haaland,a,8260,OpenPlay,2026,Head,31190,Crystal Palace,Manchester City,1,4,2026-08-28 19:00:00,Phil Foden,Aerial,away
690089,46,SavedShot,0.8280000305175781,0.5679999923706055,0.07667730003595352,Mathis Cherki,a,8094,OpenPlay,2026,RightFoot,31190,Crystal Palace,Manchester City,1,4,2026-08-28 19:00:00,Antoine Semenyo,Pass,away
690090,46,BlockedShot,0.9319999694824219,0.6819999694824219,0.08395189791917801,Antoine Semenyo,a,11363,OpenPlay,2026,LeftFoot,31190,Crystal Palace,Manchester City,1,4,2026-08-28 19:00:00,Mathis Cherki,Pass,away
690091,47,BlockedShot,0.794000015258789,0.665,0.03678138926625252,Phil Foden,a,6055,FromCorner,2026,LeftFoot,31190,Crystal Palace,Manchester City,1,4,2026-08-28 19:00:00,Marc Guehi,Pass,away
690093,52,MissedShots,0.8730000305175781,0.3629999923706055,0.022924575954675674,Elliot Anderson,a,9154,FromCorner,2026,RightFoot,31190,Crystal Palace,Manchester City,1,4,2026-08-28 19:00:00,,Aerial,away
690094,53,Goal,0.9309999847412109,0.45099998474121095,0.4971903860569,Mathis Cherki,a,8094,OpenPlay,2026,LeftFoot,31190,Crystal Palace,Manchester City,1,4,2026-08-28 19:00:00,Phil Foden,TakeOn,away
690096,55,OwnGoal,0.01899999976158142,0.5129999923706055,0,Gianluigi Donnarumma,a,1116,SetPiece,2026,OtherBodyPart,31190,Crystal Palace,Manchester City,1,4,2026-08-28 19:00:00,,Card,away
690097,58,Goal,0.7730000305175782,0.34900001525878904,0.028366226702928543,Mathis Cherki,a,8094,OpenPlay,2026,RightFoot,31190,Crystal Palace,Manchester City,1,4,2026-08-28 19:00:00,Josko Gvardiol,Pass,away
690098,82,MissedShots,0.7959999847412109,0.3820000076293945,0.18103788793087006,Ryan McAidoo,a,14097,OpenPlay,2026,LeftFoot,31190,Crystal Palace,Manchester City,1,4,2026-08-28 19:00:00,Rúben Dias,TakeOn,away
690099,83,Goal,0.9369999694824219,0.6129999923706054,0.12463371455669403,Erling Haaland,a,8260,OpenPlay,2026,LeftFoot,31190,Crystal Palace,Manchester City,1,4,2026-08-28 19:00:00,Phil Foden,Pass,away
690165,21,MissedShots,0.7859999847412109,0.8280000305175781,0.016056915745139122,Víctor Muñoz,h,13279,OpenPlay,2026,RightFoot,31191,Liverpool,Nottingham Forest,2,2,2026-08-29 11:30:00,Milos Kerkez,Pass,home
690168,28,BlockedShot,0.8180000305175781,0.38799999237060545,0.0431804358959198,Dominik Szoboszlai,h,9788,OpenPlay,2026,RightFoot,31191,Liverpool,Nottingham Forest,2,2,2026-08-29 11:30:00,Jeremie Frimpong,Pass,home
690169,38,SavedShot,0.9109999847412109,0.5559999847412109,0.08035825192928314,Florian Wirtz,h,8397,OpenPlay,2026,Head,31191,Liverpool,Nottingham Forest,2,2,2026-08-29 11:30:00,Cody Gakpo,Cross,home
690170,44,MissedShots,0.8769999694824219,0.6179999923706054,0.0618557333946228,Víctor Muñoz,h,13279,OpenPlay,2026,RightFoot,31191,Liverpool,Nottingham Forest,2,2,2026-08-29 11:30:00,Alexander Isak,BallTouch,home
690173,46,BlockedShot,0.9269999694824219,0.40299999237060546,0.04526948556303978,Alexander Isak,h,5232,FromCorner,2026,Head,31191,Liverpool,Nottingham Forest,2,2,2026-08-29 11:30:00,Dominik Szoboszlai,Cross,home
690174,47,BlockedShot,0.9259999847412109,0.519000015258789,0.10245111584663391,Florian Wirtz,h,8397,OpenPlay,2026,RightFoot,31191,Liverpool,Nottingham Forest,2,2,2026-08-29 11:30:00,Víctor Muñoz,Cross,home
690176,59,Goal,0.965,0.5359999847412109,0.6440567374229431,Alexander Isak,h,5232,OpenPlay,2026,LeftFoot,31191,Liverpool,Nottingham Forest,2,2,2026-08-29 11:30:00,Cody Gakpo,Pass,home
690177,62,MissedShots,0.6940000152587891,0.4859999847412109,0.01351889967918396,Dominik Szoboszlai,h,9788,OpenPlay,2026,RightFoot,31191,Liverpool,Nottingham Forest,2,2,2026-08-29 11:30:00,Jérémy Jacquet,Pass,home
690180,73,SavedShot,0.81,0.5220000076293946,0.04438825324177742,Konstantinos Tsimikas,h,8852,OpenPlay,2026,RightFoot,31191,Liverpool,Nottingham Forest,2,2,2026-08-29 11:30:00,,None,home
690181,77,MissedShots,0.895,0.4379999923706055,0.07493013888597488,Alexander Isak,h,5232,OpenPlay,2026,LeftFoot,31191,Liverpool,Nottingham Forest,2,2,2026-08-29 11:30:00,Dominik Szoboszlai,Cross,home
690182,78,BlockedShot,0.845999984741211,0.37,0.04778740927577019,Víctor Muñoz,h,13279,OpenPlay,2026,LeftFoot,31191,Liverpool,Nottingham Forest,2,2,2026-08-29 11:30:00,Ryan Gravenberch,Chipped,home
690183,81,Goal,0.8869999694824219,0.33599998474121096,0.0612611249089241,Víctor Muñoz,h,13279,OpenPlay,2026,RightFoot,31191,Liverpool,Nottingham Forest,2,2,2026-08-29 11:30:00,Florian Wirtz,Pass,home
690185,85,MissedShots,0.7580000305175781,0.7140000152587891,0.044090867042541504,Dominik Szoboszlai,h,9788,DirectFreekick,2026,RightFoot,31191,Liverpool,Nottingham Forest,2,2,2026-08-29 11:30:00,,Standard,home
690161,10,BlockedShot,0.9769999694824218,0.5109999847412109,0.8410946726799011,Igor Jesus,a,13778,OpenPlay,2026,RightFoot,31191,Liverpool,Nottingham Forest,2,2,2026-08-29 11:30:00,Dan Ndoye,HeadPass,away
690162,15,BlockedShot,0.8930000305175781,0.3509999847412109,0.09403857588768005,Igor Jesus,a,13778,OpenPlay,2026,RightFoot,31191,Liverpool,Nottingham Forest,2,2,2026-08-29 11:30:00,Dan Ndoye,LayOff,away
690163,16,BlockedShot,0.799000015258789,0.4379999923706055,0.027994373813271523,Xaver Schlager,a,7783,FromCorner,2026,LeftFoot,31191,Liverpool,Nottingham Forest,2,2,2026-08-29 11:30:00,,None,away
690164,18,MissedShots,0.9519999694824218,0.6029999923706054,0.2299349457025528,Dan Ndoye,a,8662,OpenPlay,2026,Head,31191,Liverpool,Nottingham Forest,2,2,2026-08-29 11:30:00,James McAtee,Chipped,away
690166,23,BlockedShot,0.87,0.29100000381469726,0.01619628630578518,Xaver Schlager,a,7783,OpenPlay,2026,RightFoot,31191,Liverpool,Nottingham Forest,2,2,2026-08-29 11:30:00,,Aerial,away
690167,23,Goal,0.8930000305175781,0.664000015258789,0.2842428684234619,Dan Ndoye,a,8662,OpenPlay,2026,RightFoot,31191,Liverpool,Nottingham Forest,2,2,2026-08-29 11:30:00,Morgan Gibbs-White,Pass,away
690171,47,SavedShot,0.8730000305175781,0.4259999847412109,0.10722021758556366,Igor Jesus,a,13778,OpenPlay,2026,RightFoot,31191,Liverpool,Nottingham Forest,2,2,2026-08-29 11:30:00,Ola Aina,Pass,away
690172,48,BlockedShot,0.9530000305175781,0.46599998474121096,0.07613199204206467,Murillo,a,12123,FromCorner,2026,Head,31191,Liverpool,Nottingham Forest,2,2,2026-08-29 11:30:00,Neco Williams,Aerial,away
690175,47,MissedShots,0.8630000305175781,0.375,0.13306553661823273,Dan Ndoye,a,8662,OpenPlay,2026,LeftFoot,31191,Liverpool,Nottingham Forest,2,2,2026-08-29 11:30:00,Igor Jesus,TakeOn,away
690178,67,MissedShots,0.915,0.6790000152587891,0.23647798597812653,Neco Williams,a,8204,OpenPlay,2026,RightFoot,31191,Liverpool,Nottingham Forest,2,2,2026-08-29 11:30:00,Liam Delap,Pass,away
690179,69,Goal,0.885,0.5,0.7611688375473022,Morgan Gibbs-White,a,6857,Penalty,2026,RightFoot,31191,Liverpool,Nottingham Forest,2,2,2026-08-29 11:30:00,,Standard,away
690184,82,BlockedShot,0.8590000152587891,0.6409999847412109,0.07180210947990417,Liam Delap,a,8868,OpenPlay,2026,LeftFoot,31191,Liverpool,Nottingham Forest,2,2,2026-08-29 11:30:00,Neco Williams,Pass,away
690383,3,BlockedShot,0.9230000305175782,0.7030000305175781,0.11202238500118256,Taiwo Awoniyi,h,7814,OpenPlay,2026,LeftFoot,31192,Coventry,Hull,0,1,2026-08-29 14:00:00,Jack Rudoni,Throughball,home
690384,5,MissedShots,0.7809999847412109,0.3890000152587891,0.02809031493961811,Loum Tchaouna,h,9977,OpenPlay,2026,LeftFoot,31192,Coventry,Hull,0,1,2026-08-29 14:00:00,Jack Rudoni,Pass,home
690385,6,BlockedShot,0.7669999694824219,0.5220000076293946,0.025336887687444687,Jack Rudoni,h,14747,OpenPlay,2026,LeftFoot,31192,Coventry,Hull,0,1,2026-08-29 14:00:00,Taiwo Awoniyi,Pass,home
690386,17,BlockedShot,0.8930000305175781,0.4420000076293945,0.029757032170891762,Caleb Yirenkyi,h,14744,OpenPlay,2026,Head,31192,Coventry,Hull,0,1,2026-08-29 14:00:00,Ephron Mason-Clark,Aerial,home
690388,21,SavedShot,0.91,0.5159999847412109,0.058165546506643295,Taiwo Awoniyi,h,7814,OpenPlay,2026,Head,31192,Coventry,Hull,0,1,2026-08-29 14:00:00,Caleb Yirenkyi,Aerial,home
690389,21,MissedShots,0.6730000305175782,0.54,0.01105454657226801,Aurèle Amenda,h,12955,OpenPlay,2026,RightFoot,31192,Coventry,Hull,0,1,2026-08-29 14:00:00,Matt Grimes,Pass,home
690390,34,MissedShots,0.9309999847412109,0.56,0.12977942824363708,Taiwo Awoniyi,h,7814,OpenPlay,2026,Head,31192,Coventry,Hull,0,1,2026-08-29 14:00:00,Loum Tchaouna,Cross,home
690391,37,SavedShot,0.96,0.519000015258789,0.639894962310791,Taiwo Awoniyi,h,7814,OpenPlay,2026,LeftFoot,31192,Coventry,Hull,0,1,2026-08-29 14:00:00,,None,home
690393,69,BlockedShot,0.8319999694824218,0.27,0.027806278318166733,Tatsuhiro Sakamoto,h,14749,OpenPlay,2026,LeftFoot,31192,Coventry,Hull,0,1,2026-08-29 14:00:00,Milan van Ewijk,Pass,home
690394,70,BlockedShot,0.8269999694824218,0.255,0.025002753362059593,Matt Grimes,h,1045,FromCorner,2026,LeftFoot,31192,Coventry,Hull,0,1,2026-08-29 14:00:00,Taiwo Awoniyi,Pass,home
690398,90,SavedShot,0.9159999847412109,0.524000015258789,0.09541922062635422,Jay Dasilva,h,14743,OpenPlay,2026,Head,31192,Coventry,Hull,0,1,2026-08-29 14:00:00,Milan van Ewijk,Cross,home
690387,20,MissedShots,0.7330000305175781,0.6120000076293945,0.018640276044607162,Elliot Stroud,a,14763,OpenPlay,2026,LeftFoot,31192,Coventry,Hull,0,1,2026-08-29 14:00:00,Hidemasa Morita,Pass,away
690392,49,SavedShot,0.7319999694824219,0.5329999923706055,0.010962210595607758,Nobel Mendy,a,12286,OpenPlay,2026,LeftFoot,31192,Coventry,Hull,0,1,2026-08-29 14:00:00,,Aerial,away
690395,73,MissedShots,0.830999984741211,0.5379999923706055,0.09334183484315872,Liam Millar,a,14764,OpenPlay,2026,RightFoot,31192,Coventry,Hull,0,1,2026-08-29 14:00:00,Oliver McBurnie,Pass,away
690396,78,MissedShots,0.9840000152587891,0.40599998474121096,0.07204056531190872,Mohamed Belloumi,a,14760,OpenPlay,2026,RightFoot,31192,Coventry,Hull,0,1,2026-08-29 14:00:00,Ryan John Giles,Cross,away
690397,81,Goal,0.8190000152587891,0.51,0.25825852155685425,Liam Millar,a,14764,OpenPlay,2026,RightFoot,31192,Coventry,Hull,0,1,2026-08-29 14:00:00,Mohamed Belloumi,Pass,away
690399,94,MissedShots,0.47400001525878904,0.9440000152587891,0.0064826589077711105,Liam Millar,a,14764,OpenPlay,2026,LeftFoot,31192,Coventry,Hull,0,1,2026-08-29 14:00:00,,None,away
690400,3,MissedShots,0.8569999694824219,0.4279999923706055,0.055498939007520676,Justin Kluivert,h,6963,OpenPlay,2026,RightFoot,31193,Bournemouth,Everton,1,1,2026-08-29 14:00:00,Adam Smith,Cross,home
690404,14,SavedShot,0.9540000152587891,0.35200000762939454,0.2741532027721405,Rayan,h,14395,OpenPlay,2026,LeftFoot,31193,Bournemouth,Everton,1,1,2026-08-29 14:00:00,Evanilson,Pass,home
690409,21,MissedShots,0.7630000305175781,0.27399999618530274,0.01554732583463192,Rayan,h,14395,OpenPlay,2026,LeftFoot,31193,Bournemouth,Everton,1,1,2026-08-29 14:00:00,Justin Kluivert,Pass,home
690410,24,SavedShot,0.8109999847412109,0.36200000762939455,0.037778835743665695,Justin Kluivert,h,6963,OpenPlay,2026,RightFoot,31193,Bournemouth,Everton,1,1,2026-08-29 14:00:00,Marcus Tavernier,Pass,home
690412,32,BlockedShot,0.8119999694824219,0.28600000381469726,0.025550469756126404,Rayan,h,14395,OpenPlay,2026,LeftFoot,31193,Bournemouth,Everton,1,1,2026-08-29 14:00:00,Lewis Cook,Pass,home
690413,33,MissedShots,0.840999984741211,0.6509999847412109,0.07765740901231766,Marcus Tavernier,h,10741,OpenPlay,2026,RightFoot,31193,Bournemouth,Everton,1,1,2026-08-29 14:00:00,Alex Scott,Pass,home
690414,40,Goal,0.840999984741211,0.42900001525878906,0.1141183078289032,Alex Scott,h,12149,OpenPlay,2026,RightFoot,31193,Bournemouth,Everton,1,1,2026-08-29 14:00:00,Evanilson,Pass,home
690417,56,BlockedShot,0.8440000152587891,0.4420000076293945,0.09085579216480255,Justin Kluivert,h,6963,OpenPlay,2026,LeftFoot,31193,Bournemouth,Everton,1,1,2026-08-29 14:00:00,Adrien Truffert,Pass,home
690418,71,MissedShots,0.975999984741211,0.539000015258789,0.14023728668689728,António Silva,h,14859,FromCorner,2026,Head,31193,Bournemouth,Everton,1,1,2026-08-29 14:00:00,Alex Scott,Cross,home
690419,74,BlockedShot,0.8540000152587891,0.6940000152587891,0.047812581062316895,Marcus Tavernier,h,10741,OpenPlay,2026,LeftFoot,31193,Bournemouth,Everton,1,1,2026-08-29 14:00:00,Adrien Truffert,Pass,home
690420,75,SavedShot,0.9730000305175781,0.515,0.6308985948562622,Justin Kluivert,h,6963,FromCorner,2026,OtherBodyPart,31193,Bournemouth,Everton,1,1,2026-08-29 14:00:00,James Hill,BallTouch,home
690421,78,SavedShot,0.889000015258789,0.40700000762939453,0.14590196311473846,Rayan,h,14395,OpenPlay,2026,LeftFoot,31193,Bournemouth,Everton,1,1,2026-08-29 14:00:00,Justin Kluivert,Pass,home
690422,78,BlockedShot,0.8569999694824219,0.5790000152587891,0.1356477588415146,Evanilson,h,12963,OpenPlay,2026,LeftFoot,31193,Bournemouth,Everton,1,1,2026-08-29 14:00:00,,Rebound,home
690423,79,BlockedShot,0.960999984741211,0.5029999923706054,0.061676301062107086,Evanilson,h,12963,FromCorner,2026,Head,31193,Bournemouth,Everton,1,1,2026-08-29 14:00:00,James Hill,CornerAwarded,home
690424,79,MissedShots,0.9619999694824218,0.425,0.051059331744909286,Evanilson,h,12963,FromCorner,2026,Head,31193,Bournemouth,Everton,1,1,2026-08-29 14:00:00,Marcus Tavernier,Aerial,home
690426,84,BlockedShot,0.885,0.3629999923706055,0.34109339118003845,Rayan,h,14395,OpenPlay,2026,LeftFoot,31193,Bournemouth,Everton,1,1,2026-08-29 14:00:00,,None,home
690427,84,BlockedShot,0.8040000152587891,0.5029999923706054,0.04907097667455673,Alex Scott,h,12149,OpenPlay,2026,RightFoot,31193,Bournemouth,Everton,1,1,2026-08-29 14:00:00,,Rebound,home
690401,8,MissedShots,0.7430000305175781,0.34900001525878904,0.014026685617864132,Iliman Ndiaye,a,9307,SetPiece,2026,RightFoot,31193,Bournemouth,Everton,1,1,2026-08-29 14:00:00,James Tarkowski,HeadPass,away
690402,9,SavedShot,0.95,0.39799999237060546,0.2326006144285202,Jarrad Branthwaite,a,8476,FromCorner,2026,Head,31193,Bournemouth,Everton,1,1,2026-08-29 14:00:00,Kiernan Dewsbury-Hall,Cross,away
690403,10,BlockedShot,0.8419999694824218,0.35400001525878905,0.033647190779447556,Kiernan Dewsbury-Hall,a,9739,FromCorner,2026,LeftFoot,31193,Bournemouth,Everton,1,1,2026-08-29 14:00:00,,None,away
690405,16,SavedShot,0.755,0.66,0.01493487786501646,Iliman Ndiaye,a,9307,OpenPlay,2026,RightFoot,31193,Bournemouth,Everton,1,1,2026-08-29 14:00:00,Tyrique George,Pass,away
690406,17,MissedShots,0.7619999694824219,0.37400001525878906,0.01653268188238144,Kiernan Dewsbury-Hall,a,9739,FromCorner,2026,LeftFoot,31193,Bournemouth,Everton,1,1,2026-08-29 14:00:00,Thierno Barry,None,away
690407,19,SavedShot,0.7530000305175781,0.6370000076293946,0.015580670908093452,Tyrique George,a,12573,OpenPlay,2026,RightFoot,31193,Bournemouth,Everton,1,1,2026-08-29 14:00:00,Kiernan Dewsbury-Hall,Pass,away
690408,19,SavedShot,0.945,0.48700000762939455,0.628536581993103,Thierno Barry,a,12916,OpenPlay,2026,RightFoot,31193,Bournemouth,Everton,1,1,2026-08-29 14:00:00,,Rebound,away
690411,28,MissedShots,0.644000015258789,0.6880000305175781,0.010196322575211525,Tyrique George,a,12573,OpenPlay,2026,RightFoot,31193,Bournemouth,Everton,1,1,2026-08-29 14:00:00,Iliman Ndiaye,Pass,away
690415,45,MissedShots,0.894000015258789,0.3579999923706055,0.1114577203989029,Thierno Barry,a,12916,OpenPlay,2026,RightFoot,31193,Bournemouth,Everton,1,1,2026-08-29 14:00:00,Kiernan Dewsbury-Hall,Pass,away
690416,48,SavedShot,0.8819999694824219,0.4259999847412109,0.4050018787384033,Thierno Barry,a,12916,OpenPlay,2026,LeftFoot,31193,Bournemouth,Everton,1,1,2026-08-29 14:00:00,Harrison Armstrong,TakeOn,away
690425,83,MissedShots,0.7880000305175782,0.3390000152587891,0.04429054260253906,Beto,a,9983,OpenPlay,2026,RightFoot,31193,Bournemouth,Everton,1,1,2026-08-29 14:00:00,Kiernan Dewsbury-Hall,Pass,away
690428,90,Goal,0.9169999694824219,0.3679999923706055,0.06686870753765106,James Tarkowski,a,1665,FromCorner,2026,RightFoot,31193,Bournemouth,Everton,1,1,2026-08-29 14:00:00,,None,away
690429,92,MissedShots,0.9330000305175781,0.69,0.07964123785495758,Carlos Alcaraz,a,11297,OpenPlay,2026,LeftFoot,31193,Bournemouth,Everton,1,1,2026-08-29 14:00:00,,TakeOn,away
690570,14,SavedShot,0.8490000152587891,0.6659999847412109,0.047795552760362625,Mathys Tel,h,9780,OpenPlay,2026,RightFoot,31194,Tottenham,Newcastle United,0,2,2026-08-29 16:30:00,Omar Marmoush,Pass,home
690571,16,MissedShots,0.8669999694824219,0.629000015258789,0.06144574284553528,Sandro Tonali,h,7958,OpenPlay,2026,LeftFoot,31194,Tottenham,Newcastle United,0,2,2026-08-29 16:30:00,,None,home
690572,16,BlockedShot,0.9009999847412109,0.4909999847412109,0.12865348160266876,Pedro Porro,h,6912,OpenPlay,2026,RightFoot,31194,Tottenham,Newcastle United,0,2,2026-08-29 16:30:00,Sandro Tonali,Rebound,home
690573,21,MissedShots,0.799000015258789,0.62,0.02328951470553875,Pedro Porro,h,6912,FromCorner,2026,LeftFoot,31194,Tottenham,Newcastle United,0,2,2026-08-29 16:30:00,,None,home
690575,32,MissedShots,0.9669999694824218,0.6619999694824219,0.03534025698900223,Omar Marmoush,h,8393,FromCorner,2026,RightFoot,31194,Tottenham,Newcastle United,0,2,2026-08-29 16:30:00,Andrew Robertson,Cross,home
690578,35,SavedShot,0.9569999694824218,0.6809999847412109,0.0637315958738327,Andrew Robertson,h,1688,OpenPlay,2026,LeftFoot,31194,Tottenham,Newcastle United,0,2,2026-08-29 16:30:00,Omar Marmoush,Pass,home
690579,36,SavedShot,0.9590000152587891,0.4259999847412109,0.29792776703834534,Jan Paul van Hecke,h,10807,FromCorner,2026,Head,31194,Tottenham,Newcastle United,0,2,2026-08-29 16:30:00,Mateus Fernandes,Cross,home
690580,43,BlockedShot,0.8540000152587891,0.28200000762939453,0.033269088715314865,Pedro Porro,h,6912,OpenPlay,2026,RightFoot,31194,Tottenham,Newcastle United,0,2,2026-08-29 16:30:00,Sandro Tonali,Pass,home
690582,49,BlockedShot,0.8209999847412109,0.61,0.04891218617558479,Mathys Tel,h,9780,OpenPlay,2026,RightFoot,31194,Tottenham,Newcastle United,0,2,2026-08-29 16:30:00,Omar Marmoush,Pass,home
690584,59,MissedShots,0.67,0.4809999847412109,0.010825684294104576,Omar Marmoush,h,8393,OpenPlay,2026,RightFoot,31194,Tottenham,Newcastle United,0,2,2026-08-29 16:30:00,,GoodSkill,home
690587,66,MissedShots,0.7630000305175781,0.54,0.07467681914567947,Mathys Tel,h,9780,DirectFreekick,2026,RightFoot,31194,Tottenham,Newcastle United,0,2,2026-08-29 16:30:00,,Standard,home
690588,69,MissedShots,0.7930000305175782,0.31,0.021364135667681694,Pedro Porro,h,6912,OpenPlay,2026,RightFoot,31194,Tottenham,Newcastle United,0,2,2026-08-29 16:30:00,,None,home
690589,70,MissedShots,0.7619999694824219,0.46700000762939453,0.01884469948709011,Mateus Fernandes,h,12948,FromCorner,2026,RightFoot,31194,Tottenham,Newcastle United,0,2,2026-08-29 16:30:00,,None,home
690592,84,MissedShots,0.815,0.7709999847412109,0.0171677116304636,Mikey Moore,h,12603,OpenPlay,2026,RightFoot,31194,Tottenham,Newcastle United,0,2,2026-08-29 16:30:00,Mateus Fernandes,Pass,home
690593,86,SavedShot,0.9069999694824219,0.5990000152587891,0.06288118660449982,Omar Marmoush,h,8393,OpenPlay,2026,LeftFoot,31194,Tottenham,Newcastle United,0,2,2026-08-29 16:30:00,Mateus Fernandes,Cross,home
690594,87,BlockedShot,0.8780000305175781,0.31,0.054617989808321,Mohammed Kudus,h,12027,OpenPlay,2026,LeftFoot,31194,Tottenham,Newcastle United,0,2,2026-08-29 16:30:00,Jan Paul van Hecke,Pass,home
690595,91,BlockedShot,0.91,0.529000015258789,0.1275281012058258,Dominic Solanke,h,1679,OpenPlay,2026,LeftFoot,31194,Tottenham,Newcastle United,0,2,2026-08-29 16:30:00,Iyenoma Destiny Udogie,Pass,home
690568,0,MissedShots,0.9480000305175781,0.325,0.06358007341623306,Anthony Elanga,a,9524,OpenPlay,2026,RightFoot,31194,Tottenham,Newcastle United,0,2,2026-08-29 16:30:00,Amar Dedic,HeadPass,away
690569,8,MissedShots,0.8109999847412109,0.5220000076293946,0.055010974407196045,Harvey Barnes,a,6681,OpenPlay,2026,RightFoot,31194,Tottenham,Newcastle United,0,2,2026-08-29 16:30:00,Yoane Wissa,BallTouch,away
690574,23,MissedShots,0.799000015258789,0.5840000152587891,0.04030807316303253,Joe Willock,a,6630,OpenPlay,2026,RightFoot,31194,Tottenham,Newcastle United,0,2,2026-08-29 16:30:00,Lewis Miley,Pass,away
690576,32,MissedShots,0.9569999694824218,0.6930000305175781,0.05648835003376007,Joe Willock,a,6630,OpenPlay,2026,RightFoot,31194,Tottenham,Newcastle United,0,2,2026-08-29 16:30:00,Harvey Barnes,Pass,away
690577,33,MissedShots,0.9590000152587891,0.435,0.1150919497013092,Yoane Wissa,a,5786,FromCorner,2026,Head,31194,Tottenham,Newcastle United,0,2,2026-08-29 16:30:00,Anthony Elanga,Cross,away
690581,48,MissedShots,0.845999984741211,0.6379999923706055,0.05639347434043884,Lewis Hall,a,10216,OpenPlay,2026,RightFoot,31194,Tottenham,Newcastle United,0,2,2026-08-29 16:30:00,Harvey Barnes,BallTouch,away
690583,54,BlockedShot,0.7080000305175781,0.6,0.014679277315735817,Sven Botman,a,8635,OpenPlay,2026,LeftFoot,31194,Tottenham,Newcastle United,0,2,2026-08-29 16:30:00,Nico González,Pass,away
690585,60,MissedShots,0.74,0.24899999618530275,0.013619194738566875,Joe Willock,a,6630,OpenPlay,2026,RightFoot,31194,Tottenham,Newcastle United,0,2,2026-08-29 16:30:00,Nico González,Pass,away
690586,61,Goal,0.8730000305175781,0.43099998474121093,0.07757652550935745,Anthony Elanga,a,9524,OpenPlay,2026,LeftFoot,31194,Tottenham,Newcastle United,0,2,2026-08-29 16:30:00,Amar Dedic,HeadPass,away
690590,71,BlockedShot,0.91,0.6220000076293946,0.018908239901065826,Nick Woltemade,a,8117,FromCorner,2026,Head,31194,Tottenham,Newcastle United,0,2,2026-08-29 16:30:00,Lewis Hall,Cross,away
690591,71,Goal,0.975,0.5729999923706055,0.5074549913406372,Yoane Wissa,a,5786,FromCorner,2026,RightFoot,31194,Tottenham,Newcastle United,0,2,2026-08-29 16:30:00,Nick Woltemade,Rebound,away
691039,5,MissedShots,0.9159999847412109,0.705999984741211,0.04888460040092468,Enzo Le Fée,h,8651,OpenPlay,2026,LeftFoot,31195,Sunderland,Fulham,1,0,2026-08-30 13:00:00,Nilson Angulo,Pass,home
691041,16,SavedShot,0.74,0.30100000381469727,0.013562630861997604,Thomas Meunier,h,5680,OpenPlay,2026,RightFoot,31195,Sunderland,Fulham,1,0,2026-08-30 13:00:00,Trai Hume,Pass,home
691043,31,MissedShots,0.7140000152587891,0.5670000076293945,0.012102553620934486,Enzo Le Fée,h,8651,OpenPlay,2026,RightFoot,31195,Sunderland,Fulham,1,0,2026-08-30 13:00:00,,None,home
691044,36,BlockedShot,0.8119999694824219,0.529000015258789,0.019362611696124077,Noah Sadiki,h,13716,FromCorner,2026,RightFoot,31195,Sunderland,Fulham,1,0,2026-08-30 13:00:00,,Aerial,home
691045,45,MissedShots,0.9640000152587891,0.3370000076293945,0.0596764050424099,Enzo Le Fée,h,8651,OpenPlay,2026,RightFoot,31195,Sunderland,Fulham,1,0,2026-08-30 13:00:00,,None,home
691046,51,MissedShots,0.8969999694824219,0.4540000152587891,0.034076835960149765,Brian Brobbey,h,9789,OpenPlay,2026,Head,31195,Sunderland,Fulham,1,0,2026-08-30 13:00:00,Granit Xhaka,Aerial,home
691049,66,MissedShots,0.875,0.5890000152587891,0.02814924530684948,Wilson Isidor,h,7148,SetPiece,2026,Head,31195,Sunderland,Fulham,1,0,2026-08-30 13:00:00,Granit Xhaka,Cross,home
691050,66,BlockedShot,0.8630000305175781,0.52,0.011443959549069405,Dan Ballard,h,13715,SetPiece,2026,Head,31195,Sunderland,Fulham,1,0,2026-08-30 13:00:00,Thomas Meunier,Aerial,home
691051,70,ShotOnPost,0.9069999694824219,0.435,0.5389295220375061,Wilson Isidor,h,7148,OpenPlay,2026,RightFoot,31195,Sunderland,Fulham,1,0,2026-08-30 13:00:00,Enzo Le Fée,Pass,home
691053,74,Goal,0.9080000305175782,0.49599998474121093,0.4507821798324585,Wilson Isidor,h,7148,OpenPlay,2026,RightFoot,31195,Sunderland,Fulham,1,0,2026-08-30 13:00:00,Habib Diarra,Pass,home
691054,80,SavedShot,0.9390000152587891,0.655,0.08184147626161575,Enzo Le Fée,h,8651,OpenPlay,2026,LeftFoot,31195,Sunderland,Fulham,1,0,2026-08-30 13:00:00,Granit Xhaka,Chipped,home
691061,92,SavedShot,0.9109999847412109,0.7080000305175781,0.2634761333465576,Romaine Mundle,h,11461,SetPiece,2026,RightFoot,31195,Sunderland,Fulham,1,0,2026-08-30 13:00:00,Granit Xhaka,Chipped,home
691040,14,BlockedShot,0.754000015258789,0.6940000152587891,0.01274334080517292,Alex Iwobi,a,500,FromCorner,2026,RightFoot,31195,Sunderland,Fulham,1,0,2026-08-30 13:00:00,,Aerial,away
691042,25,MissedShots,0.914000015258789,0.6409999847412109,0.2936722934246063,Joshua King,a,12410,OpenPlay,2026,LeftFoot,31195,Sunderland,Fulham,1,0,2026-08-30 13:00:00,Alex Iwobi,Chipped,away
691047,56,BlockedShot,0.8969999694824219,0.629000015258789,0.323523610830307,Gonzalo García,a,12035,OpenPlay,2026,LeftFoot,31195,Sunderland,Fulham,1,0,2026-08-30 13:00:00,Sander Berge,Throughball,away
691048,57,MissedShots,0.7680000305175781,0.46900001525878904,0.029633324593305588,César Palacios,a,14352,OpenPlay,2026,LeftFoot,31195,Sunderland,Fulham,1,0,2026-08-30 13:00:00,Oscar Bobb,Pass,away
691052,74,BlockedShot,0.745999984741211,0.415,0.01953808031976223,Shea Charles,a,11594,OpenPlay,2026,RightFoot,31195,Sunderland,Fulham,1,0,2026-08-30 13:00:00,Sander Berge,Pass,away
691055,83,BlockedShot,0.825999984741211,0.28600000381469726,0.030016185715794563,Ryan Sessegnon,a,6837,OpenPlay,2026,LeftFoot,31195,Sunderland,Fulham,1,0,2026-08-30 13:00:00,Emile Smith-Rowe,Pass,away
691056,86,BlockedShot,0.955,0.549000015258789,0.1291707456111908,Gonzalo García,a,12035,FromCorner,2026,Head,31195,Sunderland,Fulham,1,0,2026-08-30 13:00:00,Alex Iwobi,Cross,away
691057,86,BlockedShot,0.8590000152587891,0.580999984741211,0.025764714926481247,Joshua King,a,12410,FromCorner,2026,RightFoot,31195,Sunderland,Fulham,1,0,2026-08-30 13:00:00,,Aerial,away
691058,86,MissedShots,0.9169999694824219,0.4909999847412109,0.042906176298856735,Shea Charles,a,11594,OpenPlay,2026,Head,31195,Sunderland,Fulham,1,0,2026-08-30 13:00:00,,None,away
691059,90,BlockedShot,0.855,0.46700000762939453,0.06059261038899422,Emile Smith-Rowe,a,7230,OpenPlay,2026,LeftFoot,31195,Sunderland,Fulham,1,0,2026-08-30 13:00:00,Joachim Andersen,HeadPass,away
691060,90,BlockedShot,0.8859999847412109,0.37,0.060130808502435684,Gonzalo García,a,12035,OpenPlay,2026,RightFoot,31195,Sunderland,Fulham,1,0,2026-08-30 13:00:00,Emile Smith-Rowe,Rebound,away
691577,3,BlockedShot,0.97,0.4470000076293945,0.13207317888736725,João Pedro,h,8272,FromCorner,2026,Head,31196,Chelsea,Brighton,4,3,2026-08-30 13:00:00,Pedro Neto,Cross,home
691578,3,Goal,0.960999984741211,0.5279999923706055,0.6448930501937866,Romeo Lavia,h,10004,FromCorner,2026,RightFoot,31196,Chelsea,Brighton,4,3,2026-08-30 13:00:00,,Rebound,home
691579,13,Goal,0.9330000305175781,0.51,0.5985720157623291,Pedro Neto,h,6382,OpenPlay,2026,RightFoot,31196,Chelsea,Brighton,4,3,2026-08-30 13:00:00,Morgan Rogers,Pass,home
691581,24,MissedShots,0.905,0.47,0.5374264121055603,João Pedro,h,8272,OpenPlay,2026,RightFoot,31196,Chelsea,Brighton,4,3,2026-08-30 13:00:00,Pedro Neto,Pass,home
691583,31,Goal,0.9080000305175782,0.45599998474121095,0.5012772083282471,João Pedro,h,8272,OpenPlay,2026,RightFoot,31196,Chelsea,Brighton,4,3,2026-08-30 13:00:00,Jorrel Hato,Pass,home
691584,33,BlockedShot,0.960999984741211,0.685,0.08973434567451477,Cole Palmer,h,8497,OpenPlay,2026,LeftFoot,31196,Chelsea,Brighton,4,3,2026-08-30 13:00:00,Morgan Rogers,Pass,home
691587,40,BlockedShot,0.914000015258789,0.66,0.08662363141775131,João Pedro,h,8272,OpenPlay,2026,RightFoot,31196,Chelsea,Brighton,4,3,2026-08-30 13:00:00,Jorrel Hato,Pass,home
691588,40,BlockedShot,0.84,0.64,0.030690841376781464,Morgan Rogers,h,12412,OpenPlay,2026,RightFoot,31196,Chelsea,Brighton,4,3,2026-08-30 13:00:00,,Rebound,home
691589,41,MissedShots,0.8019999694824219,0.495,0.048375263810157776,Morgan Rogers,h,12412,OpenPlay,2026,LeftFoot,31196,Chelsea,Brighton,4,3,2026-08-30 13:00:00,,None,home
691592,48,BlockedShot,0.8980000305175782,0.6029999923706054,0.12383171170949936,João Pedro,h,8272,OpenPlay,2026,RightFoot,31196,Chelsea,Brighton,4,3,2026-08-30 13:00:00,Emiliano Martinez,Pass,home
691595,56,BlockedShot,0.8909999847412109,0.6320000076293946,0.10145371407270432,Cole Palmer,h,8497,OpenPlay,2026,LeftFoot,31196,Chelsea,Brighton,4,3,2026-08-30 13:00:00,Morgan Rogers,Pass,home
691596,57,SavedShot,0.9740000152587891,0.35200000762939454,0.11587700992822647,Pedro Neto,h,6382,OpenPlay,2026,LeftFoot,31196,Chelsea,Brighton,4,3,2026-08-30 13:00:00,Emiliano Martinez,Pass,home
691597,57,MissedShots,0.9569999694824218,0.46799999237060547,0.6661861538887024,Cole Palmer,h,8497,OpenPlay,2026,LeftFoot,31196,Chelsea,Brighton,4,3,2026-08-30 13:00:00,Morgan Rogers,Pass,home
691600,62,OwnGoal,0.08899999618530273,0.65,0,João Pedro,h,8272,FromCorner,2026,LeftFoot,31196,Chelsea,Brighton,4,3,2026-08-30 13:00:00,,CornerAwarded,home
691603,70,MissedShots,0.8809999847412109,0.5620000076293945,0.012817279435694218,Maxence Lacroix,h,8853,SetPiece,2026,Head,31196,Chelsea,Brighton,4,3,2026-08-30 13:00:00,Cole Palmer,Aerial,home
691604,71,BlockedShot,0.8980000305175782,0.6459999847412109,0.10004710406064987,Morgan Rogers,h,12412,OpenPlay,2026,RightFoot,31196,Chelsea,Brighton,4,3,2026-08-30 13:00:00,Cole Palmer,Pass,home
691605,73,Goal,0.794000015258789,0.5170000076293946,0.052395544946193695,Cole Palmer,h,8497,OpenPlay,2026,LeftFoot,31196,Chelsea,Brighton,4,3,2026-08-30 13:00:00,João Pedro,Pass,home
691607,85,MissedShots,0.85,0.33599998474121096,0.07445957511663437,Valentín Barco,h,12498,OpenPlay,2026,LeftFoot,31196,Chelsea,Brighton,4,3,2026-08-30 13:00:00,João Pedro,Pass,home
691580,23,BlockedShot,0.8809999847412109,0.73,0.04384263604879379,Maxim De Cuyper,a,13711,OpenPlay,2026,LeftFoot,31196,Chelsea,Brighton,4,3,2026-08-30 13:00:00,Charalampos Kostoulas,Pass,away
691582,28,SavedShot,0.924000015258789,0.519000015258789,0.3122384250164032,Malick Yalcouyé,a,14856,OpenPlay,2026,LeftFoot,31196,Chelsea,Brighton,4,3,2026-08-30 13:00:00,Diego Gómez,Cross,away
691585,34,SavedShot,0.9290000152587891,0.34900001525878904,0.2635147273540497,Charalampos Kostoulas,a,14118,OpenPlay,2026,RightFoot,31196,Chelsea,Brighton,4,3,2026-08-30 13:00:00,Malick Yalcouyé,Pass,away
691586,34,Goal,0.914000015258789,0.4379999923706055,0.335125595331192,Malick Yalcouyé,a,14856,OpenPlay,2026,RightFoot,31196,Chelsea,Brighton,4,3,2026-08-30 13:00:00,,Rebound,away
691590,44,MissedShots,0.914000015258789,0.44799999237060545,0.474634051322937,Diego Gómez,a,13364,OpenPlay,2026,Head,31196,Chelsea,Brighton,4,3,2026-08-30 13:00:00,Pascal Groß,Aerial,away
691591,46,MissedShots,0.6969999694824218,0.4809999847412109,0.009756007231771946,Luka Vuskovic,a,13725,OpenPlay,2026,RightFoot,31196,Chelsea,Brighton,4,3,2026-08-30 13:00:00,Ferdi Kadioglu,Pass,away
691593,53,MissedShots,0.8419999694824218,0.45599998474121095,0.05175294354557991,Diego Gómez,a,13364,OpenPlay,2026,RightFoot,31196,Chelsea,Brighton,4,3,2026-08-30 13:00:00,,None,away
691594,55,MissedShots,0.9430000305175781,0.40299999237060546,0.16983604431152344,Diego Gómez,a,13364,SetPiece,2026,Head,31196,Chelsea,Brighton,4,3,2026-08-30 13:00:00,Olivier Boscagli,Cross,away
691598,59,MissedShots,0.855999984741211,0.34200000762939453,0.03451395407319069,Mats Wieffer,a,12758,OpenPlay,2026,RightFoot,31196,Chelsea,Brighton,4,3,2026-08-30 13:00:00,,None,away
691599,61,SavedShot,0.8580000305175781,0.305,0.020291049033403397,Diego Gómez,a,13364,OpenPlay,2026,RightFoot,31196,Chelsea,Brighton,4,3,2026-08-30 13:00:00,Pascal Groß,Chipped,away
691601,64,MissedShots,0.860999984741211,0.315,0.03991176187992096,Diego Gómez,a,13364,OpenPlay,2026,RightFoot,31196,Chelsea,Brighton,4,3,2026-08-30 13:00:00,,None,away
691602,68,SavedShot,0.8219999694824218,0.3990000152587891,0.043031834065914154,Olivier Boscagli,a,3645,OpenPlay,2026,RightFoot,31196,Chelsea,Brighton,4,3,2026-08-30 13:00:00,,None,away
691606,76,MissedShots,0.8669999694824219,0.35200000762939454,0.02121088095009327,Ferdi Kadioglu,a,13066,FromCorner,2026,RightFoot,31196,Chelsea,Brighton,4,3,2026-08-30 13:00:00,,Aerial,away
691608,93,MissedShots,0.8330000305175781,0.47200000762939454,0.015044217929244041,Luka Vuskovic,a,13725,SetPiece,2026,Head,31196,Chelsea,Brighton,4,3,2026-08-30 13:00:00,Maxim De Cuyper,Cross,away
691609,95,Goal,0.8859999847412109,0.4540000152587891,0.045336391776800156,Pascal Groß,a,239,OpenPlay,2026,Head,31196,Chelsea,Brighton,4,3,2026-08-30 13:00:00,,Aerial,away
691093,4,BlockedShot,0.8519999694824218,0.6840000152587891,0.04296794906258583,Noah Okafor,h,11966,OpenPlay,2026,RightFoot,31197,Leeds,Brentford,1,1,2026-08-30 13:00:00,James Justin,Pass,home
691099,20,MissedShots,0.7190000152587891,0.4829999923706055,0.013367724604904652,Ethan Ampadu,h,6369,OpenPlay,2026,RightFoot,31197,Leeds,Brentford,1,1,2026-08-30 13:00:00,,None,home
691105,49,BlockedShot,0.8680000305175781,0.7130000305175781,0.03512868657708168,Noah Okafor,h,11966,OpenPlay,2026,RightFoot,31197,Leeds,Brentford,1,1,2026-08-30 13:00:00,,None,home
691110,62,BlockedShot,0.7130000305175781,0.37799999237060544,0.012687337584793568,Harry Wilson,h,5596,OpenPlay,2026,LeftFoot,31197,Leeds,Brentford,1,1,2026-08-30 13:00:00,,BallRecovery,home
691111,63,SavedShot,0.77,0.6129999923706054,0.017495492473244667,James Justin,h,7753,OpenPlay,2026,RightFoot,31197,Leeds,Brentford,1,1,2026-08-30 13:00:00,Jayden Bogle,Chipped,home
691112,68,BlockedShot,0.8230000305175781,0.5979999923706054,0.04300267621874809,Daniel James,h,5595,OpenPlay,2026,LeftFoot,31197,Leeds,Brentford,1,1,2026-08-30 13:00:00,,None,home
691117,72,MissedShots,0.8519999694824218,0.325,0.08762208372354507,Daniel James,h,5595,OpenPlay,2026,RightFoot,31197,Leeds,Brentford,1,1,2026-08-30 13:00:00,Lukas Nmecha,BallRecovery,home
691118,76,BlockedShot,0.7440000152587891,0.5359999847412109,0.05973026528954506,Anton Stach,h,9910,DirectFreekick,2026,RightFoot,31197,Leeds,Brentford,1,1,2026-08-30 13:00:00,,Standard,home
691119,78,MissedShots,0.9669999694824218,0.3390000152587891,0.039398178458213806,Lukas Nmecha,h,6544,OpenPlay,2026,RightFoot,31197,Leeds,Brentford,1,1,2026-08-30 13:00:00,Ethan Ampadu,Cross,home
691120,78,Goal,0.9680000305175781,0.5079999923706054,0.7724223732948303,Dominic Calvert-Lewin,h,5555,OpenPlay,2026,LeftFoot,31197,Leeds,Brentford,1,1,2026-08-30 13:00:00,Lukas Nmecha,Rebound,home
691123,81,MissedShots,0.8240000152587891,0.31799999237060544,0.025073213502764702,Daniel James,h,5595,FromCorner,2026,LeftFoot,31197,Leeds,Brentford,1,1,2026-08-30 13:00:00,Anton Stach,Pass,home
691124,83,BlockedShot,0.865,0.26299999237060545,0.03146717697381973,Daniel James,h,5595,OpenPlay,2026,RightFoot,31197,Leeds,Brentford,1,1,2026-08-30 13:00:00,Harry Wilson,Pass,home
691092,0,BlockedShot,0.914000015258789,0.46,0.1076071634888649,Kevin Schade,a,9156,OpenPlay,2026,RightFoot,31197,Leeds,Brentford,1,1,2026-08-30 13:00:00,,None,away
691094,7,SavedShot,0.9109999847412109,0.27100000381469724,0.04541570320725441,Thiago,a,13222,OpenPlay,2026,RightFoot,31197,Leeds,Brentford,1,1,2026-08-30 13:00:00,Mamadou Sangaré,BallTouch,away
691095,8,BlockedShot,0.6969999694824218,0.654000015258789,0.011052285321056843,Keane Lewis-Potter,a,10809,OpenPlay,2026,RightFoot,31197,Leeds,Brentford,1,1,2026-08-30 13:00:00,Jaidon Anthony,Pass,away
691096,9,SavedShot,0.8909999847412109,0.42900001525878906,0.04346467927098274,Nathan Collins,a,9733,FromCorner,2026,Head,31197,Leeds,Brentford,1,1,2026-08-30 13:00:00,Mikkel Damsgaard,Cross,away
691097,10,BlockedShot,0.865999984741211,0.40400001525878904,0.07688100636005402,Jaidon Anthony,a,10746,OpenPlay,2026,RightFoot,31197,Leeds,Brentford,1,1,2026-08-30 13:00:00,Kevin Schade,BallTouch,away
691098,13,SavedShot,0.9180000305175782,0.7319999694824219,0.042916882783174515,Mikkel Damsgaard,a,8859,OpenPlay,2026,RightFoot,31197,Leeds,Brentford,1,1,2026-08-30 13:00:00,Keane Lewis-Potter,Pass,away
691100,23,BlockedShot,0.860999984741211,0.40900001525878904,0.062281787395477295,Mamadou Sangaré,a,13917,SetPiece,2026,RightFoot,31197,Leeds,Brentford,1,1,2026-08-30 13:00:00,,None,away
691101,39,MissedShots,0.9080000305175782,0.5929999923706055,0.04377560317516327,Kevin Schade,a,9156,OpenPlay,2026,Head,31197,Leeds,Brentford,1,1,2026-08-30 13:00:00,Jaidon Anthony,Cross,away
691102,40,MissedShots,0.8490000152587891,0.5170000076293946,0.09855277836322784,Mamadou Sangaré,a,13917,OpenPlay,2026,LeftFoot,31197,Leeds,Brentford,1,1,2026-08-30 13:00:00,Mikkel Damsgaard,Pass,away
691103,40,Goal,0.9109999847412109,0.5479999923706055,0.10791811347007751,Kevin Schade,a,9156,OpenPlay,2026,RightFoot,31197,Leeds,Brentford,1,1,2026-08-30 13:00:00,Keane Lewis-Potter,Cross,away
691104,45,MissedShots,0.9219999694824219,0.6580000305175782,0.01093742623925209,Thiago,a,13222,FromCorner,2026,Head,31197,Leeds,Brentford,1,1,2026-08-30 13:00:00,Vitaly Janelt,Aerial,away
691106,54,BlockedShot,0.805,0.26799999237060546,0.028878290206193924,Jaidon Anthony,a,10746,OpenPlay,2026,RightFoot,31197,Leeds,Brentford,1,1,2026-08-30 13:00:00,Kristoffer Ajer,Pass,away
691107,55,BlockedShot,0.9309999847412109,0.335,0.02409551665186882,Nathan Collins,a,9733,OpenPlay,2026,Head,31197,Leeds,Brentford,1,1,2026-08-30 13:00:00,Kristoffer Ajer,BallTouch,away
691108,56,BlockedShot,0.950999984741211,0.5879999923706055,0.0360872782766819,Nathan Collins,a,9733,FromCorner,2026,Head,31197,Leeds,Brentford,1,1,2026-08-30 13:00:00,Vitaly Janelt,Dispossessed,away
691109,56,MissedShots,0.9,0.4159999847412109,0.01682104356586933,Mikkel Damsgaard,a,8859,FromCorner,2026,Head,31197,Leeds,Brentford,1,1,2026-08-30 13:00:00,Nathan Collins,Aerial,away
691113,69,BlockedShot,0.7580000305175781,0.28700000762939454,0.014754449017345905,Dango Ouattara,a,9662,OpenPlay,2026,LeftFoot,31197,Leeds,Brentford,1,1,2026-08-30 13:00:00,Mamadou Sangaré,TakeOn,away
691114,70,BlockedShot,0.845999984741211,0.515,0.04397827759385109,Mamadou Sangaré,a,13917,OpenPlay,2026,LeftFoot,31197,Leeds,Brentford,1,1,2026-08-30 13:00:00,,Aerial,away
691115,70,MissedShots,0.925,0.5070000076293946,0.05817528814077377,Thiago,a,13222,OpenPlay,2026,Head,31197,Leeds,Brentford,1,1,2026-08-30 13:00:00,Michael Kayode,CornerAwarded,away
691116,71,BlockedShot,0.7380000305175781,0.41200000762939454,0.022963393479585648,Michael Kayode,a,11281,OpenPlay,2026,LeftFoot,31197,Leeds,Brentford,1,1,2026-08-30 13:00:00,Yehor Yarmolyuk,Pass,away
691121,80,SavedShot,0.9009999847412109,0.4420000076293945,0.23249663412570953,Thiago,a,13222,OpenPlay,2026,Head,31197,Leeds,Brentford,1,1,2026-08-30 13:00:00,Dango Ouattara,Cross,away
691122,80,MissedShots,0.9619999694824218,0.43,0.5443413257598877,Thiago,a,13222,OpenPlay,2026,RightFoot,31197,Leeds,Brentford,1,1,2026-08-30 13:00:00,,Rebound,away
691125,90,BlockedShot,0.8440000152587891,0.46099998474121096,0.06660652905702591,Callum Wilson,a,468,OpenPlay,2026,RightFoot,31197,Leeds,Brentford,1,1,2026-08-30 13:00:00,,None,away
691310,5,SavedShot,0.7030000305175781,0.5729999923706055,0.00887780450284481,Marcus Rashford,h,556,OpenPlay,2026,RightFoot,31198,Manchester United,Ipswich,5,2,2026-08-30 15:30:00,,TakeOn,home
691311,6,MissedShots,0.815,0.6379999923706055,0.030591942369937897,Matheus Cunha,h,7080,OpenPlay,2026,RightFoot,31198,Manchester United,Ipswich,5,2,2026-08-30 15:30:00,Marcus Rashford,Pass,home
691312,11,SavedShot,0.855999984741211,0.34200000762939453,0.09107541292905807,Diogo Dalot,h,7281,OpenPlay,2026,LeftFoot,31198,Manchester United,Ipswich,5,2,2026-08-30 15:30:00,Bryan Mbeumo,TakeOn,home
691314,13,BlockedShot,0.865,0.36,0.10431421548128128,Bruno Fernandes,h,1228,OpenPlay,2026,RightFoot,31198,Manchester United,Ipswich,5,2,2026-08-30 15:30:00,Diogo Dalot,Pass,home
691315,16,BlockedShot,0.785,0.21200000762939453,0.013249454088509083,Youri Tielemans,h,5956,OpenPlay,2026,RightFoot,31198,Manchester United,Ipswich,5,2,2026-08-30 15:30:00,Matheus Cunha,Pass,home
691316,19,MissedShots,0.69,0.56,0.03398694097995758,Marcus Rashford,h,556,DirectFreekick,2026,RightFoot,31198,Manchester United,Ipswich,5,2,2026-08-30 15:30:00,,Standard,home
691319,25,BlockedShot,0.7269999694824218,0.620999984741211,0.04369576647877693,Bruno Fernandes,h,1228,DirectFreekick,2026,RightFoot,31198,Manchester United,Ipswich,5,2,2026-08-30 15:30:00,,Standard,home
691320,26,MissedShots,0.975999984741211,0.6029999923706054,0.07685784250497818,Marcus Rashford,h,556,OpenPlay,2026,RightFoot,31198,Manchester United,Ipswich,5,2,2026-08-30 15:30:00,Bryan Mbeumo,Cross,home
691324,39,Goal,0.8680000305175781,0.610999984741211,0.5706879496574402,Bruno Fernandes,h,1228,OpenPlay,2026,LeftFoot,31198,Manchester United,Ipswich,5,2,2026-08-30 15:30:00,Matheus Cunha,Throughball,home
691325,44,MissedShots,0.745,0.3390000152587891,0.01936420053243637,Diogo Dalot,h,7281,OpenPlay,2026,RightFoot,31198,Manchester United,Ipswich,5,2,2026-08-30 15:30:00,Youri Tielemans,Pass,home
691326,45,MissedShots,0.725,0.495,0.014901276677846909,Lisandro Martínez,h,10802,OpenPlay,2026,LeftFoot,31198,Manchester United,Ipswich,5,2,2026-08-30 15:30:00,Diogo Dalot,Pass,home
691328,51,ShotOnPost,0.9880000305175781,0.46900001525878904,0.9380573630332947,Bryan Mbeumo,h,6552,OpenPlay,2026,RightFoot,31198,Manchester United,Ipswich,5,2,2026-08-30 15:30:00,,None,home
691329,51,BlockedShot,0.955,0.5270000076293946,0.16518346965312958,Youri Tielemans,h,5956,OpenPlay,2026,LeftFoot,31198,Manchester United,Ipswich,5,2,2026-08-30 15:30:00,,Rebound,home
691330,52,BlockedShot,0.860999984741211,0.5120000076293946,0.06977096199989319,Kobbie Mainoo,h,11174,FromCorner,2026,RightFoot,31198,Manchester United,Ipswich,5,2,2026-08-30 15:30:00,,None,home
691331,52,BlockedShot,0.8490000152587891,0.495,0.06670652329921722,Diogo Dalot,h,7281,FromCorner,2026,RightFoot,31198,Manchester United,Ipswich,5,2,2026-08-30 15:30:00,,Rebound,home
691332,52,BlockedShot,0.8119999694824219,0.525,0.03593793883919716,Kobbie Mainoo,h,11174,FromCorner,2026,LeftFoot,31198,Manchester United,Ipswich,5,2,2026-08-30 15:30:00,Marcus Rashford,TakeOn,home
691333,53,SavedShot,0.749000015258789,0.4379999923706055,0.02079901099205017,Youri Tielemans,h,5956,OpenPlay,2026,RightFoot,31198,Manchester United,Ipswich,5,2,2026-08-30 15:30:00,Marcus Rashford,BallTouch,home
691334,55,BlockedShot,0.9169999694824219,0.49900001525878906,0.06788795441389084,Bryan Mbeumo,h,6552,OpenPlay,2026,Head,31198,Manchester United,Ipswich,5,2,2026-08-30 15:30:00,Bruno Fernandes,Aerial,home
691335,55,MissedShots,0.860999984741211,0.2720000076293945,0.031123459339141846,Harry Maguire,h,1687,OpenPlay,2026,RightFoot,31198,Manchester United,Ipswich,5,2,2026-08-30 15:30:00,,None,home
691337,60,Goal,0.885,0.5,0.7611688375473022,Bruno Fernandes,h,1228,Penalty,2026,RightFoot,31198,Manchester United,Ipswich,5,2,2026-08-30 15:30:00,,Standard,home
691338,63,SavedShot,0.955999984741211,0.615,0.2959602475166321,Marcus Rashford,h,556,OpenPlay,2026,RightFoot,31198,Manchester United,Ipswich,5,2,2026-08-30 15:30:00,Diogo Dalot,Cross,home
691339,63,MissedShots,0.914000015258789,0.5790000152587891,0.049820564687252045,Diogo Dalot,h,7281,FromCorner,2026,Head,31198,Manchester United,Ipswich,5,2,2026-08-30 15:30:00,Bruno Fernandes,Cross,home
691340,67,BlockedShot,0.774000015258789,0.6359999847412109,0.022569898515939713,Kobbie Mainoo,h,11174,OpenPlay,2026,RightFoot,31198,Manchester United,Ipswich,5,2,2026-08-30 15:30:00,,None,home
691341,67,BlockedShot,0.8590000152587891,0.41900001525878905,0.06102018803358078,Bryan Mbeumo,h,6552,OpenPlay,2026,LeftFoot,31198,Manchester United,Ipswich,5,2,2026-08-30 15:30:00,,Rebound,home
691342,67,Goal,0.9369999694824219,0.5520000076293945,0.5881048440933228,Bruno Fernandes,h,1228,OpenPlay,2026,RightFoot,31198,Manchester United,Ipswich,5,2,2026-08-30 15:30:00,,Rebound,home
691343,69,MissedShots,0.52,0.435,0.011031469330191612,Bruno Fernandes,h,1228,OpenPlay,2026,RightFoot,31198,Manchester United,Ipswich,5,2,2026-08-30 15:30:00,Youri Tielemans,Goal,home
691344,75,BlockedShot,0.8859999847412109,0.27600000381469725,0.05000642314553261,Bryan Mbeumo,h,6552,OpenPlay,2026,LeftFoot,31198,Manchester United,Ipswich,5,2,2026-08-30 15:30:00,Youri Tielemans,Pass,home
691345,76,BlockedShot,0.779000015258789,0.654000015258789,0.04186717048287392,Bruno Fernandes,h,1228,OpenPlay,2026,RightFoot,31198,Manchester United,Ipswich,5,2,2026-08-30 15:30:00,,TakeOn,home
691346,76,SavedShot,0.9019999694824219,0.3290000152587891,0.08398138731718063,Matheus Cunha,h,7080,OpenPlay,2026,RightFoot,31198,Manchester United,Ipswich,5,2,2026-08-30 15:30:00,Youri Tielemans,Pass,home
691347,80,BlockedShot,0.7669999694824219,0.35200000762939454,0.08545621484518051,Bruno Fernandes,h,1228,OpenPlay,2026,RightFoot,31198,Manchester United,Ipswich,5,2,2026-08-30 15:30:00,Patrick Dorgu,Chipped,home
691348,81,Goal,0.7719999694824219,0.3290000152587891,0.3359232246875763,Bryan Mbeumo,h,6552,OpenPlay,2026,LeftFoot,31198,Manchester United,Ipswich,5,2,2026-08-30 15:30:00,Bruno Fernandes,Chipped,home
691349,85,SavedShot,0.9680000305175781,0.590999984741211,0.18693318963050842,Patrick Dorgu,h,11944,OpenPlay,2026,Head,31198,Manchester United,Ipswich,5,2,2026-08-30 15:30:00,Bryan Mbeumo,Cross,home
691352,96,SavedShot,0.855999984741211,0.695,0.0985427126288414,Patrick Dorgu,h,11944,OpenPlay,2026,LeftFoot,31198,Manchester United,Ipswich,5,2,2026-08-30 15:30:00,Benjamin Sesko,Pass,home
691313,12,SavedShot,0.8430000305175781,0.4909999847412109,0.5151225328445435,Julio Enciso,a,11058,OpenPlay,2026,LeftFoot,31198,Manchester United,Ipswich,5,2,2026-08-30 15:30:00,Emersonn,BallRecovery,away
691317,22,SavedShot,0.865999984741211,0.6930000305175781,0.10865644365549088,Daizen Maeda,a,14772,OpenPlay,2026,LeftFoot,31198,Manchester United,Ipswich,5,2,2026-08-30 15:30:00,Leif Davis,Throughball,away
691318,22,MissedShots,0.9790000152587891,0.6129999923706054,0.018843594938516617,Dara O&#039;Shea,a,8756,FromCorner,2026,Head,31198,Manchester United,Ipswich,5,2,2026-08-30 15:30:00,Abdul Fatawu,Cross,away
691321,28,Goal,0.89,0.5929999923706055,0.31059229373931885,Leif Davis,a,8919,OpenPlay,2026,LeftFoot,31198,Manchester United,Ipswich,5,2,2026-08-30 15:30:00,Abdul Fatawu,Chipped,away
691322,30,SavedShot,0.970999984741211,0.5840000152587891,0.3500528335571289,Leif Davis,a,8919,OpenPlay,2026,LeftFoot,31198,Manchester United,Ipswich,5,2,2026-08-30 15:30:00,Abdul Fatawu,Cross,away
691323,31,BlockedShot,0.8059999847412109,0.63,0.03799659386277199,Sasa Lukic,a,1537,FromCorner,2026,RightFoot,31198,Manchester United,Ipswich,5,2,2026-08-30 15:30:00,Marcelino Núñez,Pass,away
691327,49,MissedShots,0.7330000305175781,0.4370000076293945,0.021308358758687973,Julio Enciso,a,11058,OpenPlay,2026,RightFoot,31198,Manchester United,Ipswich,5,2,2026-08-30 15:30:00,Sasa Lukic,Pass,away
691336,55,OwnGoal,0.08899999618530273,0.54,0,Jacob Greaves,a,12745,OpenPlay,2026,RightFoot,31198,Manchester United,Ipswich,5,2,2026-08-30 15:30:00,,TakeOn,away
691350,90,MissedShots,0.7719999694824219,0.32299999237060545,0.01357230730354786,Julio Enciso,a,11058,OpenPlay,2026,RightFoot,31198,Manchester United,Ipswich,5,2,2026-08-30 15:30:00,Exequiel Palacios,TakeOn,away
691351,90,Goal,0.92,0.48900001525878906,0.4293347895145416,Chuba Akpom,a,1790,OpenPlay,2026,RightFoot,31198,Manchester United,Ipswich,5,2,2026-08-30 15:30:00,Julio Enciso,Pass,away
691696,6,MissedShots,0.745999984741211,0.4329999923706055,0.020744293928146362,John McGinn,h,7723,OpenPlay,2026,LeftFoot,31199,Aston Villa,Arsenal,0,1,2026-08-31 19:00:00,Emiliano Buendía,Pass,home
691699,11,ShotOnPost,0.784000015258789,0.36400001525878906,0.02737284079194069,Emiliano Buendía,h,2203,OpenPlay,2026,RightFoot,31199,Aston Villa,Arsenal,0,1,2026-08-31 19:00:00,Boubacar Kamara,BallTouch,home
691702,26,MissedShots,0.874000015258789,0.700999984741211,0.04204452782869339,Ian Maatsen,h,11807,OpenPlay,2026,RightFoot,31199,Aston Villa,Arsenal,0,1,2026-08-31 19:00:00,Ross Barkley,Pass,home
691703,46,MissedShots,0.919000015258789,0.7180000305175781,0.0402790792286396,Ian Maatsen,h,11807,OpenPlay,2026,LeftFoot,31199,Aston Villa,Arsenal,0,1,2026-08-31 19:00:00,Ross Barkley,Chipped,home
691706,64,BlockedShot,0.8919999694824219,0.3890000152587891,0.07843043655157089,Matthew Cash,h,8864,OpenPlay,2026,LeftFoot,31199,Aston Villa,Arsenal,0,1,2026-08-31 19:00:00,John McGinn,Pass,home
691707,67,BlockedShot,0.799000015258789,0.5729999923706055,0.03606048598885536,Ross Barkley,h,592,OpenPlay,2026,RightFoot,31199,Aston Villa,Arsenal,0,1,2026-08-31 19:00:00,,None,home
691708,69,MissedShots,0.8180000305175781,0.37200000762939456,0.03699318319559097,John McGinn,h,7723,OpenPlay,2026,LeftFoot,31199,Aston Villa,Arsenal,0,1,2026-08-31 19:00:00,,BallTouch,home
691697,7,BlockedShot,0.8440000152587891,0.665,0.04720120131969452,Myles Lewis-Skelly,a,12272,OpenPlay,2026,LeftFoot,31199,Aston Villa,Arsenal,0,1,2026-08-31 19:00:00,Christos Tzolis,Pass,away
691698,7,MissedShots,0.9359999847412109,0.4620000076293945,0.327258437871933,Gabriel,a,5613,FromCorner,2026,Head,31199,Aston Villa,Arsenal,0,1,2026-08-31 19:00:00,,None,away
691700,12,MissedShots,0.8109999847412109,0.335,0.03748276084661484,Bukayo Saka,a,7322,OpenPlay,2026,LeftFoot,31199,Aston Villa,Arsenal,0,1,2026-08-31 19:00:00,Declan Rice,TakeOn,away
691701,17,MissedShots,0.9640000152587891,0.5770000076293945,0.04870227724313736,Riccardo Calafiori,a,8129,FromCorner,2026,Head,31199,Aston Villa,Arsenal,0,1,2026-08-31 19:00:00,Declan Rice,Aerial,away
691704,56,MissedShots,0.8159999847412109,0.3290000152587891,0.09088468551635742,Martin Odegaard,a,2517,DirectFreekick,2026,LeftFoot,31199,Aston Villa,Arsenal,0,1,2026-08-31 19:00:00,,Standard,away
691705,58,Goal,0.975,0.49400001525878906,0.9377986788749695,Bukayo Saka,a,7322,OpenPlay,2026,RightFoot,31199,Aston Villa,Arsenal,0,1,2026-08-31 19:00:00,Riccardo Calafiori,Pass,away
691709,73,SavedShot,0.8390000152587891,0.26399999618530273,0.03507942706346512,Kai Havertz,a,5220,OpenPlay,2026,LeftFoot,31199,Aston Villa,Arsenal,0,1,2026-08-31 19:00:00,Ben White,Pass,away
691975,10,MissedShots,0.8,0.2670000076293945,0.02027929201722145,Abdul Fatawu,h,12911,OpenPlay,2026,LeftFoot,31200,Ipswich,Liverpool,0,2,2026-09-04 19:00:00,Julio Enciso,Pass,home
691976,11,BlockedShot,0.8,0.48900001525878906,0.05254272371530533,Julio Enciso,h,11058,OpenPlay,2026,LeftFoot,31200,Ipswich,Liverpool,0,2,2026-09-04 19:00:00,Jacob Greaves,Pass,home
691977,18,SavedShot,0.775,0.5970000076293945,0.02871275320649147,Julio Enciso,h,11058,OpenPlay,2026,RightFoot,31200,Ipswich,Liverpool,0,2,2026-09-04 19:00:00,Exequiel Palacios,Pass,home
691980,25,BlockedShot,0.9569999694824218,0.55,0.1079452708363533,Emersonn,h,14082,OpenPlay,2026,LeftFoot,31200,Ipswich,Liverpool,0,2,2026-09-04 19:00:00,Leif Davis,HeadPass,home
691981,28,BlockedShot,0.9309999847412109,0.315,0.042050883173942566,Julio Enciso,h,11058,OpenPlay,2026,RightFoot,31200,Ipswich,Liverpool,0,2,2026-09-04 19:00:00,Abdul Fatawu,HeadPass,home
691982,29,MissedShots,0.9680000305175781,0.5970000076293945,0.0750168114900589,Leif Davis,h,8919,OpenPlay,2026,Head,31200,Ipswich,Liverpool,0,2,2026-09-04 19:00:00,Abdul Fatawu,Cross,home
691984,34,SavedShot,0.9590000152587891,0.6859999847412109,0.05987730994820595,Daizen Maeda,h,14772,OpenPlay,2026,LeftFoot,31200,Ipswich,Liverpool,0,2,2026-09-04 19:00:00,Leif Davis,Pass,home
691985,37,MissedShots,0.7480000305175781,0.6990000152587891,0.013930730521678925,Julio Enciso,h,11058,OpenPlay,2026,RightFoot,31200,Ipswich,Liverpool,0,2,2026-09-04 19:00:00,Sasa Lukic,Pass,home
691990,55,MissedShots,0.7880000305175782,0.24700000762939453,0.014056320302188396,Abdul Fatawu,h,12911,OpenPlay,2026,LeftFoot,31200,Ipswich,Liverpool,0,2,2026-09-04 19:00:00,Julio Enciso,Pass,home
691991,59,SavedShot,0.775,0.625999984741211,0.06281144171953201,Julio Enciso,h,11058,OpenPlay,2026,RightFoot,31200,Ipswich,Liverpool,0,2,2026-09-04 19:00:00,Exequiel Palacios,Pass,home
691992,75,SavedShot,0.8130000305175781,0.735,0.013968085870146751,Zian Flemming,h,13729,OpenPlay,2026,RightFoot,31200,Ipswich,Liverpool,0,2,2026-09-04 19:00:00,,None,home
691994,85,BlockedShot,0.77,0.5970000076293945,0.028472544625401497,Jack Clarke,h,13019,OpenPlay,2026,RightFoot,31200,Ipswich,Liverpool,0,2,2026-09-04 19:00:00,Issa Diop,BallRecovery,home
691995,93,SavedShot,0.7569999694824219,0.42,0.02153969183564186,Kasey McAteer,h,10166,OpenPlay,2026,RightFoot,31200,Ipswich,Liverpool,0,2,2026-09-04 19:00:00,Guemissongui Ouattara,LayOff,home
691996,94,MissedShots,0.8080000305175781,0.575,0.05676797404885292,Julio Enciso,h,11058,OpenPlay,2026,RightFoot,31200,Ipswich,Liverpool,0,2,2026-09-04 19:00:00,Jack Clarke,Pass,home
691973,5,Goal,0.8719999694824219,0.33599998474121096,0.12043468654155731,Alexander Isak,a,5232,OpenPlay,2026,RightFoot,31200,Ipswich,Liverpool,0,2,2026-09-04 19:00:00,Cody Gakpo,Throughball,away
691974,8,Goal,0.8619999694824219,0.6719999694824219,0.12743650376796722,Alexander Isak,a,5232,OpenPlay,2026,LeftFoot,31200,Ipswich,Liverpool,0,2,2026-09-04 19:00:00,Cody Gakpo,Throughball,away
691978,19,SavedShot,0.7930000305175782,0.5459999847412109,0.06221974641084671,Dominik Szoboszlai,a,9788,OpenPlay,2026,RightFoot,31200,Ipswich,Liverpool,0,2,2026-09-04 19:00:00,Alexis Mac Allister,Pass,away
691979,22,SavedShot,0.8069999694824219,0.45099998474121095,0.07020099461078644,Dominik Szoboszlai,a,9788,OpenPlay,2026,RightFoot,31200,Ipswich,Liverpool,0,2,2026-09-04 19:00:00,Cody Gakpo,Pass,away
691983,30,MissedShots,0.7809999847412109,0.52,0.04866962507367134,Alexis Mac Allister,a,8379,OpenPlay,2026,RightFoot,31200,Ipswich,Liverpool,0,2,2026-09-04 19:00:00,Florian Wirtz,Pass,away
691986,39,SavedShot,0.7190000152587891,0.26799999237060546,0.015701359137892723,Dominik Szoboszlai,a,9788,OpenPlay,2026,RightFoot,31200,Ipswich,Liverpool,0,2,2026-09-04 19:00:00,Florian Wirtz,Pass,away
691987,41,SavedShot,0.785,0.585999984741211,0.026582419872283936,Florian Wirtz,a,8397,SetPiece,2026,RightFoot,31200,Ipswich,Liverpool,0,2,2026-09-04 19:00:00,Jérémy Jacquet,Pass,away
691988,46,BlockedShot,0.8369999694824218,0.43200000762939456,0.1193745955824852,Florian Wirtz,a,8397,OpenPlay,2026,RightFoot,31200,Ipswich,Liverpool,0,2,2026-09-04 19:00:00,Dominik Szoboszlai,Pass,away
691989,46,SavedShot,0.89,0.44400001525878907,0.03471611812710762,Alexis Mac Allister,a,8379,FromCorner,2026,Head,31200,Ipswich,Liverpool,0,2,2026-09-04 19:00:00,Dominik Szoboszlai,Cross,away
691993,76,BlockedShot,0.874000015258789,0.3870000076293945,0.11880272626876831,Cody Gakpo,a,11296,OpenPlay,2026,LeftFoot,31200,Ipswich,Liverpool,0,2,2026-09-04 19:00:00,Bradley Barcola,Pass,away
692051,7,BlockedShot,0.95,0.34299999237060547,0.1145160123705864,Amar Dedic,h,13456,OpenPlay,2026,RightFoot,31201,Newcastle United,Bournemouth,2,2,2026-09-05 11:30:00,Anthony Elanga,Pass,home
692063,34,OwnGoal,0.04199999809265137,0.4329999923706055,0,Malick Thiaw,h,8378,OpenPlay,2026,RightFoot,31201,Newcastle United,Bournemouth,2,2,2026-09-05 11:30:00,,BallTouch,home
692064,36,Goal,0.8590000152587891,0.725,0.02420414797961712,Harvey Barnes,h,6681,OpenPlay,2026,RightFoot,31201,Newcastle United,Bournemouth,2,2,2026-09-05 11:30:00,Lewis Hall,Pass,home
692065,37,BlockedShot,0.7040000152587891,0.6129999923706054,0.015637855976819992,Joe Willock,h,6630,OpenPlay,2026,RightFoot,31201,Newcastle United,Bournemouth,2,2,2026-09-05 11:30:00,Nico González,Pass,home
692067,51,MissedShots,0.95,0.47099998474121096,0.42000046372413635,Joe Willock,h,6630,OpenPlay,2026,Head,31201,Newcastle United,Bournemouth,2,2,2026-09-05 11:30:00,Anthony Elanga,HeadPass,home
692069,59,MissedShots,0.8109999847412109,0.34200000762939453,0.029514122754335403,Lewis Hall,h,10216,FromCorner,2026,LeftFoot,31201,Newcastle United,Bournemouth,2,2,2026-09-05 11:30:00,Anthony Elanga,Pass,home
692072,87,MissedShots,0.8719999694824219,0.5029999923706054,0.0675467774271965,Harvey Barnes,h,6681,SetPiece,2026,RightFoot,31201,Newcastle United,Bournemouth,2,2,2026-09-05 11:30:00,Malick Thiaw,HeadPass,home
692073,87,Goal,0.8440000152587891,0.5509999847412109,0.05918221175670624,Jacob Ramsey,h,8941,SetPiece,2026,RightFoot,31201,Newcastle United,Bournemouth,2,2,2026-09-05 11:30:00,,Rebound,home
692075,95,MissedShots,0.7219999694824218,0.425,0.045031819492578506,Amar Dedic,h,13456,DirectFreekick,2026,RightFoot,31201,Newcastle United,Bournemouth,2,2,2026-09-05 11:30:00,,Standard,home
692050,3,SavedShot,0.7580000305175781,0.385,0.0609133206307888,Marcus Tavernier,a,10741,DirectFreekick,2026,LeftFoot,31201,Newcastle United,Bournemouth,2,2,2026-09-05 11:30:00,,Standard,away
692052,8,BlockedShot,0.8269999694824218,0.4279999923706055,0.06502438336610794,Alex Scott,a,12149,OpenPlay,2026,RightFoot,31201,Newcastle United,Bournemouth,2,2,2026-09-05 11:30:00,Adam Smith,Pass,away
692053,8,Goal,0.950999984741211,0.534000015258789,0.6284084916114807,Marcus Tavernier,a,10741,OpenPlay,2026,LeftFoot,31201,Newcastle United,Bournemouth,2,2,2026-09-05 11:30:00,,Rebound,away
692054,11,MissedShots,0.845999984741211,0.509000015258789,0.3753243684768677,Evanilson,a,12963,OpenPlay,2026,LeftFoot,31201,Newcastle United,Bournemouth,2,2,2026-09-05 11:30:00,,BallRecovery,away
692055,14,SavedShot,0.9330000305175781,0.34599998474121096,0.01634596846997738,António Silva,a,14859,OpenPlay,2026,Head,31201,Newcastle United,Bournemouth,2,2,2026-09-05 11:30:00,James Hill,Aerial,away
692056,15,SavedShot,0.8819999694824219,0.6370000076293946,0.014630881138145924,Marcus Tavernier,a,10741,OpenPlay,2026,Head,31201,Newcastle United,Bournemouth,2,2,2026-09-05 11:30:00,Adam Smith,Aerial,away
692057,16,BlockedShot,0.94,0.325,0.07365848869085312,Evanilson,a,12963,OpenPlay,2026,RightFoot,31201,Newcastle United,Bournemouth,2,2,2026-09-05 11:30:00,,None,away
692058,25,SavedShot,0.860999984741211,0.485,0.14222076535224915,Marcus Tavernier,a,10741,OpenPlay,2026,LeftFoot,31201,Newcastle United,Bournemouth,2,2,2026-09-05 11:30:00,Adrien Truffert,Pass,away
692059,30,BlockedShot,0.7280000305175781,0.4109999847412109,0.01945415511727333,Adam Smith,a,825,OpenPlay,2026,LeftFoot,31201,Newcastle United,Bournemouth,2,2,2026-09-05 11:30:00,,None,away
692060,30,BlockedShot,0.7669999694824219,0.32099998474121094,0.0244907233864069,Justin Kluivert,a,6963,OpenPlay,2026,RightFoot,31201,Newcastle United,Bournemouth,2,2,2026-09-05 11:30:00,Tyler Adams,BallRecovery,away
692061,32,BlockedShot,0.754000015258789,0.345,0.01942419447004795,Adrien Truffert,a,8640,FromCorner,2026,LeftFoot,31201,Newcastle United,Bournemouth,2,2,2026-09-05 11:30:00,Alex Scott,Pass,away
692062,34,ShotOnPost,0.7,0.40299999237060546,0.02954043447971344,Justin Kluivert,a,6963,OpenPlay,2026,RightFoot,31201,Newcastle United,Bournemouth,2,2,2026-09-05 11:30:00,Marcus Tavernier,Pass,away
692066,47,MissedShots,0.9080000305175782,0.4229999923706055,0.05222657695412636,Rayan,a,14395,OpenPlay,2026,Head,31201,Newcastle United,Bournemouth,2,2,2026-09-05 11:30:00,,None,away
692068,51,MissedShots,0.9169999694824219,0.2989999961853027,0.0632498636841774,Evanilson,a,12963,OpenPlay,2026,RightFoot,31201,Newcastle United,Bournemouth,2,2,2026-09-05 11:30:00,,None,away
692070,61,BlockedShot,0.7519999694824219,0.655,0.014415757730603218,Alex Scott,a,12149,OpenPlay,2026,RightFoot,31201,Newcastle United,Bournemouth,2,2,2026-09-05 11:30:00,James Hill,Chipped,away
692071,83,MissedShots,0.7319999694824219,0.34700000762939454,0.019492052495479584,Marcus Tavernier,a,10741,SetPiece,2026,LeftFoot,31201,Newcastle United,Bournemouth,2,2,2026-09-05 11:30:00,Alex Scott,Pass,away
692074,91,BlockedShot,0.8519999694824218,0.425,0.06094876676797867,Ben Doak,a,11231,SetPiece,2026,RightFoot,31201,Newcastle United,Bournemouth,2,2,2026-09-05 11:30:00,,None,away
692316,15,SavedShot,0.8690000152587891,0.624000015258789,0.10430655628442764,Erling Haaland,h,8260,SetPiece,2026,LeftFoot,31202,Manchester City,Coventry,1,0,2026-09-05 14:00:00,Mathis Cherki,Throughball,home
692317,15,BlockedShot,0.9169999694824219,0.2670000076293945,0.026489827781915665,Antoine Semenyo,h,11363,SetPiece,2026,RightFoot,31202,Manchester City,Coventry,1,0,2026-09-05 14:00:00,,Rebound,home
692318,20,BlockedShot,0.855,0.46599998474121096,0.008814124390482903,Josko Gvardiol,h,9790,SetPiece,2026,Head,31202,Manchester City,Coventry,1,0,2026-09-05 14:00:00,Mathis Cherki,Rebound,home
692319,22,ShotOnPost,0.8590000152587891,0.44400001525878907,0.09935545176267624,Mathis Cherki,h,8094,OpenPlay,2026,LeftFoot,31202,Manchester City,Coventry,1,0,2026-09-05 14:00:00,Enzo Fernández,Pass,home
692322,25,Goal,0.9319999694824219,0.5470000076293945,0.37169182300567627,Erling Haaland,h,8260,OpenPlay,2026,Head,31202,Manchester City,Coventry,1,0,2026-09-05 14:00:00,Antoine Semenyo,Cross,home
692323,30,BlockedShot,0.855,0.31799999237060544,0.059708256274461746,Mathis Cherki,h,8094,FromCorner,2026,LeftFoot,31202,Manchester City,Coventry,1,0,2026-09-05 14:00:00,Iliman Ndiaye,TakeOn,home
692324,34,BlockedShot,0.8719999694824219,0.405,0.09601051360368729,Enzo Fernández,h,11356,OpenPlay,2026,RightFoot,31202,Manchester City,Coventry,1,0,2026-09-05 14:00:00,,Dispossessed,home
692325,34,BlockedShot,0.87,0.39299999237060546,0.07778331637382507,Enzo Fernández,h,11356,OpenPlay,2026,RightFoot,31202,Manchester City,Coventry,1,0,2026-09-05 14:00:00,,Rebound,home
692326,43,SavedShot,0.8919999694824219,0.590999984741211,0.4197343587875366,Erling Haaland,h,8260,OpenPlay,2026,LeftFoot,31202,Manchester City,Coventry,1,0,2026-09-05 14:00:00,Mathis Cherki,TakeOn,home
692327,47,MissedShots,0.894000015258789,0.6129999923706054,0.032653868198394775,Iliman Ndiaye,h,9307,OpenPlay,2026,Head,31202,Manchester City,Coventry,1,0,2026-09-05 14:00:00,Elliot Anderson,Cross,home
692328,51,MissedShots,0.725,0.3609999847412109,0.017513422295451164,Elliot Anderson,h,9154,OpenPlay,2026,LeftFoot,31202,Manchester City,Coventry,1,0,2026-09-05 14:00:00,Antoine Semenyo,Pass,home
692329,55,BlockedShot,0.835,0.5229999923706055,0.0788860097527504,Mathis Cherki,h,8094,OpenPlay,2026,LeftFoot,31202,Manchester City,Coventry,1,0,2026-09-05 14:00:00,,None,home
692334,72,MissedShots,0.9230000305175782,0.4540000152587891,0.12447862327098846,Erling Haaland,h,8260,OpenPlay,2026,LeftFoot,31202,Manchester City,Coventry,1,0,2026-09-05 14:00:00,Antoine Semenyo,Cross,home
692335,77,BlockedShot,0.950999984741211,0.46599998474121096,0.6280249953269958,Phil Foden,h,6055,OpenPlay,2026,LeftFoot,31202,Manchester City,Coventry,1,0,2026-09-05 14:00:00,Erling Haaland,Pass,home
692336,77,MissedShots,0.8569999694824219,0.3220000076293945,0.05629238486289978,Antoine Semenyo,h,11363,OpenPlay,2026,LeftFoot,31202,Manchester City,Coventry,1,0,2026-09-05 14:00:00,Phil Foden,Pass,home
692314,7,MissedShots,0.8109999847412109,0.5209999847412109,0.29445192217826843,Taiwo Awoniyi,a,7814,OpenPlay,2026,RightFoot,31202,Manchester City,Coventry,1,0,2026-09-05 14:00:00,,BallRecovery,away
692315,10,MissedShots,0.899000015258789,0.51,0.06748724728822708,Bobby Thomas,a,8483,FromCorner,2026,Head,31202,Manchester City,Coventry,1,0,2026-09-05 14:00:00,Jack Rudoni,Cross,away
692320,23,SavedShot,0.950999984741211,0.435,0.43853867053985596,Jack Rudoni,a,14747,OpenPlay,2026,Head,31202,Manchester City,Coventry,1,0,2026-09-05 14:00:00,Bobby Thomas,HeadPass,away
692321,23,BlockedShot,0.9769999694824218,0.5929999923706055,0.016588615253567696,Bobby Thomas,a,8483,FromCorner,2026,Head,31202,Manchester City,Coventry,1,0,2026-09-05 14:00:00,Jack Rudoni,Aerial,away
692330,63,MissedShots,0.8580000305175781,0.4520000076293945,0.024099910631775856,Bobby Thomas,a,8483,SetPiece,2026,Head,31202,Manchester City,Coventry,1,0,2026-09-05 14:00:00,Loum Tchaouna,Cross,away
692331,63,MissedShots,0.860999984741211,0.3970000076293945,0.0588291734457016,Ethan Pinnock,a,9678,SetPiece,2026,LeftFoot,31202,Manchester City,Coventry,1,0,2026-09-05 14:00:00,Bobby Thomas,Rebound,away
692332,69,SavedShot,0.8430000305175781,0.35200000762939454,0.0431971400976181,Loum Tchaouna,a,9977,OpenPlay,2026,RightFoot,31202,Manchester City,Coventry,1,0,2026-09-05 14:00:00,Bobby Thomas,BallTouch,away
692333,69,MissedShots,0.7669999694824219,0.44299999237060544,0.016392763704061508,Matt Grimes,a,1045,OpenPlay,2026,LeftFoot,31202,Manchester City,Coventry,1,0,2026-09-05 14:00:00,Loum Tchaouna,HeadPass,away
692337,79,SavedShot,0.9669999694824218,0.580999984741211,0.48840323090553284,Ellis Simms,a,8582,OpenPlay,2026,RightFoot,31202,Manchester City,Coventry,1,0,2026-09-05 14:00:00,,None,away
692338,81,MissedShots,0.9080000305175782,0.455,0.026868723332881927,Bobby Thomas,a,8483,FromCorner,2026,Head,31202,Manchester City,Coventry,1,0,2026-09-05 14:00:00,Jay Dasilva,Aerial,away
692339,88,BlockedShot,0.700999984741211,0.7090000152587891,0.010463000275194645,Loum Tchaouna,a,9977,OpenPlay,2026,LeftFoot,31202,Manchester City,Coventry,1,0,2026-09-05 14:00:00,Ellis Simms,BallTouch,away
692340,92,BlockedShot,0.720999984741211,0.46900001525878904,0.009154601953923702,Bobby Thomas,a,8483,SetPiece,2026,RightFoot,31202,Manchester City,Coventry,1,0,2026-09-05 14:00:00,,Aerial,away
692342,11,MissedShots,0.8809999847412109,0.48400001525878905,0.08704864233732224,Murillo,h,12123,FromCorner,2026,LeftFoot,31203,Nottingham Forest,Tottenham,0,0,2026-09-05 14:00:00,Neco Williams,HeadPass,home
692343,13,SavedShot,0.6780000305175782,0.45099998474121095,0.023296421393752098,James McAtee,h,10126,OpenPlay,2026,LeftFoot,31203,Nottingham Forest,Tottenham,0,0,2026-09-05 14:00:00,Liam Delap,Pass,home
692346,25,MissedShots,0.795,0.47200000762939454,0.041096437722444534,James McAtee,h,10126,OpenPlay,2026,LeftFoot,31203,Nottingham Forest,Tottenham,0,0,2026-09-05 14:00:00,,None,home
692347,25,MissedShots,0.870999984741211,0.495,0.08529287576675415,Morgan Gibbs-White,h,6857,OpenPlay,2026,RightFoot,31203,Nottingham Forest,Tottenham,0,0,2026-09-05 14:00:00,James McAtee,HeadPass,home
692348,30,MissedShots,0.8,0.3340000152587891,0.013235560618340969,Jair,h,13779,OpenPlay,2026,RightFoot,31203,Nottingham Forest,Tottenham,0,0,2026-09-05 14:00:00,,Aerial,home
692349,33,MissedShots,0.8930000305175781,0.5109999847412109,0.09359262883663177,Murillo,h,12123,FromCorner,2026,LeftFoot,31203,Nottingham Forest,Tottenham,0,0,2026-09-05 14:00:00,Liam Delap,HeadPass,home
692350,43,MissedShots,0.75,0.495,0.045754704624414444,Liam Delap,h,8868,OpenPlay,2026,RightFoot,31203,Nottingham Forest,Tottenham,0,0,2026-09-05 14:00:00,James McAtee,Pass,home
692357,64,BlockedShot,0.9080000305175782,0.37200000762939456,0.2896759510040283,Morgan Gibbs-White,h,6857,OpenPlay,2026,RightFoot,31203,Nottingham Forest,Tottenham,0,0,2026-09-05 14:00:00,James McAtee,Pass,home
692359,77,MissedShots,0.7440000152587891,0.535,0.01758650317788124,Xaver Schlager,h,7783,OpenPlay,2026,LeftFoot,31203,Nottingham Forest,Tottenham,0,0,2026-09-05 14:00:00,,None,home
692360,77,BlockedShot,0.815,0.3240000152587891,0.03165563941001892,Daniel Muñoz,h,12408,OpenPlay,2026,RightFoot,31203,Nottingham Forest,Tottenham,0,0,2026-09-05 14:00:00,James McAtee,Pass,home
692362,81,BlockedShot,0.8040000152587891,0.44400001525878907,0.043382689356803894,James McAtee,h,10126,OpenPlay,2026,RightFoot,31203,Nottingham Forest,Tottenham,0,0,2026-09-05 14:00:00,,None,home
692363,85,BlockedShot,0.875,0.3240000152587891,0.060073692351579666,Morgan Gibbs-White,h,6857,OpenPlay,2026,RightFoot,31203,Nottingham Forest,Tottenham,0,0,2026-09-05 14:00:00,James McAtee,Pass,home
692341,9,MissedShots,0.94,0.3940000152587891,0.04252539575099945,Jan Paul van Hecke,a,10807,FromCorner,2026,Head,31203,Nottingham Forest,Tottenham,0,0,2026-09-05 14:00:00,Pedro Porro,Cross,away
692344,16,MissedShots,0.8340000152587891,0.39799999237060546,0.33920541405677795,Omar Marmoush,a,8393,OpenPlay,2026,RightFoot,31203,Nottingham Forest,Tottenham,0,0,2026-09-05 14:00:00,Pedro Porro,Chipped,away
692345,22,MissedShots,0.94,0.5940000152587891,0.03458724915981293,Rodrigo Bentancur,a,6108,SetPiece,2026,Head,31203,Nottingham Forest,Tottenham,0,0,2026-09-05 14:00:00,Pedro Porro,Aerial,away
692351,45,BlockedShot,0.749000015258789,0.33799999237060546,0.01364633534103632,Pedro Porro,a,6912,OpenPlay,2026,RightFoot,31203,Nottingham Forest,Tottenham,0,0,2026-09-05 14:00:00,,None,away
692352,46,BlockedShot,0.889000015258789,0.285,0.039072874933481216,Sávio,a,11735,OpenPlay,2026,LeftFoot,31203,Nottingham Forest,Tottenham,0,0,2026-09-05 14:00:00,,TakeOn,away
692353,53,BlockedShot,0.789000015258789,0.5770000076293945,0.09798849374055862,Omar Marmoush,a,8393,DirectFreekick,2026,RightFoot,31203,Nottingham Forest,Tottenham,0,0,2026-09-05 14:00:00,,Standard,away
692354,53,BlockedShot,0.919000015258789,0.6880000305175781,0.060057133436203,Micky van de Ven,a,10050,OpenPlay,2026,RightFoot,31203,Nottingham Forest,Tottenham,0,0,2026-09-05 14:00:00,,Dispossessed,away
692355,54,MissedShots,0.9769999694824218,0.4909999847412109,0.6256811022758484,Micky van de Ven,a,10050,FromCorner,2026,Head,31203,Nottingham Forest,Tottenham,0,0,2026-09-05 14:00:00,Sávio,Aerial,away
692356,58,MissedShots,0.9769999694824218,0.3940000152587891,0.04769458249211311,Jan Paul van Hecke,a,10807,FromCorner,2026,RightFoot,31203,Nottingham Forest,Tottenham,0,0,2026-09-05 14:00:00,Mathys Tel,Cross,away
692358,70,MissedShots,0.84,0.705,0.04612572118639946,Omar Marmoush,a,8393,OpenPlay,2026,RightFoot,31203,Nottingham Forest,Tottenham,0,0,2026-09-05 14:00:00,Antonín Kinsky,Pass,away
692361,80,MissedShots,0.529000015258789,0.06800000190734863,0.006179525051265955,Pedro Porro,a,6912,OpenPlay,2026,RightFoot,31203,Nottingham Forest,Tottenham,0,0,2026-09-05 14:00:00,Jan Paul van Hecke,Pass,away
692364,87,MissedShots,0.9209999847412109,0.4979999923706055,0.1316954344511032,Dominic Solanke,a,1679,OpenPlay,2026,Head,31203,Nottingham Forest,Tottenham,0,0,2026-09-05 14:00:00,Mohammed Kudus,Cross,away
692365,3,MissedShots,0.840999984741211,0.3220000076293945,0.038913793861866,Timothy Castagne,h,6157,OpenPlay,2026,RightFoot,31204,Fulham,Crystal Palace,2,3,2026-09-05 14:00:00,Joachim Andersen,Pass,home
692366,10,Goal,0.860999984741211,0.5429999923706055,0.118539959192276,Joshua King,h,12410,OpenPlay,2026,LeftFoot,31204,Fulham,Crystal Palace,2,3,2026-09-05 14:00:00,,None,home
692371,22,BlockedShot,0.855,0.6930000305175781,0.05310247465968132,Alex Iwobi,h,500,OpenPlay,2026,RightFoot,31204,Fulham,Crystal Palace,2,3,2026-09-05 14:00:00,Antonee Robinson,Pass,home
692372,23,BlockedShot,0.9030000305175782,0.3970000076293945,0.10064595192670822,Oscar Bobb,h,11903,OpenPlay,2026,RightFoot,31204,Fulham,Crystal Palace,2,3,2026-09-05 14:00:00,Joshua King,TakeOn,home
692373,23,BlockedShot,0.7930000305175782,0.6909999847412109,0.03105059079825878,Antonee Robinson,h,8940,OpenPlay,2026,RightFoot,31204,Fulham,Crystal Palace,2,3,2026-09-05 14:00:00,Shea Charles,Pass,home
692374,26,BlockedShot,0.8640000152587891,0.5429999923706055,0.09915708750486374,César Palacios,h,14352,OpenPlay,2026,RightFoot,31204,Fulham,Crystal Palace,2,3,2026-09-05 14:00:00,Gonzalo García,Pass,home
692375,27,MissedShots,0.9690000152587891,0.3970000076293945,0.05650703236460686,Timothy Castagne,h,6157,FromCorner,2026,RightFoot,31204,Fulham,Crystal Palace,2,3,2026-09-05 14:00:00,Oscar Bobb,Cross,home
692376,30,BlockedShot,0.755,0.6959999847412109,0.020182637497782707,Gonzalo García,h,12035,OpenPlay,2026,RightFoot,31204,Fulham,Crystal Palace,2,3,2026-09-05 14:00:00,Antonee Robinson,TakeOn,home
692377,32,SavedShot,0.9290000152587891,0.445,0.48736026883125305,Timothy Castagne,h,6157,OpenPlay,2026,LeftFoot,31204,Fulham,Crystal Palace,2,3,2026-09-05 14:00:00,Oscar Bobb,Pass,home
692379,37,MissedShots,0.9080000305175782,0.5570000076293945,0.04436244070529938,Gonzalo García,h,12035,OpenPlay,2026,Head,31204,Fulham,Crystal Palace,2,3,2026-09-05 14:00:00,Timothy Castagne,Chipped,home
692380,37,MissedShots,0.8280000305175781,0.6480000305175782,0.045775156468153,Antonee Robinson,h,8940,OpenPlay,2026,RightFoot,31204,Fulham,Crystal Palace,2,3,2026-09-05 14:00:00,Shea Charles,Pass,home
692381,41,Goal,0.925,0.48200000762939454,0.5427436232566833,César Palacios,h,14352,OpenPlay,2026,RightFoot,31204,Fulham,Crystal Palace,2,3,2026-09-05 14:00:00,,None,home
692382,44,MissedShots,0.8619999694824219,0.7519999694824219,0.027356285601854324,Gonzalo García,h,12035,OpenPlay,2026,RightFoot,31204,Fulham,Crystal Palace,2,3,2026-09-05 14:00:00,César Palacios,Pass,home
692383,48,BlockedShot,0.9480000305175781,0.4859999847412109,0.07854824513196945,Gonzalo García,h,12035,FromCorner,2026,Head,31204,Fulham,Crystal Palace,2,3,2026-09-05 14:00:00,Oscar Bobb,Aerial,home
692384,48,MissedShots,0.9390000152587891,0.5409999847412109,0.14080926775932312,César Palacios,h,14352,FromCorner,2026,LeftFoot,31204,Fulham,Crystal Palace,2,3,2026-09-05 14:00:00,,Rebound,home
692385,48,BlockedShot,0.894000015258789,0.38299999237060545,0.102229043841362,Joshua King,h,12410,OpenPlay,2026,RightFoot,31204,Fulham,Crystal Palace,2,3,2026-09-05 14:00:00,Shea Charles,Pass,home
692389,55,SavedShot,0.8819999694824219,0.62,0.0677405372262001,César Palacios,h,14352,OpenPlay,2026,RightFoot,31204,Fulham,Crystal Palace,2,3,2026-09-05 14:00:00,,None,home
692390,59,SavedShot,0.8969999694824219,0.36400001525878906,0.15880118310451508,Oscar Bobb,h,11903,OpenPlay,2026,LeftFoot,31204,Fulham,Crystal Palace,2,3,2026-09-05 14:00:00,Timothy Castagne,TakeOn,home
692391,60,MissedShots,0.8569999694824219,0.629000015258789,0.057653412222862244,César Palacios,h,14352,SetPiece,2026,RightFoot,31204,Fulham,Crystal Palace,2,3,2026-09-05 14:00:00,Joachim Andersen,Pass,home
692392,66,BlockedShot,0.8980000305175782,0.4640000152587891,0.13075856864452362,Gonzalo García,h,12035,OpenPlay,2026,RightFoot,31204,Fulham,Crystal Palace,2,3,2026-09-05 14:00:00,Oscar Bobb,Pass,home
692393,70,MissedShots,0.905,0.49,0.1347067505121231,Oscar Bobb,h,11903,OpenPlay,2026,LeftFoot,31204,Fulham,Crystal Palace,2,3,2026-09-05 14:00:00,Alex Iwobi,Pass,home
692396,85,SavedShot,0.8830000305175781,0.56,0.0892665684223175,Rodrigo Muniz,h,10717,OpenPlay,2026,LeftFoot,31204,Fulham,Crystal Palace,2,3,2026-09-05 14:00:00,Ryan Sessegnon,Pass,home
692397,85,MissedShots,0.8919999694824219,0.39099998474121095,0.06855463236570358,Ryan Sessegnon,h,6837,OpenPlay,2026,RightFoot,31204,Fulham,Crystal Palace,2,3,2026-09-05 14:00:00,,Rebound,home
692398,87,MissedShots,0.9230000305175782,0.45,0.11368046700954437,Rodrigo Muniz,h,10717,OpenPlay,2026,RightFoot,31204,Fulham,Crystal Palace,2,3,2026-09-05 14:00:00,Joshua King,Chipped,home
692399,92,BlockedShot,0.9119999694824219,0.5259999847412109,0.09147104620933533,Hugo Larsson,h,11911,OpenPlay,2026,RightFoot,31204,Fulham,Crystal Palace,2,3,2026-09-05 14:00:00,Rodrigo Muniz,BallTouch,home
692367,17,SavedShot,0.8190000152587891,0.500999984741211,0.03350216895341873,Chris Richards,a,8430,FromCorner,2026,RightFoot,31204,Fulham,Crystal Palace,2,3,2026-09-05 14:00:00,Axel Disasi,Pass,away
692368,19,MissedShots,0.8119999694824219,0.24899999618530275,0.011088667437434196,Anan Khalaili,a,14770,OpenPlay,2026,LeftFoot,31204,Fulham,Crystal Palace,2,3,2026-09-05 14:00:00,Yeremi Pino,Chipped,away
692369,21,MissedShots,0.715,0.529000015258789,0.015494262799620628,Quinten Timber,a,14376,OpenPlay,2026,RightFoot,31204,Fulham,Crystal Palace,2,3,2026-09-05 14:00:00,Tyrick Mitchell,Pass,away
692370,22,SavedShot,0.8869999694824219,0.5720000076293945,0.5262172818183899,Eddie Nketiah,a,6482,OpenPlay,2026,LeftFoot,31204,Fulham,Crystal Palace,2,3,2026-09-05 14:00:00,Yeremi Pino,Pass,away
692378,34,Goal,0.950999984741211,0.68,0.39632150530815125,Tyrick Mitchell,a,8214,OpenPlay,2026,LeftFoot,31204,Fulham,Crystal Palace,2,3,2026-09-05 14:00:00,Eddie Nketiah,Pass,away
692386,53,BlockedShot,0.8619999694824219,0.6630000305175782,0.03852737694978714,Tyrick Mitchell,a,8214,OpenPlay,2026,LeftFoot,31204,Fulham,Crystal Palace,2,3,2026-09-05 14:00:00,Daichi Kamada,Chipped,away
692387,53,MissedShots,0.899000015258789,0.5279999923706055,0.41464269161224365,Yeremi Pino,a,9024,OpenPlay,2026,RightFoot,31204,Fulham,Crystal Palace,2,3,2026-09-05 14:00:00,,Rebound,away
692388,53,Goal,0.8909999847412109,0.5829999923706055,0.3540160059928894,Tyrick Mitchell,a,8214,OpenPlay,2026,LeftFoot,31204,Fulham,Crystal Palace,2,3,2026-09-05 14:00:00,,Rebound,away
692394,76,BlockedShot,0.8730000305175781,0.4590000152587891,0.35263291001319885,Anan Khalaili,a,14770,OpenPlay,2026,LeftFoot,31204,Fulham,Crystal Palace,2,3,2026-09-05 14:00:00,Yeremi Pino,Throughball,away
692395,76,Goal,0.8980000305175782,0.5729999923706055,0.38811591267585754,Ben Chilwell,a,782,OpenPlay,2026,LeftFoot,31204,Fulham,Crystal Palace,2,3,2026-09-05 14:00:00,Daichi Kamada,None,away
692401,3,BlockedShot,0.749000015258789,0.3970000076293945,0.016838202252984047,Michael Kayode,h,11281,OpenPlay,2026,RightFoot,31205,Brentford,Sunderland,1,1,2026-09-05 14:00:00,,None,home
692402,4,BlockedShot,0.9180000305175782,0.5,0.35938096046447754,Keane Lewis-Potter,h,10809,FromCorner,2026,LeftFoot,31205,Brentford,Sunderland,1,1,2026-09-05 14:00:00,Mikkel Damsgaard,Cross,home
692406,48,MissedShots,0.9619999694824218,0.4109999847412109,0.10565363615751266,Mamadou Sangaré,h,13917,OpenPlay,2026,Head,31205,Brentford,Sunderland,1,1,2026-09-05 14:00:00,Keane Lewis-Potter,Cross,home
692407,48,MissedShots,0.740999984741211,0.5209999847412109,0.015993544831871986,Keane Lewis-Potter,h,10809,FromCorner,2026,RightFoot,31205,Brentford,Sunderland,1,1,2026-09-05 14:00:00,,None,home
692409,52,MissedShots,0.7230000305175781,0.5020000076293946,0.01653197966516018,Mamadou Sangaré,h,13917,OpenPlay,2026,LeftFoot,31205,Brentford,Sunderland,1,1,2026-09-05 14:00:00,Dango Ouattara,Pass,home
692410,50,SavedShot,0.95,0.435,0.36058419942855835,Thiago,h,13222,OpenPlay,2026,Head,31205,Brentford,Sunderland,1,1,2026-09-05 14:00:00,Keane Lewis-Potter,Cross,home
692411,50,MissedShots,0.794000015258789,0.35900001525878905,0.029249614104628563,Jaidon Anthony,h,10746,OpenPlay,2026,RightFoot,31205,Brentford,Sunderland,1,1,2026-09-05 14:00:00,Mikkel Damsgaard,Pass,home
692413,56,Goal,0.8540000152587891,0.53,0.3616722524166107,Vitaly Janelt,h,9680,OpenPlay,2026,LeftFoot,31205,Brentford,Sunderland,1,1,2026-09-05 14:00:00,,None,home
692416,67,MissedShots,0.8780000305175781,0.565,0.054815806448459625,Keane Lewis-Potter,h,10809,OpenPlay,2026,RightFoot,31205,Brentford,Sunderland,1,1,2026-09-05 14:00:00,,Aerial,home
692421,84,BlockedShot,0.7440000152587891,0.624000015258789,0.016111930832266808,Yehor Yarmolyuk,h,11772,SetPiece,2026,RightFoot,31205,Brentford,Sunderland,1,1,2026-09-05 14:00:00,Kevin Schade,Pass,home
692422,89,BlockedShot,0.9530000305175781,0.514000015258789,0.14044834673404694,Thiago,h,13222,OpenPlay,2026,Head,31205,Brentford,Sunderland,1,1,2026-09-05 14:00:00,,Aerial,home
692423,90,MissedShots,0.925,0.4829999923706055,0.10856363922357559,Jannik Schuster,h,14788,FromCorner,2026,Head,31205,Brentford,Sunderland,1,1,2026-09-05 14:00:00,Keane Lewis-Potter,Cross,home
692400,2,BlockedShot,0.874000015258789,0.5359999847412109,0.11617705971002579,Noah Sadiki,a,13716,OpenPlay,2026,RightFoot,31205,Brentford,Sunderland,1,1,2026-09-05 14:00:00,Brian Brobbey,LayOff,away
692403,19,ShotOnPost,0.860999984741211,0.35,0.05919481813907623,Enzo Le Fée,a,8651,OpenPlay,2026,RightFoot,31205,Brentford,Sunderland,1,1,2026-09-05 14:00:00,Brian Brobbey,BallTouch,away
692404,22,BlockedShot,0.875,0.4540000152587891,0.3508208990097046,Thomas Meunier,a,5680,OpenPlay,2026,RightFoot,31205,Brentford,Sunderland,1,1,2026-09-05 14:00:00,Noah Sadiki,Pass,away
692405,24,BlockedShot,0.84,0.4829999923706055,0.06432609260082245,Noah Sadiki,a,13716,OpenPlay,2026,RightFoot,31205,Brentford,Sunderland,1,1,2026-09-05 14:00:00,,None,away
692408,50,BlockedShot,0.950999984741211,0.38099998474121094,0.013728939928114414,Brian Brobbey,a,9789,FromCorner,2026,Head,31205,Brentford,Sunderland,1,1,2026-09-05 14:00:00,Granit Xhaka,Aerial,away
692412,55,BlockedShot,0.9309999847412109,0.509000015258789,0.12157240509986877,Brian Brobbey,a,9789,OpenPlay,2026,RightFoot,31205,Brentford,Sunderland,1,1,2026-09-05 14:00:00,Dan Ballard,HeadPass,away
692414,61,SavedShot,0.9569999694824218,0.3990000152587891,0.3745043873786926,Noah Sadiki,a,13716,OpenPlay,2026,RightFoot,31205,Brentford,Sunderland,1,1,2026-09-05 14:00:00,Brian Brobbey,Pass,away
692415,62,MissedShots,0.7759999847412109,0.3390000152587891,0.0633862242102623,Granit Xhaka,a,204,DirectFreekick,2026,LeftFoot,31205,Brentford,Sunderland,1,1,2026-09-05 14:00:00,,Standard,away
692417,74,MissedShots,0.8109999847412109,0.285,0.022342488169670105,Wilson Isidor,a,7148,OpenPlay,2026,RightFoot,31205,Brentford,Sunderland,1,1,2026-09-05 14:00:00,,None,away
692418,78,SavedShot,0.7619999694824219,0.43599998474121093,0.07131810486316681,Wilson Isidor,a,7148,DirectFreekick,2026,RightFoot,31205,Brentford,Sunderland,1,1,2026-09-05 14:00:00,,Standard,away
692419,81,Goal,0.885,0.5,0.7611688375473022,Enzo Le Fée,a,8651,Penalty,2026,RightFoot,31205,Brentford,Sunderland,1,1,2026-09-05 14:00:00,,Standard,away
692420,83,MissedShots,0.9359999847412109,0.425,0.04983985424041748,Dan Ballard,a,13715,OpenPlay,2026,Head,31205,Brentford,Sunderland,1,1,2026-09-05 14:00:00,Kevin Danso,Aerial,away
692424,91,MissedShots,0.7719999694824219,0.33299999237060546,0.011613457463681698,Enzo Le Fée,a,8651,OpenPlay,2026,RightFoot,31205,Brentford,Sunderland,1,1,2026-09-05 14:00:00,,Aerial,away
692425,92,MissedShots,0.92,0.34799999237060547,0.07490068674087524,Brian Brobbey,a,9789,OpenPlay,2026,RightFoot,31205,Brentford,Sunderland,1,1,2026-09-05 14:00:00,Granit Xhaka,HeadPass,away
692290,26,MissedShots,0.7469999694824219,0.720999984741211,0.015594379976391792,Pascal Groß,h,239,SetPiece,2026,RightFoot,31206,Brighton,Leeds,1,1,2026-09-05 14:00:00,Olivier Boscagli,Pass,home
692291,28,SavedShot,0.9390000152587891,0.3039999961853027,0.04403092339634895,Diego Gómez,h,13364,OpenPlay,2026,RightFoot,31206,Brighton,Leeds,1,1,2026-09-05 14:00:00,Olivier Boscagli,Chipped,home
692292,45,BlockedShot,0.7330000305175781,0.47,0.01744232326745987,Ferdi Kadioglu,h,13066,SetPiece,2026,RightFoot,31206,Brighton,Leeds,1,1,2026-09-05 14:00:00,Yasin Ayari,Pass,home
692294,53,BlockedShot,0.7480000305175781,0.62,0.020571865141391754,Charalampos Kostoulas,h,14118,OpenPlay,2026,RightFoot,31206,Brighton,Leeds,1,1,2026-09-05 14:00:00,Malick Yalcouyé,Pass,home
692295,54,MissedShots,0.8080000305175781,0.48700000762939455,0.043403174728155136,Pascal Groß,h,239,OpenPlay,2026,RightFoot,31206,Brighton,Leeds,1,1,2026-09-05 14:00:00,Diego Gómez,BallTouch,home
692296,56,BlockedShot,0.8490000152587891,0.509000015258789,0.08079766482114792,Charalampos Kostoulas,h,14118,OpenPlay,2026,RightFoot,31206,Brighton,Leeds,1,1,2026-09-05 14:00:00,Pascal Groß,Pass,home
692298,62,BlockedShot,0.7869999694824219,0.2589999961853027,0.01962079480290413,Diego Gómez,h,13364,OpenPlay,2026,RightFoot,31206,Brighton,Leeds,1,1,2026-09-05 14:00:00,Ferdi Kadioglu,Pass,home
692299,64,MissedShots,0.8209999847412109,0.3559999847412109,0.030813731253147125,Pascal Groß,h,239,SetPiece,2026,RightFoot,31206,Brighton,Leeds,1,1,2026-09-05 14:00:00,,None,home
692300,64,SavedShot,0.845,0.45799999237060546,0.06162312999367714,Ferdi Kadioglu,h,13066,SetPiece,2026,RightFoot,31206,Brighton,Leeds,1,1,2026-09-05 14:00:00,,Rebound,home
692301,67,SavedShot,0.8569999694824219,0.46299999237060546,0.10440783947706223,Charalampos Kostoulas,h,14118,OpenPlay,2026,RightFoot,31206,Brighton,Leeds,1,1,2026-09-05 14:00:00,,TakeOn,home
692302,68,MissedShots,0.835999984741211,0.6759999847412109,0.03350228816270828,Malick Yalcouyé,h,14856,OpenPlay,2026,RightFoot,31206,Brighton,Leeds,1,1,2026-09-05 14:00:00,Olivier Boscagli,TakeOn,home
692303,69,MissedShots,0.745,0.49700000762939456,0.020030276849865913,Diego Gómez,h,13364,OpenPlay,2026,RightFoot,31206,Brighton,Leeds,1,1,2026-09-05 14:00:00,,None,home
692304,70,Goal,0.975999984741211,0.5690000152587891,0.3656381666660309,Luka Vuskovic,h,13725,FromCorner,2026,Head,31206,Brighton,Leeds,1,1,2026-09-05 14:00:00,Maxim De Cuyper,Cross,home
692306,81,SavedShot,0.894000015258789,0.634000015258789,0.09143225848674774,Yasin Ayari,h,11385,OpenPlay,2026,RightFoot,31206,Brighton,Leeds,1,1,2026-09-05 14:00:00,Malick Yalcouyé,Pass,home
692307,82,BlockedShot,0.794000015258789,0.6609999847412109,0.018131880089640617,Diego Gómez,h,13364,OpenPlay,2026,RightFoot,31206,Brighton,Leeds,1,1,2026-09-05 14:00:00,Olivier Boscagli,HeadPass,home
692308,82,MissedShots,0.7830000305175782,0.5629999923706055,0.03571784123778343,Yasin Ayari,h,11385,OpenPlay,2026,RightFoot,31206,Brighton,Leeds,1,1,2026-09-05 14:00:00,Diego Gómez,BallTouch,home
692309,84,MissedShots,0.9390000152587891,0.47,0.520228385925293,Promise David,h,14857,SetPiece,2026,RightFoot,31206,Brighton,Leeds,1,1,2026-09-05 14:00:00,Olivier Boscagli,Cross,home
692310,86,BlockedShot,0.8440000152587891,0.37,0.020198745653033257,Luka Vuskovic,h,13725,OpenPlay,2026,RightFoot,31206,Brighton,Leeds,1,1,2026-09-05 14:00:00,,Aerial,home
692311,88,BlockedShot,0.925,0.5059999847412109,0.06985709071159363,Pascal Groß,h,239,OpenPlay,2026,Head,31206,Brighton,Leeds,1,1,2026-09-05 14:00:00,Costinha,Aerial,home
692312,88,MissedShots,0.950999984741211,0.504000015258789,0.6548594832420349,Pascal Groß,h,239,OpenPlay,2026,RightFoot,31206,Brighton,Leeds,1,1,2026-09-05 14:00:00,,Rebound,home
692284,14,SavedShot,0.9269999694824219,0.54,0.28202304244041443,Dominic Calvert-Lewin,a,5555,FromCorner,2026,Head,31206,Brighton,Leeds,1,1,2026-09-05 14:00:00,Nico Elvedi,Chipped,away
692285,14,MissedShots,0.9740000152587891,0.5679999923706055,0.5451717376708984,Ao Tanaka,a,13834,FromCorner,2026,LeftFoot,31206,Brighton,Leeds,1,1,2026-09-05 14:00:00,,Rebound,away
692286,14,Goal,0.9919999694824219,0.46599998474121096,0.9668696522712708,Jayden Bogle,a,9205,FromCorner,2026,RightFoot,31206,Brighton,Leeds,1,1,2026-09-05 14:00:00,Ao Tanaka,Rebound,away
692287,21,MissedShots,0.9159999847412109,0.4259999847412109,0.019414307549595833,James Justin,a,7753,FromCorner,2026,Head,31206,Brighton,Leeds,1,1,2026-09-05 14:00:00,Anton Stach,Aerial,away
692288,22,BlockedShot,0.8859999847412109,0.4490000152587891,0.41688311100006104,Dominic Calvert-Lewin,a,5555,OpenPlay,2026,RightFoot,31206,Brighton,Leeds,1,1,2026-09-05 14:00:00,,BallRecovery,away
692289,23,ShotOnPost,0.899000015258789,0.6279999923706054,0.06310867518186569,Ao Tanaka,a,13834,FromCorner,2026,RightFoot,31206,Brighton,Leeds,1,1,2026-09-05 14:00:00,,None,away
692293,47,SavedShot,0.935,0.41400001525878904,0.4997932016849518,Anton Stach,a,9910,OpenPlay,2026,RightFoot,31206,Brighton,Leeds,1,1,2026-09-05 14:00:00,Nico Elvedi,Pass,away
692297,62,SavedShot,0.8809999847412109,0.3559999847412109,0.08348869532346725,James Justin,a,7753,OpenPlay,2026,RightFoot,31206,Brighton,Leeds,1,1,2026-09-05 14:00:00,Dominic Calvert-Lewin,BallTouch,away
692305,75,BlockedShot,0.86,0.5129999923706055,0.085502028465271,Lukas Nmecha,a,6544,OpenPlay,2026,LeftFoot,31206,Brighton,Leeds,1,1,2026-09-05 14:00:00,Harry Wilson,BallTouch,away
692313,89,MissedShots,0.909000015258789,0.644000015258789,0.07670240849256516,Lukas Nmecha,a,6544,OpenPlay,2026,RightFoot,31206,Brighton,Leeds,1,1,2026-09-05 14:00:00,Harry Wilson,BallTouch,away
692566,6,SavedShot,0.48400001525878905,0.72,0.009775113314390182,Nobel Mendy,h,12286,OpenPlay,2026,LeftFoot,31207,Hull,Aston Villa,0,0,2026-09-05 16:30:00,,BallRecovery,home
692570,18,MissedShots,0.7280000305175781,0.6819999694824219,0.013677999377250671,Nobel Mendy,h,12286,OpenPlay,2026,LeftFoot,31207,Hull,Aston Villa,0,0,2026-09-05 16:30:00,Mohamed Belloumi,Pass,home
692573,33,MissedShots,0.7290000152587891,0.5129999923706055,0.010800786316394806,Regan Slater,h,14762,OpenPlay,2026,RightFoot,31207,Hull,Aston Villa,0,0,2026-09-05 16:30:00,,Aerial,home
692574,36,SavedShot,0.755,0.3840000152587891,0.020734405145049095,Mohamed Belloumi,h,14760,OpenPlay,2026,LeftFoot,31207,Hull,Aston Villa,0,0,2026-09-05 16:30:00,Lucas Gourna Douath,Pass,home
692575,37,SavedShot,0.7440000152587891,0.46,0.019741857424378395,Regan Slater,h,14762,OpenPlay,2026,RightFoot,31207,Hull,Aston Villa,0,0,2026-09-05 16:30:00,Ryan John Giles,Pass,home
692578,48,MissedShots,0.7340000152587891,0.47700000762939454,0.03242126479744911,Oliver McBurnie,h,1736,OpenPlay,2026,RightFoot,31207,Hull,Aston Villa,0,0,2026-09-05 16:30:00,Elliot Stroud,Pass,home
692580,50,MissedShots,0.9369999694824219,0.735,0.040276043117046356,Elliot Stroud,h,14763,OpenPlay,2026,LeftFoot,31207,Hull,Aston Villa,0,0,2026-09-05 16:30:00,Lucas Gourna Douath,Pass,home
692582,64,ShotOnPost,0.8809999847412109,0.11300000190734863,0.02221306599676609,Mohamed Belloumi,h,14760,FromCorner,2026,LeftFoot,31207,Hull,Aston Villa,0,0,2026-09-05 16:30:00,Regan Slater,Pass,home
692583,71,MissedShots,0.9230000305175782,0.5820000076293945,0.041203856468200684,Oliver McBurnie,h,1736,OpenPlay,2026,Head,31207,Hull,Aston Villa,0,0,2026-09-05 16:30:00,Sorba Thomas,Aerial,home
692587,88,SavedShot,0.865999984741211,0.6140000152587891,0.31817731261253357,Mohamed Ali-Cho,h,8685,OpenPlay,2026,LeftFoot,31207,Hull,Aston Villa,0,0,2026-09-05 16:30:00,Oliver McBurnie,Pass,home
692588,89,MissedShots,0.8719999694824219,0.4620000076293945,0.28336313366889954,Oliver McBurnie,h,1736,OpenPlay,2026,RightFoot,31207,Hull,Aston Villa,0,0,2026-09-05 16:30:00,Ryan John Giles,Cross,home
692565,1,MissedShots,0.955,0.4620000076293945,0.11319664120674133,Nicolas Jackson,a,10048,OpenPlay,2026,Head,31207,Hull,Aston Villa,0,0,2026-09-05 16:30:00,Ian Maatsen,Aerial,away
692567,12,SavedShot,0.8959999847412109,0.6519999694824219,0.26126977801322937,George Hemmings,a,14193,OpenPlay,2026,LeftFoot,31207,Hull,Aston Villa,0,0,2026-09-05 16:30:00,Ross Barkley,Pass,away
692568,12,BlockedShot,0.8590000152587891,0.634000015258789,0.04920017346739769,Ross Barkley,a,592,OpenPlay,2026,LeftFoot,31207,Hull,Aston Villa,0,0,2026-09-05 16:30:00,,Rebound,away
692569,13,BlockedShot,0.9009999847412109,0.285,0.04395372048020363,Nicolas Jackson,a,10048,FromCorner,2026,RightFoot,31207,Hull,Aston Villa,0,0,2026-09-05 16:30:00,Matthew Cash,Pass,away
692571,24,MissedShots,0.8530000305175781,0.495,0.0725351870059967,Ross Barkley,a,592,OpenPlay,2026,RightFoot,31207,Hull,Aston Villa,0,0,2026-09-05 16:30:00,,None,away
692572,26,MissedShots,0.705,0.5940000152587891,0.01563887670636177,Tyrone Mings,a,1024,OpenPlay,2026,LeftFoot,31207,Hull,Aston Villa,0,0,2026-09-05 16:30:00,Victor Lindelöf,Pass,away
692576,39,MissedShots,0.759000015258789,0.6519999694824219,0.05521940439939499,Emiliano Buendía,a,2203,DirectFreekick,2026,RightFoot,31207,Hull,Aston Villa,0,0,2026-09-05 16:30:00,,Standard,away
692577,46,BlockedShot,0.7180000305175781,0.48700000762939455,0.015465865842998028,Ross Barkley,a,592,OpenPlay,2026,RightFoot,31207,Hull,Aston Villa,0,0,2026-09-05 16:30:00,Boubacar Kamara,Pass,away
692579,49,MissedShots,0.9059999847412109,0.48400001525878905,0.4635249972343445,John McGinn,a,7723,OpenPlay,2026,LeftFoot,31207,Hull,Aston Villa,0,0,2026-09-05 16:30:00,Nicolas Jackson,Pass,away
692581,52,MissedShots,0.914000015258789,0.58,0.3991411626338959,Emiliano Buendía,a,2203,OpenPlay,2026,RightFoot,31207,Hull,Aston Villa,0,0,2026-09-05 16:30:00,George Hemmings,Pass,away
692584,75,BlockedShot,0.904000015258789,0.45599998474121095,0.05749496445059776,Tyrone Mings,a,1024,SetPiece,2026,Head,31207,Hull,Aston Villa,0,0,2026-09-05 16:30:00,Victor Lindelöf,HeadPass,away
692585,80,MissedShots,0.895,0.5370000076293945,0.02122725360095501,Ross Barkley,a,592,FromCorner,2026,Head,31207,Hull,Aston Villa,0,0,2026-09-05 16:30:00,,Aerial,away
692586,80,BlockedShot,0.8780000305175781,0.46,0.08024829626083374,Tyrone Mings,a,1024,FromCorner,2026,LeftFoot,31207,Hull,Aston Villa,0,0,2026-09-05 16:30:00,Ross Barkley,None,away
692852,8,BlockedShot,0.7269999694824218,0.5259999847412109,0.016454078257083893,Kiernan Dewsbury-Hall,h,9739,SetPiece,2026,LeftFoot,31208,Everton,Manchester United,2,2,2026-09-06 13:00:00,Thierno Barry,LayOff,home
692858,39,MissedShots,0.850999984741211,0.475,0.009048850275576115,Thierno Barry,h,12916,SetPiece,2026,Head,31208,Everton,Manchester United,2,2,2026-09-06 13:00:00,James Garner,Aerial,home
692859,41,BlockedShot,0.86,0.23700000762939452,0.026939529925584793,Thierno Barry,h,12916,OpenPlay,2026,RightFoot,31208,Everton,Manchester United,2,2,2026-09-06 13:00:00,Brennan Johnson,Pass,home
692860,42,MissedShots,0.924000015258789,0.5320000076293945,0.33993595838546753,Thierno Barry,h,12916,OpenPlay,2026,Head,31208,Everton,Manchester United,2,2,2026-09-06 13:00:00,Merlin Röhl,Cross,home
692861,46,SavedShot,0.9059999847412109,0.6930000305175781,0.05048229917883873,Jarrad Branthwaite,h,8476,OpenPlay,2026,LeftFoot,31208,Everton,Manchester United,2,2,2026-09-06 13:00:00,,None,home
692864,53,BlockedShot,0.8909999847412109,0.3060000038146973,0.04007568955421448,Harrison Armstrong,h,12757,OpenPlay,2026,RightFoot,31208,Everton,Manchester United,2,2,2026-09-06 13:00:00,Brennan Johnson,Pass,home
692865,56,BlockedShot,0.8630000305175781,0.39599998474121095,0.07095467299222946,Brennan Johnson,h,10760,OpenPlay,2026,RightFoot,31208,Everton,Manchester United,2,2,2026-09-06 13:00:00,Kiernan Dewsbury-Hall,Pass,home
692866,58,BlockedShot,0.87,0.43900001525878907,0.11282864212989807,Thierno Barry,h,12916,OpenPlay,2026,RightFoot,31208,Everton,Manchester United,2,2,2026-09-06 13:00:00,Tyrique George,TakeOn,home
692867,58,SavedShot,0.8590000152587891,0.6029999923706054,0.057204701006412506,Kiernan Dewsbury-Hall,h,9739,OpenPlay,2026,RightFoot,31208,Everton,Manchester United,2,2,2026-09-06 13:00:00,Tyrique George,BallTouch,home
692871,66,SavedShot,0.8180000305175781,0.47099998474121096,0.042093224823474884,Kiernan Dewsbury-Hall,h,9739,FromCorner,2026,LeftFoot,31208,Everton,Manchester United,2,2,2026-09-06 13:00:00,Jack Grealish,Pass,home
692872,69,MissedShots,0.9030000305175782,0.605,0.011135353706777096,James Tarkowski,h,1665,SetPiece,2026,Head,31208,Everton,Manchester United,2,2,2026-09-06 13:00:00,James Garner,Aerial,home
692873,72,BlockedShot,0.830999984741211,0.5459999847412109,0.05152496322989464,Kiernan Dewsbury-Hall,h,9739,OpenPlay,2026,RightFoot,31208,Everton,Manchester United,2,2,2026-09-06 13:00:00,,None,home
692874,72,MissedShots,0.8380000305175781,0.4470000076293945,0.05384182184934616,Harrison Armstrong,h,12757,OpenPlay,2026,LeftFoot,31208,Everton,Manchester United,2,2,2026-09-06 13:00:00,,None,home
692876,81,SavedShot,0.9080000305175782,0.5620000076293945,0.03375738486647606,Jarrad Branthwaite,h,8476,SetPiece,2026,Head,31208,Everton,Manchester United,2,2,2026-09-06 13:00:00,Hayden Hackney,Aerial,home
692877,82,Goal,0.885,0.2979999923706055,0.04832573980093002,Tyrique George,h,12573,OpenPlay,2026,RightFoot,31208,Everton,Manchester United,2,2,2026-09-06 13:00:00,Hayden Hackney,Pass,home
692880,89,BlockedShot,0.7759999847412109,0.6669999694824219,0.020697101950645447,Jack Grealish,h,675,OpenPlay,2026,RightFoot,31208,Everton,Manchester United,2,2,2026-09-06 13:00:00,Kiernan Dewsbury-Hall,LayOff,home
692881,93,MissedShots,0.9069999694824219,0.725999984741211,0.04501751437783241,Hayden Hackney,h,14769,OpenPlay,2026,RightFoot,31208,Everton,Manchester United,2,2,2026-09-06 13:00:00,Tyrique George,Pass,home
692882,95,Goal,0.74,0.5159999847412109,0.025976911187171936,Ainsley Maitland-Niles,h,1750,OpenPlay,2026,RightFoot,31208,Everton,Manchester United,2,2,2026-09-06 13:00:00,,TakeOn,home
692851,7,ShotOnPost,0.855,0.49599998474121093,0.06885839998722076,Bruno Fernandes,a,1228,OpenPlay,2026,RightFoot,31208,Everton,Manchester United,2,2,2026-09-06 13:00:00,Bryan Mbeumo,HeadPass,away
692853,17,SavedShot,0.72,0.3990000152587891,0.01420069020241499,Youri Tielemans,a,5956,OpenPlay,2026,RightFoot,31208,Everton,Manchester United,2,2,2026-09-06 13:00:00,Diogo Dalot,Pass,away
692854,18,BlockedShot,0.7069999694824218,0.42700000762939455,0.017567897215485573,Matheus Cunha,a,7080,OpenPlay,2026,RightFoot,31208,Everton,Manchester United,2,2,2026-09-06 13:00:00,Youri Tielemans,Pass,away
692855,19,BlockedShot,0.7469999694824219,0.3970000076293945,0.02172078564763069,Bruno Fernandes,a,1228,OpenPlay,2026,RightFoot,31208,Everton,Manchester United,2,2,2026-09-06 13:00:00,Kobbie Mainoo,Pass,away
692856,20,BlockedShot,0.7340000152587891,0.46900001525878904,0.015227076597511768,Diogo Dalot,a,7281,FromCorner,2026,RightFoot,31208,Everton,Manchester United,2,2,2026-09-06 13:00:00,,None,away
692857,21,MissedShots,0.8569999694824219,0.4329999923706055,0.08704248815774918,Matheus Cunha,a,7080,OpenPlay,2026,RightFoot,31208,Everton,Manchester United,2,2,2026-09-06 13:00:00,Marcus Rashford,Pass,away
692862,48,BlockedShot,0.860999984741211,0.7519999694824219,0.024665318429470062,Bruno Fernandes,a,1228,OpenPlay,2026,RightFoot,31208,Everton,Manchester United,2,2,2026-09-06 13:00:00,,None,away
692863,46,Goal,0.8180000305175781,0.33099998474121095,0.03891381248831749,Bryan Mbeumo,a,6552,OpenPlay,2026,LeftFoot,31208,Everton,Manchester United,2,2,2026-09-06 13:00:00,Kobbie Mainoo,TakeOn,away
692868,64,MissedShots,0.7530000305175781,0.544000015258789,0.015054179355502129,Bruno Fernandes,a,1228,SetPiece,2026,RightFoot,31208,Everton,Manchester United,2,2,2026-09-06 13:00:00,,None,away
692869,64,BlockedShot,0.7769999694824219,0.6630000305175782,0.03021322935819626,Youri Tielemans,a,5956,OpenPlay,2026,LeftFoot,31208,Everton,Manchester United,2,2,2026-09-06 13:00:00,Diogo Dalot,BallTouch,away
692870,65,MissedShots,0.8080000305175781,0.5309999847412109,0.038181256502866745,Luke Shaw,a,1006,FromCorner,2026,RightFoot,31208,Everton,Manchester United,2,2,2026-09-06 13:00:00,Bruno Fernandes,Pass,away
692875,73,BlockedShot,0.855,0.34799999237060547,0.06887990981340408,Bryan Mbeumo,a,6552,OpenPlay,2026,LeftFoot,31208,Everton,Manchester United,2,2,2026-09-06 13:00:00,,BallRecovery,away
692878,85,MissedShots,0.855,0.5020000076293946,0.022643525153398514,Benjamin Sesko,a,11974,OpenPlay,2026,Head,31208,Everton,Manchester United,2,2,2026-09-06 13:00:00,Bruno Fernandes,Cross,away
692879,87,Goal,0.9290000152587891,0.4779999923706055,0.40905657410621643,Benjamin Sesko,a,11974,OpenPlay,2026,Head,31208,Everton,Manchester United,2,2,2026-09-06 13:00:00,Luke Shaw,Cross,away
693055,4,SavedShot,0.9369999694824219,0.4209999847412109,0.4750669598579407,Riccardo Calafiori,h,8129,SetPiece,2026,RightFoot,31209,Arsenal,Chelsea,2,1,2026-09-06 15:30:00,Martin Odegaard,Pass,home
693056,4,SavedShot,0.960999984741211,0.4229999923706055,0.1343599408864975,Gabriel,h,5613,SetPiece,2026,RightFoot,31209,Arsenal,Chelsea,2,1,2026-09-06 15:30:00,,Rebound,home
693057,11,SavedShot,0.965,0.580999984741211,0.5216020345687866,Gabriel,h,5613,SetPiece,2026,RightFoot,31209,Arsenal,Chelsea,2,1,2026-09-06 15:30:00,,None,home
693058,14,SavedShot,0.9580000305175781,0.5620000076293945,0.06762561202049255,Kai Havertz,h,5220,OpenPlay,2026,Head,31209,Arsenal,Chelsea,2,1,2026-09-06 15:30:00,Martin Odegaard,Aerial,home
693059,17,SavedShot,0.9630000305175781,0.315,0.30086079239845276,Bukayo Saka,h,7322,OpenPlay,2026,RightFoot,31209,Arsenal,Chelsea,2,1,2026-09-06 15:30:00,Martin Odegaard,Throughball,home
693060,19,BlockedShot,0.8490000152587891,0.514000015258789,0.09547871351242065,Kai Havertz,h,5220,OpenPlay,2026,LeftFoot,31209,Arsenal,Chelsea,2,1,2026-09-06 15:30:00,Christos Tzolis,Cross,home
693063,22,BlockedShot,0.899000015258789,0.38599998474121094,0.12963466346263885,Martin Odegaard,h,2517,OpenPlay,2026,LeftFoot,31209,Arsenal,Chelsea,2,1,2026-09-06 15:30:00,Kai Havertz,Pass,home
693064,23,BlockedShot,0.8680000305175781,0.515,0.08828837424516678,Riccardo Calafiori,h,8129,OpenPlay,2026,RightFoot,31209,Arsenal,Chelsea,2,1,2026-09-06 15:30:00,Myles Lewis-Skelly,Pass,home
693065,24,Goal,0.8230000305175781,0.3340000152587891,0.03536726161837578,Kai Havertz,h,5220,OpenPlay,2026,LeftFoot,31209,Arsenal,Chelsea,2,1,2026-09-06 15:30:00,Declan Rice,Pass,home
693067,33,MissedShots,0.8590000152587891,0.6359999847412109,0.06316274404525757,Myles Lewis-Skelly,h,12272,OpenPlay,2026,LeftFoot,31209,Arsenal,Chelsea,2,1,2026-09-06 15:30:00,Christos Tzolis,Pass,home
693070,48,BlockedShot,0.799000015258789,0.33599998474121096,0.022639023140072823,Bukayo Saka,h,7322,OpenPlay,2026,LeftFoot,31209,Arsenal,Chelsea,2,1,2026-09-06 15:30:00,Kai Havertz,Pass,home
693071,49,Goal,0.9019999694824219,0.5159999847412109,0.5586743354797363,Martin Odegaard,h,2517,OpenPlay,2026,LeftFoot,31209,Arsenal,Chelsea,2,1,2026-09-06 15:30:00,Christos Tzolis,Pass,home
693072,55,BlockedShot,0.7709999847412109,0.47299999237060547,0.04285961389541626,Declan Rice,h,5553,OpenPlay,2026,RightFoot,31209,Arsenal,Chelsea,2,1,2026-09-06 15:30:00,Bukayo Saka,LayOff,home
693073,55,SavedShot,0.9069999694824219,0.705,0.08819662034511566,Bukayo Saka,h,7322,OpenPlay,2026,LeftFoot,31209,Arsenal,Chelsea,2,1,2026-09-06 15:30:00,Christos Tzolis,Pass,home
693077,68,BlockedShot,0.8590000152587891,0.5459999847412109,0.11038590967655182,Martín Zubimendi,h,7526,OpenPlay,2026,RightFoot,31209,Arsenal,Chelsea,2,1,2026-09-06 15:30:00,Martin Odegaard,Pass,home
693078,68,SavedShot,0.8369999694824218,0.38299999237060545,0.13517668843269348,Bukayo Saka,h,7322,OpenPlay,2026,LeftFoot,31209,Arsenal,Chelsea,2,1,2026-09-06 15:30:00,Kai Havertz,Throughball,home
693054,1,Goal,0.815,0.5409999847412109,0.03667097166180611,Morgan Rogers,a,12412,SetPiece,2026,RightFoot,31209,Arsenal,Chelsea,2,1,2026-09-06 15:30:00,Jorrel Hato,HeadPass,away
693061,20,SavedShot,0.7859999847412109,0.325,0.024129943922162056,Cole Palmer,a,8497,OpenPlay,2026,LeftFoot,31209,Arsenal,Chelsea,2,1,2026-09-06 15:30:00,Pedro Neto,Pass,away
693062,22,SavedShot,0.705,0.6569999694824219,0.014799941331148148,Reece James,a,8067,OpenPlay,2026,RightFoot,31209,Arsenal,Chelsea,2,1,2026-09-06 15:30:00,Wesley Fofana,Pass,away
693066,30,MissedShots,0.9280000305175782,0.7030000305175781,0.05933424457907677,Morgan Rogers,a,12412,OpenPlay,2026,RightFoot,31209,Arsenal,Chelsea,2,1,2026-09-06 15:30:00,João Pedro,Pass,away
693068,35,MissedShots,0.6940000152587891,0.5309999847412109,0.016263196244835854,João Pedro,a,8272,OpenPlay,2026,RightFoot,31209,Arsenal,Chelsea,2,1,2026-09-06 15:30:00,Reece James,Pass,away
693069,47,ShotOnPost,0.884000015258789,0.285,0.09782776981592178,Pedro Neto,a,6382,OpenPlay,2026,LeftFoot,31209,Arsenal,Chelsea,2,1,2026-09-06 15:30:00,João Pedro,Chipped,away
693074,60,MissedShots,0.8109999847412109,0.38099998474121094,0.03822280094027519,Malo Gusto,a,9017,OpenPlay,2026,RightFoot,31209,Arsenal,Chelsea,2,1,2026-09-06 15:30:00,Pedro Neto,Pass,away
693075,62,SavedShot,0.8580000305175781,0.35,0.01736196130514145,Cole Palmer,a,8497,OpenPlay,2026,RightFoot,31209,Arsenal,Chelsea,2,1,2026-09-06 15:30:00,,Aerial,away
693076,64,MissedShots,0.7519999694824219,0.7230000305175781,0.01333936583250761,Morgan Rogers,a,12412,OpenPlay,2026,RightFoot,31209,Arsenal,Chelsea,2,1,2026-09-06 15:30:00,Wesley Fofana,Tackle,away
693079,75,BlockedShot,0.735999984741211,0.355,0.01270375493913889,Reece James,a,8067,FromCorner,2026,RightFoot,31209,Arsenal,Chelsea,2,1,2026-09-06 15:30:00,,Aerial,away
693080,82,MissedShots,0.8869999694824219,0.7140000152587891,0.03783690929412842,Cole Palmer,a,8497,OpenPlay,2026,LeftFoot,31209,Arsenal,Chelsea,2,1,2026-09-06 15:30:00,Morgan Rogers,BallTouch,away
693081,87,BlockedShot,0.6809999847412109,0.500999984741211,0.03232672065496445,Reece James,a,8067,DirectFreekick,2026,RightFoot,31209,Arsenal,Chelsea,2,1,2026-09-06 15:30:00,,Standard,away
693082,88,SavedShot,0.8430000305175781,0.27799999237060546,0.029690274968743324,Estêvão,a,13775,OpenPlay,2026,LeftFoot,31209,Arsenal,Chelsea,2,1,2026-09-06 15:30:00,Cole Palmer,Pass,away
693940,6,MissedShots,0.925,0.485,0.38291114568710327,António Silva,h,14859,SetPiece,2026,Head,31210,Bournemouth,Brentford,2,2,2026-09-12 14:00:00,Marcus Tavernier,Cross,home
693941,26,BlockedShot,0.8040000152587891,0.3060000038146973,0.026618657633662224,Rayan,h,14395,OpenPlay,2026,LeftFoot,31210,Bournemouth,Brentford,2,2,2026-09-12 14:00:00,James Hill,Pass,home
693943,36,SavedShot,0.8730000305175781,0.6769999694824219,0.04062153771519661,Justin Kluivert,h,6963,OpenPlay,2026,RightFoot,31210,Bournemouth,Brentford,2,2,2026-09-12 14:00:00,Alex Scott,Pass,home
693944,36,MissedShots,0.9230000305175782,0.44599998474121094,0.4573696553707123,Rayan,h,14395,OpenPlay,2026,LeftFoot,31210,Bournemouth,Brentford,2,2,2026-09-12 14:00:00,,Rebound,home
693945,37,Goal,0.8380000305175781,0.54,0.055055003613233566,Justin Kluivert,h,6963,OpenPlay,2026,LeftFoot,31210,Bournemouth,Brentford,2,2,2026-09-12 14:00:00,,None,home
693947,46,MissedShots,0.895,0.6170000076293946,0.09286914765834808,Marcus Tavernier,h,10741,OpenPlay,2026,LeftFoot,31210,Bournemouth,Brentford,2,2,2026-09-12 14:00:00,Adrien Truffert,Pass,home
693948,47,SavedShot,0.8190000152587891,0.325,0.03321748226881027,Justin Kluivert,h,6963,OpenPlay,2026,RightFoot,31210,Bournemouth,Brentford,2,2,2026-09-12 14:00:00,Marcus Tavernier,Pass,home
693949,48,MissedShots,0.9790000152587891,0.5029999923706054,0.6494042277336121,António Silva,h,14859,FromCorner,2026,Head,31210,Bournemouth,Brentford,2,2,2026-09-12 14:00:00,Marcus Tavernier,Aerial,home
693950,50,MissedShots,0.9019999694824219,0.345,0.2926393449306488,Alex Scott,h,12149,OpenPlay,2026,RightFoot,31210,Bournemouth,Brentford,2,2,2026-09-12 14:00:00,Evanilson,Chipped,home
693951,51,Goal,0.8869999694824219,0.6619999694824219,0.06601280719041824,Marcus Tavernier,h,10741,OpenPlay,2026,LeftFoot,31210,Bournemouth,Brentford,2,2,2026-09-12 14:00:00,Evanilson,Pass,home
693954,65,SavedShot,0.735999984741211,0.63,0.015740999951958656,Marcus Tavernier,h,10741,OpenPlay,2026,LeftFoot,31210,Bournemouth,Brentford,2,2,2026-09-12 14:00:00,,BallRecovery,home
693955,67,SavedShot,0.7559999847412109,0.3240000152587891,0.049568429589271545,Marcus Tavernier,h,10741,DirectFreekick,2026,LeftFoot,31210,Bournemouth,Brentford,2,2,2026-09-12 14:00:00,,Standard,home
693956,72,SavedShot,0.7619999694824219,0.3220000076293945,0.015973834320902824,Tyler Adams,h,7352,OpenPlay,2026,RightFoot,31210,Bournemouth,Brentford,2,2,2026-09-12 14:00:00,Rayan,Pass,home
693957,74,MissedShots,0.9209999847412109,0.3160000038146973,0.03418275713920593,Rayan,h,14395,OpenPlay,2026,RightFoot,31210,Bournemouth,Brentford,2,2,2026-09-12 14:00:00,Evanilson,Cross,home
693958,75,MissedShots,0.81,0.4929999923706055,0.05131027474999428,Rayan,h,14395,OpenPlay,2026,LeftFoot,31210,Bournemouth,Brentford,2,2,2026-09-12 14:00:00,Alex Scott,Pass,home
693959,77,SavedShot,0.85,0.49900001525878906,0.09870997071266174,Rayan,h,14395,OpenPlay,2026,LeftFoot,31210,Bournemouth,Brentford,2,2,2026-09-12 14:00:00,Marcus Tavernier,Pass,home
693960,79,SavedShot,0.8090000152587891,0.625999984741211,0.03813130781054497,Adrien Truffert,h,8640,OpenPlay,2026,RightFoot,31210,Bournemouth,Brentford,2,2,2026-09-12 14:00:00,Alex Scott,Pass,home
693961,83,MissedShots,0.8280000305175781,0.6480000305175782,0.04494718089699745,Ben Doak,h,11231,OpenPlay,2026,LeftFoot,31210,Bournemouth,Brentford,2,2,2026-09-12 14:00:00,,BallRecovery,home
693963,92,SavedShot,0.8959999847412109,0.7090000152587891,0.04673688858747482,Adrien Truffert,h,8640,OpenPlay,2026,LeftFoot,31210,Bournemouth,Brentford,2,2,2026-09-12 14:00:00,Alex Scott,Pass,home
693964,93,BlockedShot,0.840999984741211,0.6459999847412109,0.07604728639125824,Ben Doak,h,11231,OpenPlay,2026,RightFoot,31210,Bournemouth,Brentford,2,2,2026-09-12 14:00:00,Ryan Christie,TakeOn,home
693938,1,MissedShots,0.905,0.5159999847412109,0.14326198399066925,Thiago,a,13222,OpenPlay,2026,Head,31210,Bournemouth,Brentford,2,2,2026-09-12 14:00:00,Jaidon Anthony,Cross,away
693939,2,MissedShots,0.8669999694824219,0.7180000305175781,0.03790872544050217,Keane Lewis-Potter,a,10809,OpenPlay,2026,RightFoot,31210,Bournemouth,Brentford,2,2,2026-09-12 14:00:00,Vitaly Janelt,Pass,away
693942,33,Goal,0.91,0.5020000076293946,0.328841894865036,Kevin Schade,a,9156,OpenPlay,2026,Head,31210,Bournemouth,Brentford,2,2,2026-09-12 14:00:00,Yehor Yarmolyuk,Cross,away
693946,51,MissedShots,0.8769999694824219,0.325,0.051872748881578445,Kristoffer Ajer,a,9677,SetPiece,2026,RightFoot,31210,Bournemouth,Brentford,2,2,2026-09-12 14:00:00,,BallTouch,away
693952,54,MissedShots,0.965999984741211,0.315,0.04162506014108658,Aaron Hickey,a,8942,OpenPlay,2026,RightFoot,31210,Bournemouth,Brentford,2,2,2026-09-12 14:00:00,Thiago,TakeOn,away
693953,55,Goal,0.77,0.835,0.11176971346139908,Kevin Schade,a,9156,OpenPlay,2026,RightFoot,31210,Bournemouth,Brentford,2,2,2026-09-12 14:00:00,,BallRecovery,away
693962,88,MissedShots,0.9169999694824219,0.5,0.05792679265141487,Mikkel Damsgaard,a,8859,SetPiece,2026,Head,31210,Bournemouth,Brentford,2,2,2026-09-12 14:00:00,Michael Kayode,Aerial,away
693965,95,BlockedShot,0.7719999694824219,0.36400001525878906,0.021031012758612633,Dango Ouattara,a,9662,OpenPlay,2026,LeftFoot,31210,Bournemouth,Brentford,2,2,2026-09-12 14:00:00,,None,away
693966,6,SavedShot,0.97,0.5109999847412109,0.6031574606895447,Victor Lindelöf,h,6080,OpenPlay,2026,RightFoot,31211,Aston Villa,Nottingham Forest,1,2,2026-09-12 14:00:00,,BallTouch,home
693967,6,BlockedShot,0.8490000152587891,0.5279999923706055,0.0963074266910553,Ian Maatsen,h,11807,OpenPlay,2026,LeftFoot,31211,Aston Villa,Nottingham Forest,1,2,2026-09-12 14:00:00,Aaron Wan-Bissaka,Pass,home
693968,7,SavedShot,0.8619999694824219,0.6880000305175781,0.0485280305147171,Ian Maatsen,h,11807,OpenPlay,2026,LeftFoot,31211,Aston Villa,Nottingham Forest,1,2,2026-09-12 14:00:00,Boubacar Kamara,Pass,home
693972,31,SavedShot,0.7780000305175782,0.6969999694824218,0.018216107040643692,Ross Barkley,h,592,OpenPlay,2026,RightFoot,31211,Aston Villa,Nottingham Forest,1,2,2026-09-12 14:00:00,George Hemmings,Pass,home
693983,72,SavedShot,0.8540000152587891,0.7480000305175781,0.024263378232717514,Ibrahim Mbaye,h,12733,SetPiece,2026,RightFoot,31211,Aston Villa,Nottingham Forest,1,2,2026-09-12 14:00:00,John McGinn,Pass,home
693984,73,Goal,0.9080000305175782,0.5309999847412109,0.24505968391895294,Alysson Edward,h,14446,FromCorner,2026,Head,31211,Aston Villa,Nottingham Forest,1,2,2026-09-12 14:00:00,John McGinn,Cross,home
693994,96,MissedShots,0.9180000305175782,0.4929999923706055,0.05233147367835045,Tyrone Mings,h,1024,OpenPlay,2026,Head,31211,Aston Villa,Nottingham Forest,1,2,2026-09-12 14:00:00,Ibrahim Mbaye,Aerial,home
693969,11,SavedShot,0.705,0.4109999847412109,0.015317456796765327,James McAtee,a,10126,SetPiece,2026,LeftFoot,31211,Aston Villa,Nottingham Forest,1,2,2026-09-12 14:00:00,Morgan Gibbs-White,Pass,away
693970,15,MissedShots,0.945,0.624000015258789,0.043617598712444305,Ousmane Diomande,a,14775,SetPiece,2026,LeftFoot,31211,Aston Villa,Nottingham Forest,1,2,2026-09-12 14:00:00,Morgan Gibbs-White,Cross,away
693971,22,SavedShot,0.9030000305175782,0.32099998474121094,0.061520110815763474,Morgan Gibbs-White,a,6857,OpenPlay,2026,RightFoot,31211,Aston Villa,Nottingham Forest,1,2,2026-09-12 14:00:00,Daniel Muñoz,BallTouch,away
693973,34,SavedShot,0.8530000305175781,0.40299999237060546,0.08303733170032501,Dan Ndoye,a,8662,OpenPlay,2026,RightFoot,31211,Aston Villa,Nottingham Forest,1,2,2026-09-12 14:00:00,Daniel Muñoz,Pass,away
693974,46,MissedShots,0.8490000152587891,0.5890000152587891,0.07859931886196136,Neco Williams,a,8204,OpenPlay,2026,RightFoot,31211,Aston Villa,Nottingham Forest,1,2,2026-09-12 14:00:00,James McAtee,Pass,away
693975,45,Goal,0.71,0.46799999237060547,0.013983926735818386,Liam Delap,a,8868,OpenPlay,2026,RightFoot,31211,Aston Villa,Nottingham Forest,1,2,2026-09-12 14:00:00,Murillo,BallRecovery,away
693976,49,MissedShots,0.7280000305175781,0.575999984741211,0.020315295085310936,Dan Ndoye,a,8662,OpenPlay,2026,RightFoot,31211,Aston Villa,Nottingham Forest,1,2,2026-09-12 14:00:00,Xaver Schlager,Pass,away
693977,54,MissedShots,0.8209999847412109,0.43400001525878906,0.056094713509082794,Liam Delap,a,8868,OpenPlay,2026,RightFoot,31211,Aston Villa,Nottingham Forest,1,2,2026-09-12 14:00:00,Morgan Gibbs-White,Pass,away
693978,57,MissedShots,0.950999984741211,0.54,0.6287730932235718,Liam Delap,a,8868,OpenPlay,2026,RightFoot,31211,Aston Villa,Nottingham Forest,1,2,2026-09-12 14:00:00,Dan Ndoye,Pass,away
693979,58,MissedShots,0.9419999694824219,0.500999984741211,0.5448468327522278,Dan Ndoye,a,8662,OpenPlay,2026,Head,31211,Aston Villa,Nottingham Forest,1,2,2026-09-12 14:00:00,Morgan Gibbs-White,Cross,away
693980,60,BlockedShot,0.8619999694824219,0.46299999237060546,0.13942435383796692,Dan Ndoye,a,8662,OpenPlay,2026,RightFoot,31211,Aston Villa,Nottingham Forest,1,2,2026-09-12 14:00:00,Liam Delap,Pass,away
693981,60,MissedShots,0.915,0.3659999847412109,0.02613149769604206,Liam Delap,a,8868,OpenPlay,2026,Head,31211,Aston Villa,Nottingham Forest,1,2,2026-09-12 14:00:00,Daniel Muñoz,Cross,away
693982,68,BlockedShot,0.8769999694824219,0.5790000152587891,0.11950908601284027,Dan Ndoye,a,8662,OpenPlay,2026,RightFoot,31211,Aston Villa,Nottingham Forest,1,2,2026-09-12 14:00:00,James McAtee,Pass,away
693985,76,MissedShots,0.7340000152587891,0.435,0.01782739907503128,James McAtee,a,10126,SetPiece,2026,LeftFoot,31211,Aston Villa,Nottingham Forest,1,2,2026-09-12 14:00:00,Morgan Gibbs-White,Pass,away
693986,78,BlockedShot,0.870999984741211,0.4470000076293945,0.03986971825361252,Liam Delap,a,8868,OpenPlay,2026,OtherBodyPart,31211,Aston Villa,Nottingham Forest,1,2,2026-09-12 14:00:00,Morgan Gibbs-White,Cross,away
693987,79,MissedShots,0.72,0.4620000076293945,0.035972341895103455,Liam Delap,a,8868,OpenPlay,2026,RightFoot,31211,Aston Villa,Nottingham Forest,1,2,2026-09-12 14:00:00,Igor Jesus,Pass,away
693988,84,SavedShot,0.960999984741211,0.385,0.18523691594600677,Daniel Muñoz,a,12408,OpenPlay,2026,Head,31211,Aston Villa,Nottingham Forest,1,2,2026-09-12 14:00:00,Neco Williams,Cross,away
693989,85,SavedShot,0.88,0.5229999923706055,0.044025156646966934,Xaver Schlager,a,7783,OpenPlay,2026,Head,31211,Aston Villa,Nottingham Forest,1,2,2026-09-12 14:00:00,Daniel Muñoz,Cross,away
693990,85,MissedShots,0.9480000305175781,0.6619999694824219,0.057706188410520554,Neco Williams,a,8204,OpenPlay,2026,LeftFoot,31211,Aston Villa,Nottingham Forest,1,2,2026-09-12 14:00:00,,Rebound,away
693991,87,Goal,0.9180000305175782,0.49599998474121093,0.5251398682594299,Igor Jesus,a,13778,OpenPlay,2026,RightFoot,31211,Aston Villa,Nottingham Forest,1,2,2026-09-12 14:00:00,Morgan Gibbs-White,Pass,away
693992,89,MissedShots,0.6170000076293946,0.28899999618530275,0.008148159831762314,Ibrahim Sangare,a,5722,OpenPlay,2026,RightFoot,31211,Aston Villa,Nottingham Forest,1,2,2026-09-12 14:00:00,,None,away
693993,95,MissedShots,0.74,0.3990000152587891,0.051950447261333466,Morgan Gibbs-White,a,6857,DirectFreekick,2026,RightFoot,31211,Aston Villa,Nottingham Forest,1,2,2026-09-12 14:00:00,,Standard,away
693996,6,Goal,0.899000015258789,0.6619999694824219,0.10501188039779663,Morgan Rogers,h,12412,OpenPlay,2026,LeftFoot,31212,Chelsea,Hull,2,2,2026-09-12 14:00:00,João Pedro,Pass,home
693997,21,SavedShot,0.904000015258789,0.2589999961853027,0.07158458977937698,Pedro Neto,h,6382,OpenPlay,2026,LeftFoot,31212,Chelsea,Hull,2,2,2026-09-12 14:00:00,Cole Palmer,Pass,home
694002,46,BlockedShot,0.81,0.5359999847412109,0.025157131254673004,Malo Gusto,h,9017,FromCorner,2026,LeftFoot,31212,Chelsea,Hull,2,2,2026-09-12 14:00:00,Pedro Neto,HeadPass,home
694004,50,SavedShot,0.730999984741211,0.9119999694824219,0.022672440856695175,Reece James,h,8067,DirectFreekick,2026,RightFoot,31212,Chelsea,Hull,2,2,2026-09-12 14:00:00,,Standard,home
694005,52,MissedShots,0.774000015258789,0.7,0.053391747176647186,Reece James,h,8067,DirectFreekick,2026,RightFoot,31212,Chelsea,Hull,2,2,2026-09-12 14:00:00,,Standard,home
694009,65,Goal,0.9230000305175782,0.555,0.44525018334388733,João Pedro,h,8272,OpenPlay,2026,LeftFoot,31212,Chelsea,Hull,2,2,2026-09-12 14:00:00,Cole Palmer,Pass,home
694010,69,MissedShots,0.6919999694824219,0.7290000152587891,0.013180774636566639,Cole Palmer,h,8497,OpenPlay,2026,LeftFoot,31212,Chelsea,Hull,2,2,2026-09-12 14:00:00,Levi Colwill,Pass,home
694011,75,SavedShot,0.784000015258789,0.43599998474121093,0.032199397683143616,Reece James,h,8067,OpenPlay,2026,RightFoot,31212,Chelsea,Hull,2,2,2026-09-12 14:00:00,Malo Gusto,Pass,home
694012,77,MissedShots,0.8419999694824218,0.4129999923706055,0.05862871930003166,Cole Palmer,h,8497,OpenPlay,2026,LeftFoot,31212,Chelsea,Hull,2,2,2026-09-12 14:00:00,,None,home
694014,83,SavedShot,0.885,0.6809999847412109,0.2709472179412842,Morgan Rogers,h,12412,OpenPlay,2026,LeftFoot,31212,Chelsea,Hull,2,2,2026-09-12 14:00:00,Cole Palmer,Pass,home
694017,90,SavedShot,0.965,0.33099998474121095,0.07340063899755478,Estêvão,h,13775,OpenPlay,2026,RightFoot,31212,Chelsea,Hull,2,2,2026-09-12 14:00:00,Danny Welbeck,Pass,home
694019,96,MissedShots,0.7569999694824219,0.27700000762939453,0.042313240468502045,Cole Palmer,h,8497,DirectFreekick,2026,LeftFoot,31212,Chelsea,Hull,2,2,2026-09-12 14:00:00,,Standard,home
693995,5,BlockedShot,0.9030000305175782,0.29399999618530276,0.046949826180934906,Mohamed Belloumi,a,14760,OpenPlay,2026,LeftFoot,31212,Chelsea,Hull,2,2,2026-09-12 14:00:00,Regan Slater,Pass,away
693998,27,Goal,0.8930000305175781,0.44299999237060544,0.28250283002853394,Mohamed Belloumi,a,14760,OpenPlay,2026,LeftFoot,31212,Chelsea,Hull,2,2,2026-09-12 14:00:00,Ryan John Giles,Cross,away
693999,32,BlockedShot,0.860999984741211,0.38299999237060545,0.07761130481958389,Lewie Coyle,a,14759,OpenPlay,2026,RightFoot,31212,Chelsea,Hull,2,2,2026-09-12 14:00:00,Mohamed Belloumi,Pass,away
694000,33,ShotOnPost,0.9309999847412109,0.4929999923706055,0.22593235969543457,Semi Ajayi,a,4490,FromCorner,2026,Head,31212,Chelsea,Hull,2,2,2026-09-12 14:00:00,Regan Slater,Aerial,away
694001,33,Goal,0.8280000305175781,0.45599998474121095,0.037475600838661194,Mohamed Belloumi,a,14760,FromCorner,2026,LeftFoot,31212,Chelsea,Hull,2,2,2026-09-12 14:00:00,Oliver McBurnie,Pass,away
694003,46,MissedShots,0.74,0.6,0.013952276669442654,Elliot Stroud,a,14763,OpenPlay,2026,LeftFoot,31212,Chelsea,Hull,2,2,2026-09-12 14:00:00,,Aerial,away
694006,60,MissedShots,0.8859999847412109,0.4159999847412109,0.04397491738200188,Mohamed Ali-Cho,a,8685,OpenPlay,2026,Head,31212,Chelsea,Hull,2,2,2026-09-12 14:00:00,Sorba Thomas,Cross,away
694007,60,SavedShot,0.765,0.6170000076293946,0.033347275108098984,Regan Slater,a,14762,OpenPlay,2026,LeftFoot,31212,Chelsea,Hull,2,2,2026-09-12 14:00:00,Lewie Coyle,Pass,away
694008,60,SavedShot,0.9419999694824219,0.5120000076293946,0.6129040718078613,Oliver McBurnie,a,1736,OpenPlay,2026,RightFoot,31212,Chelsea,Hull,2,2,2026-09-12 14:00:00,,Rebound,away
694013,83,BlockedShot,0.8469999694824218,0.27,0.0670347735285759,Brooke Norton-Cuffy,a,13136,OpenPlay,2026,RightFoot,31212,Chelsea,Hull,2,2,2026-09-12 14:00:00,,BallRecovery,away
694015,86,SavedShot,0.9209999847412109,0.4420000076293945,0.33739906549453735,Mohamed Ali-Cho,a,8685,OpenPlay,2026,RightFoot,31212,Chelsea,Hull,2,2,2026-09-12 14:00:00,Ryan John Giles,Cross,away
694016,86,BlockedShot,0.75,0.5540000152587891,0.021563531830906868,Sorba Thomas,a,12843,OpenPlay,2026,RightFoot,31212,Chelsea,Hull,2,2,2026-09-12 14:00:00,,BallRecovery,away
694018,93,MissedShots,0.915,0.44,0.02342471294105053,John Egan,a,7703,FromCorner,2026,Head,31212,Chelsea,Hull,2,2,2026-09-12 14:00:00,Mohamed Ali-Cho,Aerial,away
694020,10,MissedShots,0.6880000305175781,0.5670000076293945,0.011555546894669533,Adam Wharton,h,12409,OpenPlay,2026,LeftFoot,31213,Crystal Palace,Ipswich,2,3,2026-09-12 14:00:00,,Clearance,home
694021,11,MissedShots,0.9069999694824219,0.41900001525878905,0.03787529468536377,Anan Khalaili,h,14770,OpenPlay,2026,Head,31213,Crystal Palace,Ipswich,2,3,2026-09-12 14:00:00,Tyrick Mitchell,Aerial,home
694022,13,Goal,0.8669999694824219,0.2979999923706055,0.04440823569893837,Anan Khalaili,h,14770,OpenPlay,2026,RightFoot,31213,Crystal Palace,Ipswich,2,3,2026-09-12 14:00:00,Daichi Kamada,Pass,home
694023,17,SavedShot,0.825,0.28,0.04000939056277275,Jørgen Strand Larsen,h,11070,OpenPlay,2026,RightFoot,31213,Crystal Palace,Ipswich,2,3,2026-09-12 14:00:00,Anan Khalaili,Chipped,home
694024,17,BlockedShot,0.9690000152587891,0.26299999237060545,0.04100567102432251,Jørgen Strand Larsen,h,11070,OpenPlay,2026,RightFoot,31213,Crystal Palace,Ipswich,2,3,2026-09-12 14:00:00,,Rebound,home
694032,67,MissedShots,0.955,0.6719999694824219,0.05222587659955025,Quinten Timber,h,14376,OpenPlay,2026,LeftFoot,31213,Crystal Palace,Ipswich,2,3,2026-09-12 14:00:00,Honest Ahanor,BallTouch,home
694033,70,MissedShots,0.97,0.715,0.04741879180073738,Anan Khalaili,h,14770,OpenPlay,2026,LeftFoot,31213,Crystal Palace,Ipswich,2,3,2026-09-12 14:00:00,Adam Wharton,HeadPass,home
694034,73,SavedShot,0.8719999694824219,0.40299999237060546,0.12481459975242615,Quinten Timber,h,14376,OpenPlay,2026,RightFoot,31213,Crystal Palace,Ipswich,2,3,2026-09-12 14:00:00,Jørgen Strand Larsen,TakeOn,home
694035,74,Goal,0.875,0.3559999847412109,0.06798625737428665,Jørgen Strand Larsen,h,11070,OpenPlay,2026,RightFoot,31213,Crystal Palace,Ipswich,2,3,2026-09-12 14:00:00,Daichi Kamada,Pass,home
694036,78,MissedShots,0.9119999694824219,0.4179999923706055,0.40429842472076416,Anan Khalaili,h,14770,OpenPlay,2026,RightFoot,31213,Crystal Palace,Ipswich,2,3,2026-09-12 14:00:00,,None,home
694039,86,MissedShots,0.865999984741211,0.5409999847412109,0.06793029606342316,Ben Chilwell,h,782,OpenPlay,2026,RightFoot,31213,Crystal Palace,Ipswich,2,3,2026-09-12 14:00:00,Will Hughes,Cross,home
694025,22,Goal,0.9309999847412109,0.5120000076293946,0.3935633599758148,Emersonn,a,14082,OpenPlay,2026,Head,31213,Crystal Palace,Ipswich,2,3,2026-09-12 14:00:00,Leif Davis,Cross,away
694026,32,MissedShots,0.7169999694824218,0.37099998474121093,0.030701948329806328,Julio Enciso,a,11058,OpenPlay,2026,RightFoot,31213,Crystal Palace,Ipswich,2,3,2026-09-12 14:00:00,Jack Clarke,Pass,away
694027,44,MissedShots,0.9,0.45599998474121095,0.08612310141324997,Emersonn,a,14082,OpenPlay,2026,OtherBodyPart,31213,Crystal Palace,Ipswich,2,3,2026-09-12 14:00:00,Dara O&#039;Shea,Cross,away
694028,44,Goal,0.9430000305175781,0.5279999923706055,0.4708338975906372,Leif Davis,a,8919,OpenPlay,2026,Head,31213,Crystal Palace,Ipswich,2,3,2026-09-12 14:00:00,Emersonn,Rebound,away
694029,50,MissedShots,0.9209999847412109,0.3029999923706055,0.061426300555467606,Emersonn,a,14082,OpenPlay,2026,RightFoot,31213,Crystal Palace,Ipswich,2,3,2026-09-12 14:00:00,Dara O&#039;Shea,TakeOn,away
694030,54,SavedShot,0.889000015258789,0.5990000152587891,0.14804187417030334,Jack Clarke,a,13019,OpenPlay,2026,RightFoot,31213,Crystal Palace,Ipswich,2,3,2026-09-12 14:00:00,Sasa Lukic,Pass,away
694031,65,BlockedShot,0.7859999847412109,0.3120000076293945,0.06279678642749786,Julio Enciso,a,11058,OpenPlay,2026,LeftFoot,31213,Crystal Palace,Ipswich,2,3,2026-09-12 14:00:00,Sasa Lukic,BallRecovery,away
694037,81,SavedShot,0.7390000152587891,0.6790000152587891,0.010313685052096844,Jaden Philogene-Bidace,a,9415,OpenPlay,2026,RightFoot,31213,Crystal Palace,Ipswich,2,3,2026-09-12 14:00:00,Florentino Luís,Chipped,away
694038,82,MissedShots,0.92,0.57,0.10203088074922562,Zian Flemming,a,13729,FromCorner,2026,RightFoot,31213,Crystal Palace,Ipswich,2,3,2026-09-12 14:00:00,,None,away
694040,89,ShotOnPost,0.899000015258789,0.5890000152587891,0.03459733724594116,Leif Davis,a,8919,OpenPlay,2026,Head,31213,Crystal Palace,Ipswich,2,3,2026-09-12 14:00:00,Julio Enciso,Chipped,away
694041,89,Goal,0.9619999694824218,0.45799999237060546,0.6429319381713867,Zian Flemming,a,13729,OpenPlay,2026,RightFoot,31213,Crystal Palace,Ipswich,2,3,2026-09-12 14:00:00,,Rebound,away
694042,91,SavedShot,0.7909999847412109,0.45299999237060545,0.05366135016083717,Zian Flemming,a,13729,OpenPlay,2026,RightFoot,31213,Crystal Palace,Ipswich,2,3,2026-09-12 14:00:00,Florentino Luís,Interception,away
694043,8,MissedShots,0.94,0.6790000152587891,0.06006341427564621,Alexander Isak,h,5232,OpenPlay,2026,LeftFoot,31214,Liverpool,Fulham,0,0,2026-09-12 14:00:00,Bradley Barcola,Pass,home
694046,21,SavedShot,0.980999984741211,0.605999984741211,0.18083463609218597,Víctor Muñoz,h,13279,FromCorner,2026,Head,31214,Liverpool,Fulham,0,0,2026-09-12 14:00:00,Dominik Szoboszlai,Cross,home
694047,23,BlockedShot,0.7440000152587891,0.425,0.018835963681340218,Ryan Gravenberch,h,10697,OpenPlay,2026,RightFoot,31214,Liverpool,Fulham,0,0,2026-09-12 14:00:00,Florian Wirtz,Pass,home
694048,24,MissedShots,0.9080000305175782,0.25,0.033646199852228165,Florian Wirtz,h,8397,OpenPlay,2026,RightFoot,31214,Liverpool,Fulham,0,0,2026-09-12 14:00:00,Dominik Szoboszlai,Pass,home
694050,30,MissedShots,0.8,0.500999984741211,0.047374285757541656,Florian Wirtz,h,8397,OpenPlay,2026,LeftFoot,31214,Liverpool,Fulham,0,0,2026-09-12 14:00:00,Ryan Gravenberch,BallRecovery,home
694053,42,MissedShots,0.915,0.5670000076293945,0.31734952330589294,Bradley Barcola,h,10016,OpenPlay,2026,RightFoot,31214,Liverpool,Fulham,0,0,2026-09-12 14:00:00,Dominik Szoboszlai,Cross,home
694056,51,SavedShot,0.874000015258789,0.41900001525878905,0.1026579737663269,Alexander Isak,h,5232,OpenPlay,2026,RightFoot,31214,Liverpool,Fulham,0,0,2026-09-12 14:00:00,Florian Wirtz,Pass,home
694058,66,SavedShot,0.7809999847412109,0.37599998474121094,0.028421998023986816,Dominik Szoboszlai,h,9788,OpenPlay,2026,RightFoot,31214,Liverpool,Fulham,0,0,2026-09-12 14:00:00,Alexis Mac Allister,Pass,home
694059,66,BlockedShot,0.6530000305175782,0.48400001525878905,0.011301449500024319,Alexis Mac Allister,h,8379,OpenPlay,2026,RightFoot,31214,Liverpool,Fulham,0,0,2026-09-12 14:00:00,Virgil van Dijk,Pass,home
694060,73,BlockedShot,0.8859999847412109,0.3579999923706055,0.06711170822381973,Cody Gakpo,h,11296,OpenPlay,2026,LeftFoot,31214,Liverpool,Fulham,0,0,2026-09-12 14:00:00,Jeremie Frimpong,Pass,home
694066,80,BlockedShot,0.879000015258789,0.6029999923706054,0.09929442405700684,Florian Wirtz,h,8397,OpenPlay,2026,RightFoot,31214,Liverpool,Fulham,0,0,2026-09-12 14:00:00,Alexis Mac Allister,Pass,home
694069,90,BlockedShot,0.665,0.43599998474121093,0.02836710959672928,Dominik Szoboszlai,h,9788,DirectFreekick,2026,RightFoot,31214,Liverpool,Fulham,0,0,2026-09-12 14:00:00,,Standard,home
694070,90,MissedShots,0.9640000152587891,0.4490000152587891,0.46733757853507996,Alexander Isak,h,5232,FromCorner,2026,Head,31214,Liverpool,Fulham,0,0,2026-09-12 14:00:00,Dominik Szoboszlai,Cross,home
694071,93,MissedShots,0.9259999847412109,0.5659999847412109,0.3357255458831787,Rio Ngumoha,h,13692,OpenPlay,2026,RightFoot,31214,Liverpool,Fulham,0,0,2026-09-12 14:00:00,Jeremie Frimpong,Cross,home
694044,9,MissedShots,0.8619999694824219,0.535,0.10816656798124313,Joshua King,a,12410,OpenPlay,2026,RightFoot,31214,Liverpool,Fulham,0,0,2026-09-12 14:00:00,Antonee Robinson,Pass,away
694045,10,BlockedShot,0.8640000152587891,0.46799999237060547,0.3758644163608551,Gonzalo García,a,12035,OpenPlay,2026,RightFoot,31214,Liverpool,Fulham,0,0,2026-09-12 14:00:00,Joshua King,Pass,away
694049,28,BlockedShot,0.93,0.6990000152587891,0.04371991381049156,Joshua King,a,12410,FromCorner,2026,RightFoot,31214,Liverpool,Fulham,0,0,2026-09-12 14:00:00,Alex Iwobi,TakeOn,away
694051,32,SavedShot,0.874000015258789,0.6580000305175782,0.04950479790568352,Joshua King,a,12410,FromCorner,2026,RightFoot,31214,Liverpool,Fulham,0,0,2026-09-12 14:00:00,Oscar Bobb,Pass,away
694052,36,MissedShots,0.914000015258789,0.555,0.046513549983501434,Antonee Robinson,a,8940,OpenPlay,2026,Head,31214,Liverpool,Fulham,0,0,2026-09-12 14:00:00,Oscar Bobb,Chipped,away
694054,48,BlockedShot,0.8469999694824218,0.6320000076293946,0.0970262810587883,Alex Iwobi,a,500,OpenPlay,2026,RightFoot,31214,Liverpool,Fulham,0,0,2026-09-12 14:00:00,Gonzalo García,Pass,away
694055,48,BlockedShot,0.8480000305175781,0.6190000152587891,0.0846513956785202,Alex Iwobi,a,500,OpenPlay,2026,RightFoot,31214,Liverpool,Fulham,0,0,2026-09-12 14:00:00,,Rebound,away
694057,63,SavedShot,0.904000015258789,0.4809999847412109,0.06870248913764954,Calvin Bassey,a,11728,FromCorner,2026,Head,31214,Liverpool,Fulham,0,0,2026-09-12 14:00:00,Alex Iwobi,Cross,away
694062,75,SavedShot,0.785,0.64,0.027606673538684845,Joshua King,a,12410,OpenPlay,2026,RightFoot,31214,Liverpool,Fulham,0,0,2026-09-12 14:00:00,Antonee Robinson,Pass,away
694064,78,MissedShots,0.815,0.3089999961853027,0.02890990674495697,Kevin,a,14030,OpenPlay,2026,RightFoot,31214,Liverpool,Fulham,0,0,2026-09-12 14:00:00,Sander Berge,Pass,away
694161,4,MissedShots,0.9580000305175781,0.3870000076293945,0.29471343755722046,Jan Paul van Hecke,h,10807,SetPiece,2026,RightFoot,31215,Tottenham,Everton,0,0,2026-09-12 16:30:00,Andrew Robertson,Chipped,home
694162,5,BlockedShot,0.879000015258789,0.34700000762939454,0.06339439004659653,Mateus Fernandes,h,12948,OpenPlay,2026,RightFoot,31215,Tottenham,Everton,0,0,2026-09-12 16:30:00,Sávio,Pass,home
694163,8,BlockedShot,0.7319999694824219,0.509000015258789,0.011730891652405262,Archie Gray,h,10184,OpenPlay,2026,LeftFoot,31215,Tottenham,Everton,0,0,2026-09-12 16:30:00,,TakeOn,home
694164,9,BlockedShot,0.715999984741211,0.4420000076293945,0.015689704567193985,Omar Marmoush,h,8393,OpenPlay,2026,RightFoot,31215,Tottenham,Everton,0,0,2026-09-12 16:30:00,Sávio,Pass,home
694168,27,MissedShots,0.85,0.6619999694824219,0.018559975549578667,Mateus Fernandes,h,12948,FromCorner,2026,LeftFoot,31215,Tottenham,Everton,0,0,2026-09-12 16:30:00,,Aerial,home
694169,33,MissedShots,0.9469999694824218,0.7369999694824219,0.03769857436418533,Andrew Robertson,h,1688,OpenPlay,2026,LeftFoot,31215,Tottenham,Everton,0,0,2026-09-12 16:30:00,Omar Marmoush,Pass,home
694170,36,BlockedShot,0.7180000305175781,0.4859999847412109,0.01618323288857937,Sandro Tonali,h,7958,OpenPlay,2026,LeftFoot,31215,Tottenham,Everton,0,0,2026-09-12 16:30:00,Jan Paul van Hecke,Pass,home
694172,46,SavedShot,0.74,0.40400001525878904,0.01770012080669403,Mateus Fernandes,h,12948,OpenPlay,2026,LeftFoot,31215,Tottenham,Everton,0,0,2026-09-12 16:30:00,Sandro Tonali,Pass,home
694177,67,BlockedShot,0.885,0.29399999618530276,0.04445628821849823,Sávio,h,11735,OpenPlay,2026,LeftFoot,31215,Tottenham,Everton,0,0,2026-09-12 16:30:00,Mohammed Kudus,Pass,home
694181,79,BlockedShot,0.8019999694824219,0.47099998474121096,0.04891355335712433,Sandro Tonali,h,7958,OpenPlay,2026,RightFoot,31215,Tottenham,Everton,0,0,2026-09-12 16:30:00,Andrew Robertson,Pass,home
694182,79,BlockedShot,0.8769999694824219,0.659000015258789,0.056082554161548615,Sávio,h,11735,OpenPlay,2026,RightFoot,31215,Tottenham,Everton,0,0,2026-09-12 16:30:00,,None,home
694183,84,MissedShots,0.9280000305175782,0.43200000762939456,0.053448792546987534,Archie Gray,h,10184,OpenPlay,2026,Head,31215,Tottenham,Everton,0,0,2026-09-12 16:30:00,Sávio,Aerial,home
694184,88,SavedShot,0.784000015258789,0.495,0.037219829857349396,Lucas Bergvall,h,12912,OpenPlay,2026,RightFoot,31215,Tottenham,Everton,0,0,2026-09-12 16:30:00,Sávio,Pass,home
694185,88,BlockedShot,0.9209999847412109,0.7709999847412109,0.021064618602395058,Mathys Tel,h,9780,FromCorner,2026,RightFoot,31215,Tottenham,Everton,0,0,2026-09-12 16:30:00,,None,home
694165,15,MissedShots,0.7669999694824219,0.49400001525878906,0.020028606057167053,Ainsley Maitland-Niles,a,1750,FromCorner,2026,LeftFoot,31215,Tottenham,Everton,0,0,2026-09-12 16:30:00,,None,away
694166,22,BlockedShot,0.8690000152587891,0.4,0.07559147477149963,Thierno Barry,a,12916,OpenPlay,2026,RightFoot,31215,Tottenham,Everton,0,0,2026-09-12 16:30:00,Ainsley Maitland-Niles,BallTouch,away
694167,23,BlockedShot,0.825999984741211,0.49599998474121093,0.0572478324174881,Kiernan Dewsbury-Hall,a,9739,OpenPlay,2026,LeftFoot,31215,Tottenham,Everton,0,0,2026-09-12 16:30:00,Thierno Barry,Pass,away
694171,45,SavedShot,0.7530000305175781,0.6359999847412109,0.054564401507377625,James Garner,a,7438,DirectFreekick,2026,RightFoot,31215,Tottenham,Everton,0,0,2026-09-12 16:30:00,,Standard,away
694173,49,SavedShot,0.9719999694824218,0.42400001525878905,0.3749332129955292,Thierno Barry,a,12916,OpenPlay,2026,Head,31215,Tottenham,Everton,0,0,2026-09-12 16:30:00,Tyrique George,Cross,away
694174,53,BlockedShot,0.9590000152587891,0.5359999847412109,0.11739462614059448,Thierno Barry,a,12916,OpenPlay,2026,Head,31215,Tottenham,Everton,0,0,2026-09-12 16:30:00,Vitalii Mykolenko,Aerial,away
694175,53,BlockedShot,0.9,0.6759999847412109,0.04332851618528366,Tyrique George,a,12573,FromCorner,2026,LeftFoot,31215,Tottenham,Everton,0,0,2026-09-12 16:30:00,,None,away
694176,64,SavedShot,0.8380000305175781,0.505,0.3385695219039917,Kiernan Dewsbury-Hall,a,9739,OpenPlay,2026,LeftFoot,31215,Tottenham,Everton,0,0,2026-09-12 16:30:00,,BallRecovery,away
694178,71,MissedShots,0.8880000305175781,0.4540000152587891,0.0638616755604744,Thierno Barry,a,12916,OpenPlay,2026,Head,31215,Tottenham,Everton,0,0,2026-09-12 16:30:00,Brennan Johnson,Cross,away
694179,71,BlockedShot,0.9280000305175782,0.4570000076293945,0.06935951113700867,Thierno Barry,a,12916,OpenPlay,2026,Head,31215,Tottenham,Everton,0,0,2026-09-12 16:30:00,Brennan Johnson,Aerial,away
694180,74,MissedShots,0.8580000305175781,0.5270000076293946,0.34610608220100403,Brennan Johnson,a,10760,OpenPlay,2026,RightFoot,31215,Tottenham,Everton,0,0,2026-09-12 16:30:00,Kiernan Dewsbury-Hall,Pass,away
694186,90,BlockedShot,0.8640000152587891,0.6819999694824219,0.03957044333219528,Kiernan Dewsbury-Hall,a,9739,OpenPlay,2026,LeftFoot,31215,Tottenham,Everton,0,0,2026-09-12 16:30:00,Hayden Hackney,Pass,away
694259,5,MissedShots,0.40299999237060546,0.295,0.00938910711556673,Enzo Le Fée,h,8651,OpenPlay,2026,RightFoot,31216,Sunderland,Arsenal,0,2,2026-09-12 19:00:00,Brian Brobbey,BallTouch,home
694262,15,MissedShots,0.9469999694824218,0.3729999923706055,0.02095928229391575,Dan Ballard,h,13715,SetPiece,2026,OtherBodyPart,31216,Sunderland,Arsenal,0,2,2026-09-12 19:00:00,Granit Xhaka,Cross,home
694266,34,BlockedShot,0.75,0.3039999961853027,0.02010498009622097,Nordi Mukiele,h,5659,OpenPlay,2026,RightFoot,31216,Sunderland,Arsenal,0,2,2026-09-12 19:00:00,Kevin Danso,Pass,home
694267,41,BlockedShot,0.8169999694824219,0.4,0.05047112703323364,Thomas Meunier,h,5680,OpenPlay,2026,LeftFoot,31216,Sunderland,Arsenal,0,2,2026-09-12 19:00:00,Enzo Le Fée,Pass,home
694268,43,MissedShots,0.77,0.3270000076293945,0.019380934536457062,Enzo Le Fée,h,8651,FromCorner,2026,LeftFoot,31216,Sunderland,Arsenal,0,2,2026-09-12 19:00:00,Granit Xhaka,Pass,home
694269,46,BlockedShot,0.9080000305175782,0.30700000762939456,0.0513564869761467,Thomas Meunier,h,5680,OpenPlay,2026,RightFoot,31216,Sunderland,Arsenal,0,2,2026-09-12 19:00:00,,None,home
694270,47,MissedShots,0.78,0.6029999923706054,0.029835984110832214,Noah Sadiki,h,13716,OpenPlay,2026,LeftFoot,31216,Sunderland,Arsenal,0,2,2026-09-12 19:00:00,Dan Ballard,Pass,home
694271,55,SavedShot,0.885,0.5,0.7611688375473022,Enzo Le Fée,h,8651,Penalty,2026,RightFoot,31216,Sunderland,Arsenal,0,2,2026-09-12 19:00:00,,Standard,home
694273,63,BlockedShot,0.845,0.3579999923706055,0.04291006922721863,Thomas Meunier,h,5680,SetPiece,2026,RightFoot,31216,Sunderland,Arsenal,0,2,2026-09-12 19:00:00,,None,home
694278,75,BlockedShot,0.9219999694824219,0.54,0.4891440272331238,Nordi Mukiele,h,5659,OpenPlay,2026,RightFoot,31216,Sunderland,Arsenal,0,2,2026-09-12 19:00:00,Enzo Le Fée,Pass,home
694279,82,MissedShots,0.894000015258789,0.49200000762939455,0.09732241183519363,Nordi Mukiele,h,5659,FromCorner,2026,RightFoot,31216,Sunderland,Arsenal,0,2,2026-09-12 19:00:00,,None,home
694280,83,SavedShot,0.9530000305175781,0.5470000076293945,0.4782833456993103,Nordi Mukiele,h,5659,FromCorner,2026,RightFoot,31216,Sunderland,Arsenal,0,2,2026-09-12 19:00:00,Granit Xhaka,Cross,home
694260,6,BlockedShot,0.835999984741211,0.5170000076293946,0.08511591702699661,Riccardo Calafiori,a,8129,OpenPlay,2026,RightFoot,31216,Sunderland,Arsenal,0,2,2026-09-12 19:00:00,Martin Odegaard,Pass,away
694261,12,SavedShot,0.9269999694824219,0.45799999237060546,0.3588208854198456,Bukayo Saka,a,7322,OpenPlay,2026,LeftFoot,31216,Sunderland,Arsenal,0,2,2026-09-12 19:00:00,Declan Rice,Chipped,away
694263,22,MissedShots,0.72,0.615,0.0151820732280612,Gabriel,a,5613,OpenPlay,2026,LeftFoot,31216,Sunderland,Arsenal,0,2,2026-09-12 19:00:00,Declan Rice,Pass,away
694264,30,MissedShots,0.9019999694824219,0.595999984741211,0.3808378577232361,Kai Havertz,a,5220,OpenPlay,2026,LeftFoot,31216,Sunderland,Arsenal,0,2,2026-09-12 19:00:00,Martin Odegaard,Pass,away
694265,32,SavedShot,0.8769999694824219,0.5579999923706055,0.07654721289873123,Kai Havertz,a,5220,OpenPlay,2026,LeftFoot,31216,Sunderland,Arsenal,0,2,2026-09-12 19:00:00,Martin Odegaard,Aerial,away
694272,57,Goal,0.7719999694824219,0.5220000076293946,0.031250499188899994,Bruno Guimarães,a,8327,OpenPlay,2026,RightFoot,31216,Sunderland,Arsenal,0,2,2026-09-12 19:00:00,Declan Rice,Pass,away
694274,71,BlockedShot,0.794000015258789,0.465,0.057811394333839417,Bukayo Saka,a,7322,OpenPlay,2026,LeftFoot,31216,Sunderland,Arsenal,0,2,2026-09-12 19:00:00,Martin Odegaard,Pass,away
694275,73,SavedShot,0.9019999694824219,0.3609999847412109,0.1320675015449524,Bukayo Saka,a,7322,OpenPlay,2026,RightFoot,31216,Sunderland,Arsenal,0,2,2026-09-12 19:00:00,Martin Odegaard,Pass,away
694276,74,MissedShots,0.965999984741211,0.605999984741211,0.03981488570570946,Kai Havertz,a,5220,FromCorner,2026,Head,31216,Sunderland,Arsenal,0,2,2026-09-12 19:00:00,Bukayo Saka,Cross,away
694277,74,MissedShots,0.875999984741211,0.7169999694824218,0.05042922496795654,Bruno Guimarães,a,8327,OpenPlay,2026,RightFoot,31216,Sunderland,Arsenal,0,2,2026-09-12 19:00:00,Kai Havertz,Pass,away
694281,96,Goal,0.885,0.5,0.7611688375473022,Bukayo Saka,a,7322,Penalty,2026,LeftFoot,31216,Sunderland,Arsenal,0,2,2026-09-12 19:00:00,,Standard,away
694489,20,MissedShots,0.8959999847412109,0.6430000305175781,0.09361523389816284,Taiwo Awoniyi,h,7814,OpenPlay,2026,RightFoot,31217,Coventry,Brighton,0,5,2026-09-13 13:00:00,Jack Rudoni,TakeOn,home
694490,20,SavedShot,0.889000015258789,0.5459999847412109,0.10390935838222504,Ephron Mason-Clark,h,14981,OpenPlay,2026,LeftFoot,31217,Coventry,Brighton,0,5,2026-09-13 13:00:00,Taiwo Awoniyi,Rebound,home
694491,22,MissedShots,0.899000015258789,0.5640000152587891,0.033303599804639816,Jack Rudoni,h,14747,OpenPlay,2026,Head,31217,Coventry,Brighton,0,5,2026-09-13 13:00:00,Jay Dasilva,Aerial,home
694492,26,SavedShot,0.9290000152587891,0.43400001525878906,0.3339707553386688,Jack Rudoni,h,14747,OpenPlay,2026,RightFoot,31217,Coventry,Brighton,0,5,2026-09-13 13:00:00,Jay Dasilva,Chipped,home
694493,26,MissedShots,0.9540000152587891,0.575999984741211,0.05050162971019745,Bobby Thomas,h,8483,OpenPlay,2026,Head,31217,Coventry,Brighton,0,5,2026-09-13 13:00:00,,Rebound,home
694494,31,SavedShot,0.85,0.35400001525878905,0.04409420117735863,Frank Onyeka,h,9681,SetPiece,2026,RightFoot,31217,Coventry,Brighton,0,5,2026-09-13 13:00:00,,None,home
694495,32,MissedShots,0.8980000305175782,0.485,0.020081235095858574,Bobby Thomas,h,8483,FromCorner,2026,Head,31217,Coventry,Brighton,0,5,2026-09-13 13:00:00,Jack Rudoni,Aerial,home
694498,37,BlockedShot,0.9630000305175781,0.544000015258789,0.13558629155158997,Ephron Mason-Clark,h,14981,OpenPlay,2026,RightFoot,31217,Coventry,Brighton,0,5,2026-09-13 13:00:00,Jack Rudoni,Pass,home
694499,38,MissedShots,0.8809999847412109,0.5690000152587891,0.027550620958209038,Ethan Pinnock,h,9678,FromCorner,2026,Head,31217,Coventry,Brighton,0,5,2026-09-13 13:00:00,,TakeOn,home
694500,41,BlockedShot,0.7680000305175781,0.4829999923706055,0.028352288529276848,Matt Grimes,h,1045,OpenPlay,2026,LeftFoot,31217,Coventry,Brighton,0,5,2026-09-13 13:00:00,,None,home
694504,45,SavedShot,0.8580000305175781,0.5279999923706055,0.07691387832164764,Ephron Mason-Clark,h,14981,OpenPlay,2026,RightFoot,31217,Coventry,Brighton,0,5,2026-09-13 13:00:00,Jack Rudoni,Pass,home
694508,77,SavedShot,0.884000015258789,0.39099998474121095,0.07092874497175217,Brandon Thomas-Asante,h,14745,OpenPlay,2026,RightFoot,31217,Coventry,Brighton,0,5,2026-09-13 13:00:00,Aurèle Amenda,BallTouch,home
694511,81,MissedShots,0.8619999694824219,0.575999984741211,0.025589922443032265,Bobby Thomas,h,8483,OpenPlay,2026,Head,31217,Coventry,Brighton,0,5,2026-09-13 13:00:00,Milan van Ewijk,Aerial,home
694516,92,SavedShot,0.7859999847412109,0.385,0.030319441109895706,Brandon Thomas-Asante,h,14745,OpenPlay,2026,RightFoot,31217,Coventry,Brighton,0,5,2026-09-13 13:00:00,Caleb Yirenkyi,Pass,home
694482,5,MissedShots,0.904000015258789,0.3679999923706055,0.07222168892621994,Diego Gómez,a,13364,OpenPlay,2026,RightFoot,31217,Coventry,Brighton,0,5,2026-09-13 13:00:00,,None,away
694483,8,BlockedShot,0.745999984741211,0.6840000152587891,0.013900995254516602,Yasin Ayari,a,11385,OpenPlay,2026,RightFoot,31217,Coventry,Brighton,0,5,2026-09-13 13:00:00,Maxim De Cuyper,Pass,away
694484,10,MissedShots,0.9030000305175782,0.5229999923706055,0.10078267753124237,Charalampos Kostoulas,a,14118,SetPiece,2026,Head,31217,Coventry,Brighton,0,5,2026-09-13 13:00:00,Pascal Groß,Cross,away
694485,12,MissedShots,0.44099998474121094,0.47400001525878904,0.009679523296654224,Olivier Boscagli,a,3645,OpenPlay,2026,LeftFoot,31217,Coventry,Brighton,0,5,2026-09-13 13:00:00,Malick Yalcouyé,BallRecovery,away
694486,16,BlockedShot,0.874000015258789,0.4640000152587891,0.11462853103876114,Malick Yalcouyé,a,14856,OpenPlay,2026,RightFoot,31217,Coventry,Brighton,0,5,2026-09-13 13:00:00,Ferdi Kadioglu,Pass,away
694487,16,MissedShots,0.9480000305175781,0.37400001525878906,0.3212198317050934,Charalampos Kostoulas,a,14118,OpenPlay,2026,RightFoot,31217,Coventry,Brighton,0,5,2026-09-13 13:00:00,,Rebound,away
694488,17,SavedShot,0.915,0.5890000152587891,0.145358145236969,Malick Yalcouyé,a,14856,OpenPlay,2026,RightFoot,31217,Coventry,Brighton,0,5,2026-09-13 13:00:00,Maxim De Cuyper,TakeOn,away
694496,34,Goal,0.9130000305175782,0.35400001525878905,0.35207563638687134,Charalampos Kostoulas,a,14118,OpenPlay,2026,RightFoot,31217,Coventry,Brighton,0,5,2026-09-13 13:00:00,Pascal Groß,TakeOn,away
694497,36,MissedShots,0.7569999694824219,0.600999984741211,0.024103153496980667,Pascal Groß,a,239,OpenPlay,2026,RightFoot,31217,Coventry,Brighton,0,5,2026-09-13 13:00:00,Olivier Boscagli,Pass,away
694501,45,BlockedShot,0.8640000152587891,0.48700000762939455,0.09791193902492523,Luka Vuskovic,a,13725,OpenPlay,2026,RightFoot,31217,Coventry,Brighton,0,5,2026-09-13 13:00:00,,None,away
694502,45,BlockedShot,0.855,0.315,0.05674611032009125,Diego Gómez,a,13364,OpenPlay,2026,RightFoot,31217,Coventry,Brighton,0,5,2026-09-13 13:00:00,,BlockedPass,away
694503,46,MissedShots,0.9209999847412109,0.64,0.024772649630904198,Luka Vuskovic,a,13725,SetPiece,2026,Head,31217,Coventry,Brighton,0,5,2026-09-13 13:00:00,Pascal Groß,Cross,away
694505,50,Goal,0.8830000305175781,0.6270000076293946,0.2705610990524292,Malick Yalcouyé,a,14856,OpenPlay,2026,RightFoot,31217,Coventry,Brighton,0,5,2026-09-13 13:00:00,Maxim De Cuyper,BallRecovery,away
694506,69,Goal,0.885,0.5,0.7611688375473022,Pascal Groß,a,239,Penalty,2026,RightFoot,31217,Coventry,Brighton,0,5,2026-09-13 13:00:00,,Standard,away
694507,73,MissedShots,0.534000015258789,0.33599998474121096,0.008933259174227715,Chema Andres,a,13078,OpenPlay,2026,RightFoot,31217,Coventry,Brighton,0,5,2026-09-13 13:00:00,,BallRecovery,away
694509,80,BlockedShot,0.8919999694824219,0.6990000152587891,0.07045881450176239,Ibrahim Osman,a,13792,OpenPlay,2026,RightFoot,31217,Coventry,Brighton,0,5,2026-09-13 13:00:00,Pascal Groß,Pass,away
694510,80,SavedShot,0.914000015258789,0.49900001525878906,0.1450478434562683,Yasin Ayari,a,11385,OpenPlay,2026,RightFoot,31217,Coventry,Brighton,0,5,2026-09-13 13:00:00,,Rebound,away
694512,82,Goal,0.7319999694824219,0.44299999237060544,0.020308176055550575,Lewis Dunk,a,6048,OpenPlay,2026,RightFoot,31217,Coventry,Brighton,0,5,2026-09-13 13:00:00,Chema Andres,Pass,away
694513,85,MissedShots,0.865999984741211,0.6959999847412109,0.06564544886350632,Ibrahim Osman,a,13792,OpenPlay,2026,RightFoot,31217,Coventry,Brighton,0,5,2026-09-13 13:00:00,Maxim De Cuyper,Pass,away
694514,88,MissedShots,0.75,0.46900001525878904,0.029219595715403557,Maxim De Cuyper,a,13711,OpenPlay,2026,LeftFoot,31217,Coventry,Brighton,0,5,2026-09-13 13:00:00,Matt O&#039;Riley,Pass,away
694515,90,MissedShots,0.745999984741211,0.5209999847412109,0.03589382395148277,Yasin Ayari,a,11385,OpenPlay,2026,RightFoot,31217,Coventry,Brighton,0,5,2026-09-13 13:00:00,Pascal Groß,Pass,away
694517,93,Goal,0.8090000152587891,0.545,0.07158660143613815,Yasin Ayari,a,11385,OpenPlay,2026,RightFoot,31217,Coventry,Brighton,0,5,2026-09-13 13:00:00,Pascal Groß,Pass,away
694675,6,SavedShot,0.805,0.664000015258789,0.024897199124097824,Lisandro Martínez,h,10802,SetPiece,2026,LeftFoot,31218,Manchester United,Manchester City,0,1,2026-09-13 15:30:00,Patrick Dorgu,Pass,home
694676,10,MissedShots,0.7569999694824219,0.27799999237060546,0.033568739891052246,Matheus Cunha,h,7080,OpenPlay,2026,RightFoot,31218,Manchester United,Manchester City,0,1,2026-09-13 15:30:00,Marcus Rashford,Pass,home
694677,20,BlockedShot,0.8619999694824219,0.6419999694824219,0.07172597944736481,Marcus Rashford,h,556,OpenPlay,2026,RightFoot,31218,Manchester United,Manchester City,0,1,2026-09-13 15:30:00,Matheus Cunha,Pass,home
694679,41,MissedShots,0.755,0.25299999237060544,0.01204543374478817,Harry Maguire,h,1687,OpenPlay,2026,RightFoot,31218,Manchester United,Manchester City,0,1,2026-09-13 15:30:00,Diogo Dalot,Pass,home
694680,44,ShotOnPost,0.7219999694824218,0.5559999847412109,0.04606293514370918,Marcus Rashford,h,556,DirectFreekick,2026,RightFoot,31218,Manchester United,Manchester City,0,1,2026-09-13 15:30:00,,Standard,home
694681,46,MissedShots,0.7680000305175781,0.4829999923706055,0.020177239552140236,Diogo Dalot,h,7281,FromCorner,2026,RightFoot,31218,Manchester United,Manchester City,0,1,2026-09-13 15:30:00,,None,home
694682,50,ShotOnPost,0.7659999847412109,0.5790000152587891,0.02268391102552414,Kobbie Mainoo,h,11174,OpenPlay,2026,RightFoot,31218,Manchester United,Manchester City,0,1,2026-09-13 15:30:00,Bruno Fernandes,Pass,home
694683,51,BlockedShot,0.9409999847412109,0.6830000305175781,0.0973280668258667,Marcus Rashford,h,556,OpenPlay,2026,LeftFoot,31218,Manchester United,Manchester City,0,1,2026-09-13 15:30:00,Kobbie Mainoo,Pass,home
694684,54,MissedShots,0.8130000305175781,0.2720000076293945,0.024167703464627266,Bryan Mbeumo,h,6552,OpenPlay,2026,LeftFoot,31218,Manchester United,Manchester City,0,1,2026-09-13 15:30:00,Youri Tielemans,Pass,home
694685,55,MissedShots,0.850999984741211,0.3129999923706055,0.04503127560019493,Matheus Cunha,h,7080,OpenPlay,2026,RightFoot,31218,Manchester United,Manchester City,0,1,2026-09-13 15:30:00,Bryan Mbeumo,Pass,home
694688,69,SavedShot,0.784000015258789,0.26899999618530274,0.01904783770442009,Bruno Fernandes,h,1228,OpenPlay,2026,RightFoot,31218,Manchester United,Manchester City,0,1,2026-09-13 15:30:00,Kobbie Mainoo,Pass,home
694689,70,BlockedShot,0.7430000305175781,0.5540000152587891,0.038653116673231125,Benjamin Sesko,h,11974,OpenPlay,2026,RightFoot,31218,Manchester United,Manchester City,0,1,2026-09-13 15:30:00,,BallRecovery,home
694690,72,MissedShots,0.9109999847412109,0.44,0.03936776891350746,Bryan Mbeumo,h,6552,OpenPlay,2026,Head,31218,Manchester United,Manchester City,0,1,2026-09-13 15:30:00,,Aerial,home
694693,85,BlockedShot,0.7659999847412109,0.5540000152587891,0.028872916474938393,Matheus Cunha,h,7080,OpenPlay,2026,RightFoot,31218,Manchester United,Manchester City,0,1,2026-09-13 15:30:00,Kobbie Mainoo,Pass,home
694694,85,MissedShots,0.9180000305175782,0.5370000076293945,0.03639351204037666,Harry Maguire,h,1687,FromCorner,2026,Head,31218,Manchester United,Manchester City,0,1,2026-09-13 15:30:00,Bryan Mbeumo,Aerial,home
694695,94,SavedShot,0.8809999847412109,0.425,0.38338276743888855,Bryan Mbeumo,h,6552,OpenPlay,2026,RightFoot,31218,Manchester United,Manchester City,0,1,2026-09-13 15:30:00,,None,home
694674,2,BlockedShot,0.7930000305175782,0.5670000076293945,0.04192648082971573,Enzo Fernández,a,11356,OpenPlay,2026,LeftFoot,31218,Manchester United,Manchester City,0,1,2026-09-13 15:30:00,Phil Foden,Pass,away
694678,26,BlockedShot,0.7980000305175782,0.52,0.017668453976511955,Mathis Cherki,a,8094,FromCorner,2026,LeftFoot,31218,Manchester United,Manchester City,0,1,2026-09-13 15:30:00,,Aerial,away
694686,59,Goal,0.975,0.4329999923706055,0.5806290507316589,Erling Haaland,a,8260,OpenPlay,2026,LeftFoot,31218,Manchester United,Manchester City,0,1,2026-09-13 15:30:00,,None,away
694687,68,SavedShot,0.8119999694824219,0.519000015258789,0.10276947915554047,Enzo Fernández,a,11356,OpenPlay,2026,RightFoot,31218,Manchester United,Manchester City,0,1,2026-09-13 15:30:00,Antoine Semenyo,Pass,away
694691,75,MissedShots,0.91,0.5209999847412109,0.3822433650493622,Erling Haaland,a,8260,SetPiece,2026,LeftFoot,31218,Manchester United,Manchester City,0,1,2026-09-13 15:30:00,Enzo Fernández,Cross,away
694692,82,BlockedShot,0.7419999694824219,0.5790000152587891,0.015497304499149323,Josko Gvardiol,a,9790,FromCorner,2026,RightFoot,31218,Manchester United,Manchester City,0,1,2026-09-13 15:30:00,,None,away
695016,10,BlockedShot,0.79,0.539000015258789,0.030708329752087593,Ethan Ampadu,h,6369,OpenPlay,2026,RightFoot,31219,Leeds,Newcastle United,4,1,2026-09-14 19:00:00,Anton Stach,Pass,home
695017,13,SavedShot,0.9519999694824218,0.4540000152587891,0.12918546795845032,Jayden Bogle,h,9205,OpenPlay,2026,LeftFoot,31219,Leeds,Newcastle United,4,1,2026-09-14 19:00:00,James Justin,HeadPass,home
695018,24,SavedShot,0.8469999694824218,0.27600000381469725,0.021114017814397812,Jayden Bogle,h,9205,FromCorner,2026,RightFoot,31219,Leeds,Newcastle United,4,1,2026-09-14 19:00:00,,None,home
695019,26,MissedShots,0.9519999694824218,0.325,0.06441646814346313,Nico Elvedi,h,212,OpenPlay,2026,RightFoot,31219,Leeds,Newcastle United,4,1,2026-09-14 19:00:00,Anton Stach,HeadPass,home
695020,27,BlockedShot,0.7809999847412109,0.7569999694824219,0.03813903033733368,Noah Okafor,h,11966,OpenPlay,2026,RightFoot,31219,Leeds,Newcastle United,4,1,2026-09-14 19:00:00,Anton Stach,Pass,home
695021,31,BlockedShot,0.8130000305175781,0.500999984741211,0.060482900589704514,Ao Tanaka,h,13834,OpenPlay,2026,RightFoot,31219,Leeds,Newcastle United,4,1,2026-09-14 19:00:00,Noah Okafor,Pass,home
695023,33,BlockedShot,0.919000015258789,0.48400001525878905,0.06861258298158646,Dominic Calvert-Lewin,h,5555,OpenPlay,2026,Head,31219,Leeds,Newcastle United,4,1,2026-09-14 19:00:00,James Justin,Aerial,home
695024,33,Goal,0.924000015258789,0.49200000762939455,0.08016899973154068,Jayden Bogle,h,9205,OpenPlay,2026,Head,31219,Leeds,Newcastle United,4,1,2026-09-14 19:00:00,Dominic Calvert-Lewin,None,home
695025,37,SavedShot,0.960999984741211,0.5420000076293945,0.7352690100669861,Dominic Calvert-Lewin,h,5555,OpenPlay,2026,RightFoot,31219,Leeds,Newcastle United,4,1,2026-09-14 19:00:00,,None,home
695026,37,MissedShots,0.8590000152587891,0.5170000076293946,0.029001515358686447,Dominic Calvert-Lewin,h,5555,OpenPlay,2026,Head,31219,Leeds,Newcastle United,4,1,2026-09-14 19:00:00,Jayden Bogle,Cross,home
695028,45,Goal,0.9119999694824219,0.590999984741211,0.4843495786190033,Dominic Calvert-Lewin,h,5555,OpenPlay,2026,RightFoot,31219,Leeds,Newcastle United,4,1,2026-09-14 19:00:00,Tarik Muharemovic,TakeOn,home
695030,54,MissedShots,0.9,0.37599998474121094,0.41770607233047485,Anton Stach,h,9910,OpenPlay,2026,LeftFoot,31219,Leeds,Newcastle United,4,1,2026-09-14 19:00:00,,BallRecovery,home
695031,58,Goal,0.8469999694824218,0.66,0.05295500531792641,Noah Okafor,h,11966,OpenPlay,2026,LeftFoot,31219,Leeds,Newcastle United,4,1,2026-09-14 19:00:00,,None,home
695036,84,BlockedShot,0.7909999847412109,0.620999984741211,0.04158976674079895,Daniel James,h,5595,OpenPlay,2026,RightFoot,31219,Leeds,Newcastle United,4,1,2026-09-14 19:00:00,Melvin Bard,BallRecovery,home
695038,93,MissedShots,0.8119999694824219,0.6090000152587891,0.03650560602545738,Daniel James,h,5595,OpenPlay,2026,LeftFoot,31219,Leeds,Newcastle United,4,1,2026-09-14 19:00:00,,TakeOn,home
695022,31,OwnGoal,0.14699999809265138,0.46599998474121096,0,Lewis Miley,a,11386,OpenPlay,2026,LeftFoot,31219,Leeds,Newcastle United,4,1,2026-09-14 19:00:00,,BallTouch,away
695027,40,SavedShot,0.9119999694824219,0.5890000152587891,0.5448276400566101,Harvey Barnes,a,6681,OpenPlay,2026,LeftFoot,31219,Leeds,Newcastle United,4,1,2026-09-14 19:00:00,Yoane Wissa,BallTouch,away
695029,53,SavedShot,0.79,0.7230000305175781,0.012635965831577778,Lewis Hall,a,10216,OpenPlay,2026,LeftFoot,31219,Leeds,Newcastle United,4,1,2026-09-14 19:00:00,Matias Fernandez-Pardo,Pass,away
695032,64,SavedShot,0.7559999847412109,0.6790000152587891,0.015130631625652313,Harvey Barnes,a,6681,OpenPlay,2026,RightFoot,31219,Leeds,Newcastle United,4,1,2026-09-14 19:00:00,Joe Willock,Pass,away
695033,71,MissedShots,0.91,0.5120000076293946,0.05326884984970093,Yoane Wissa,a,5786,OpenPlay,2026,Head,31219,Leeds,Newcastle United,4,1,2026-09-14 19:00:00,Harvey Barnes,Chipped,away
695034,71,ShotOnPost,0.9830000305175781,0.6029999923706054,0.06612703949213028,Joe Willock,a,6630,OpenPlay,2026,LeftFoot,31219,Leeds,Newcastle United,4,1,2026-09-14 19:00:00,Yoane Wissa,Rebound,away
695035,76,SavedShot,0.785,0.7290000152587891,0.019335178658366203,Joe Willock,a,6630,OpenPlay,2026,RightFoot,31219,Leeds,Newcastle United,4,1,2026-09-14 19:00:00,Sean Steur,Pass,away
695037,89,Goal,0.91,0.5429999923706055,0.08536180853843689,Bazoumana Touré,a,13427,OpenPlay,2026,LeftFoot,31219,Leeds,Newcastle United,4,1,2026-09-14 19:00:00,,None,away
